"id_num","id","breedyear","breedyr_num","Pnum","breed_nestbox","breedbox_num","adultweight","april_laydate","breed_meantemp","breed_meanrain","num_chicks","age_years","sex_num","context_id"
1,"BA73158",1984,2,"19841P11","P11",710,18.7,32,11.234375,3.84625,6,1,0,1
2,"BA73160",1984,2,"19841EX79","EX79",478,21.3,52,15.74375,1.21625,6,1,1,1
2,"BA73160",1985,3,"19851EX79","EX79",478,20.3,32,12.7875,2.30875,7,2,1,2
3,"BA73166",1984,2,"19841B217","B217",105,17.8,37,12.178125,2.9025,5,1,0,1
3,"BA73166",1985,3,"19851B196","B196",86,18.4,22,12.30625,2.31,8,2,0,2
4,"BS44641",2008,26,"20081C7","C7",304,18.3,15,14.125,0.36375,5,1,1,82
5,"NC09580",1984,2,"19841B106","B106",9,19.2,37,12.178125,2.9025,6,1,0,1
6,"NC10769",1986,4,"19861EX43C","EX43C",416,19.8,42,13.078125,1.06875,9,1,0,8
7,"NC10773",1986,4,"19861SW112","SW112",746,18.8,38,11.621875,1.41875,9,1,0,8
8,"NC10776",1986,4,"19861SW16","SW16",773,19.6,43,13.234375,0.88125,9,1,1,8
8,"NC10776",1987,5,"19871SW130","SW130",766,18.7,25,11.353125,1.22125,11,2,1,9
9,"NC10787",1986,4,"19861EX55","EX55",440,19.3,31,11.328125,1.1875,9,1,0,8
9,"NC10787",1987,5,"19871EX55","EX55",440,19.2,15,9.5375,1.65375,10,2,0,9
9,"NC10787",1988,6,"19881EX55","EX55",440,19.1,21,11.803125,1.0725,7,3,0,10
10,"NC10792",1986,4,"19861C52","C52",291,19.8,36,11.275,1.00625,6,1,1,8
10,"NC10792",1987,5,"19871C57","C57",296,20.2,21,9.428125,1.85875,8,2,1,9
10,"NC10792",1988,6,"19881C52","C52",291,20.6,32,11.4625,1.793125,5,3,1,10
11,"NC10793",1986,4,"19861C62","C62",302,20,35,11.303125,1.5125,8,1,1,8
12,"NC10799",1986,4,"19861C5","C5",288,18.5,38,11.621875,1.41875,9,1,1,8
13,"NC11332",2008,26,"20081SW53","SW53",814,17.2,32,13.321875,4.096875,7,1,1,82
14,"NE93611",1985,3,"19851EX32","EX32",389,17.9,19,11.98125,3.89375,11,1,0,5
14,"NE93611",1986,4,"19861EX18A","EX18A",372,18.9,32,11.3625,1.4875,11,2,0,6
15,"NE93624",1985,3,"19851EX60","EX60",447,18,23,12.30625,2.31,9,1,1,5
16,"NE93650",1987,5,"19871CP9","CP9",356,18.3,18,9.11875,1.89625,11,1,1,12
16,"NE93650",1989,7,"19891CP10","CP10",309,18.9,17,13.478125,1.025,7,3,1,14
17,"NE93751",1984,2,"19841O52","O52",659,21,37,11.95625,3.48375,7,1,1,1
18,"NE95869",1984,2,"19841CP1","CP1",308,18.8,36,13.1,2.18375,8,1,0,1
18,"NE95869",1985,3,"19851CP4","CP4",344,18.2,24,12.503125,1.840625,10,2,0,2
19,"NE95870",1984,2,"19841CP38A","CP38A",342,19.6,32,11.075,4.835,9,1,1,1
20,"NE95903",1984,2,"19841W38","W38",895,18.4,34,11.68125,3.88375,8,1,0,1
21,"NE95906",1984,2,"19841W98","W98",960,18,33,11.534375,3.87125,6,1,1,1
21,"NE95906",1985,3,"19851W97","W97",959,19.1,36,12.109375,3.7125,8,2,1,2
21,"NE95906",1986,4,"19861W99","W99",961,17.8,36,11.3625,1.4875,9,3,1,3
22,"NE95928",1984,2,"19841W34","W34",891,19.7,35,12.678125,2.165,8,1,1,1
22,"NE95928",1986,4,"19861W40","W40",897,20.7,39,11.303125,1.5125,6,3,1,3
22,"NE95928",1987,5,"19871W33","W33",890,19.9,23,10.021875,1.286875,6,4,1,4
23,"NE95935",1986,4,"19861O64","O64",673,17.4,40,13.309375,1,9,3,0,3
23,"NE95935",1987,5,"19871O71","O71",681,17.3,22,10.021875,1.286875,8,4,0,4
24,"NE95936",1984,2,"19841EX11","EX11",360,19.7,35,13.1,2.18375,11,1,1,1
24,"NE95936",1985,3,"19851EX13","EX13",363,20,17,11.98125,3.89375,12,2,1,2
25,"NE96051",1988,6,"19881MP29","MP29",512,19.1,31,11.2875,1.3575,6,2,1,13
25,"NE96051",1989,7,"19891MP82","MP82",571,19.5,17,13.6375,1.025,11,3,1,14
26,"NE96060",1987,5,"19871MP43","MP43",528,18.4,18,9.11875,1.89625,12,1,1,12
27,"NE96074",1987,5,"19871MP86","MP86",575,19.5,21,12.0875,1.98375,16,1,1,12
27,"NE96074",1988,6,"19881MP34","MP34",518,19.4,21,12,0.9425,6,2,1,13
28,"NE96075",1987,5,"19871MP83","MP83",572,17.3,19,9.625,1.759375,7,1,1,12
29,"NE96076",1987,5,"19871C106","C106",190,17.4,31,12.265625,1.85375,12,1,0,12
30,"NE96082",1987,5,"19871MP3","MP3",513,17.3,20,9.625,1.759375,11,1,1,12
31,"NE96083",1987,5,"19871MP55","MP55",541,18.1,20,9.428125,1.85875,10,1,0,12
32,"NE96084",1987,5,"19871B51","B51",140,18.9,21,9.753125,1.635,9,1,1,12
33,"NE96665",1984,2,"19841C16","C16",243,18.7,44,13.55625,2.18375,7,1,1,1
34,"NE96666",1984,2,"19841C49","C49",287,18.2,45,14.615625,1.216875,10,1,1,1
35,"NE96707",1984,2,"19841EX62F","EX62F",455,18.5,45,15.54375,1.24125,10,1,0,1
36,"NE96713",1984,2,"19841C24","C24",257,18.7,35,11.675,3.87125,6,1,1,1
36,"NE96713",1985,3,"19851C120","C120",205,18.4,34,12.984375,3.495625,8,2,1,2
37,"NE96741",1984,2,"19841SW120","SW120",755,18,44,14.615625,1.216875,6,1,0,1
38,"NE96761",1984,2,"19841O38B","O38B",643,17.5,43,15.54375,1.24125,10,1,0,1
39,"NE96827",1986,4,"19861SW10","SW10",731,17.5,38,11.621875,1.41875,8,1,0,8
40,"NE96832",1987,5,"19871W64","W64",925,18,23,10.021875,1.286875,10,2,1,9
41,"NE96849",1986,4,"19861CP37","CP37",340,18.2,32,11.290625,1.00625,10,1,1,8
42,"NE96858",1986,4,"19861O19","O19",619,19,36,12.50625,1.25625,10,3,1,3
42,"NE96858",1987,5,"19871O20","O20",621,18.6,20,9.625,1.759375,11,4,1,4
43,"NE96929",1984,2,"19841W75","W75",938,17.9,41,13.81875,2.1525,8,1,1,1
43,"NE96929",1985,3,"19851W75","W75",938,17.3,22,12.384375,2.31,11,2,1,2
43,"NE96929",1986,4,"19861W83","W83",947,17.7,35,11.621875,1.41875,10,3,1,3
43,"NE96929",1987,5,"19871W76","W76",940,18.3,23,10.021875,1.286875,10,4,1,4
44,"NE96958",1984,2,"19841SW17","SW17",774,18.4,35,13.1,2.18375,7,1,0,1
45,"NE96968",1985,3,"19851CP40A","CP40A",346,17.7,23,12.290625,2.31625,8,2,1,2
46,"NE96969",1986,4,"19861B195","B195",85,18.1,35,11.209375,1.5125,7,3,0,3
46,"NE96969",1987,5,"19871B226","B226",113,18,20,9.428125,1.85875,10,4,0,4
47,"NE96970",1984,2,"19841EX30","EX30",386,19.2,53,15.4375,0.8925,7,1,1,1
48,"NE96978",1985,3,"19851CP43","CP43",349,17.9,22,12.096875,3.655625,10,2,0,2
49,"NK59017",1984,2,"19841O38B","O38B",643,17.9,43,15.54375,1.24125,10,1,1,1
50,"NK59072",1984,2,"19841O49","O49",655,16.1,40,13.44375,2.18375,7,1,0,1
50,"NK59072",1986,4,"19861O59","O59",666,18.3,38,13.078125,1.06875,8,3,0,3
50,"NK59072",1987,5,"19871O59","O59",666,17.8,23,10.35,1.1875,9,4,0,4
51,"NK59088",1984,2,"19841O8","O8",694,17.5,33,11.95625,3.48375,7,1,0,1
52,"NK59101",1984,2,"19841C50","C50",289,18.4,24,10.634375,3.84375,7,1,1,1
53,"NK59115",1985,3,"19851EX68","EX68",464,18.2,32,12.7,3.833125,11,2,0,2
54,"NK59135",1984,2,"19841EX81A","EX81A",481,19.2,32,11.675,3.87125,6,1,1,1
55,"NK59160",1984,2,"19841O15","O15",615,19.4,47,14.996875,1.191875,8,1,1,1
56,"NK59169",1984,2,"19841B194A","B194A",84,17.2,54,15.4375,0.8925,6,1,1,1
57,"NK59196",1984,2,"19841C3A","C3A",276,18.2,28,10.95,5.22875,4,1,1,1
58,"NK59205",1985,3,"19851EX44","EX44",419,17.5,21,12.096875,3.655625,11,2,0,2
58,"NK59205",1986,4,"19861EX42A","EX42A",412,18.2,34,11.209375,1.5125,10,3,0,3
58,"NK59205",1987,5,"19871EX49A","EX49A",427,18.9,22,9.753125,1.635,9,4,0,4
59,"NK59221",1984,2,"19841EX78","EX78",477,17.1,39,13.1,2.18375,7,1,1,1
59,"NK59221",1986,4,"19861EX78","EX78",477,17.1,34,11.209375,1.5125,9,3,1,3
60,"NK59222",1984,2,"19841O1","O1",588,17.3,37,12.178125,2.9025,9,1,1,1
61,"NK59246",1984,2,"19841W73","W73",936,19.2,31,11.675,3.87125,10,1,0,1
61,"NK59246",1985,3,"19851W73","W73",936,18.2,23,12.384375,2.31,10,2,0,2
61,"NK59246",1986,4,"19861W83","W83",947,19.6,35,11.621875,1.41875,10,3,0,3
61,"NK59246",1987,5,"19871W78","W78",942,19.1,21,10.021875,1.286875,11,4,0,4
62,"NK59395",1984,2,"19841EX19A","EX19A",374,17.9,34,11.675,3.87125,8,1,0,1
63,"NK59416",1984,2,"19841B162","B162",59,18.1,31,11.68125,3.88375,7,1,0,1
63,"NK59416",1985,3,"19851B63","B63",150,17.4,19,11.98125,3.89375,9,2,0,2
64,"NK59434",1984,2,"19841W37","W37",894,18.9,35,11.95625,3.48375,7,1,0,1
64,"NK59434",1985,3,"19851EX16","EX16",369,18.3,29,12.984375,3.495625,10,2,0,2
65,"NK59437",1984,2,"19841EX76","EX76",475,18.2,47,14.996875,1.191875,9,1,1,1
66,"NK59438",1984,2,"19841O16","O16",616,19.6,36,12.178125,2.9025,7,1,1,1
66,"NK59438",1986,4,"19861O16","O16",616,18.9,35,16.36875,0.7375,4,3,1,3
67,"NK59440",1986,4,"19861O58","O58",665,17.8,34,11.3625,1.4875,5,3,0,3
68,"NK59450",1986,4,"19861O81","O81",696,18.4,32,11.3625,1.4875,11,3,0,3
68,"NK59450",1987,5,"19871O78","O78",692,18.3,21,10.759375,1.094375,11,4,0,4
69,"NK59453",1985,3,"19851EX47A","EX47A",423,18.7,24,12.30625,2.31,9,2,1,2
70,"NK59460",1984,2,"19841EX85","EX85",483,17.4,44,14.221875,1.5975,8,1,0,1
70,"NK59460",1986,4,"19861O93","O93",704,16.5,48,13.9875,0.55625,10,3,0,3
71,"NK59464",1984,2,"19841CP1","CP1",308,18.3,36,13.1,2.18375,8,1,1,1
72,"NK59465",1984,2,"19841W38","W38",895,18.8,34,11.68125,3.88375,8,1,1,1
73,"NK59475",1984,2,"19841W49","W49",905,19.9,38,11.95625,3.48375,5,1,1,1
74,"NK59498",1985,3,"19851EX8A","EX8A",487,18.1,20,12.290625,2.31625,12,2,1,2
74,"NK59498",1986,4,"19861EX38A","EX38A",398,18.7,37,12.03125,1.3375,8,3,1,3
74,"NK59498",1987,5,"19871EX38A","EX38A",398,18.2,19,9.11875,1.89625,10,4,1,4
75,"NK59762",1984,2,"19841W45","W45",902,20.7,31,11.534375,3.87125,9,1,0,1
76,"NK59779",1984,2,"19841EX13A","EX13A",364,18.5,34,11.534375,3.87125,6,1,0,1
76,"NK59779",1985,3,"19851EX13A","EX13A",364,17.2,21,12.30625,2.31,12,2,0,2
77,"NK59785",1985,3,"19851B79A","B79A",164,19.1,29,13.021875,2.320625,8,2,1,2
77,"NK59785",1986,4,"19861B179","B179",72,19.3,39,13.078125,1.06875,10,3,1,3
78,"NK59807",1984,2,"19841EX64","EX64",460,18.9,38,14.221875,1.5975,7,1,1,1
79,"NK59814",1984,2,"19841W45","W45",902,18.6,31,11.534375,3.87125,9,1,1,1
80,"NK59818",1984,2,"19841W99A","W99A",962,18.1,33,11.68125,3.88375,10,1,0,1
81,"NK59851",1984,2,"19841C16","C16",243,18,44,13.55625,2.18375,7,1,0,1
82,"NK59853",1984,2,"19841W104","W104",865,20.1,35,11.68125,3.88375,8,1,0,1
83,"NK59887",1984,2,"19841SW37","SW37",795,18.8,37,13.55625,2.18375,6,1,0,1
84,"NK59901",1984,2,"19841EX48A","EX48A",425,17.5,37,13.1,2.18375,8,1,0,1
85,"NK59909",1984,2,"19841B20","B20",90,17.5,41,13.81875,2.1525,10,1,0,1
86,"NK59910",1985,3,"19851CP40","CP40",345,18.9,25,12.290625,2.31625,7,2,1,2
86,"NK59910",1986,4,"19861CP40A","CP40A",346,20.2,38,11.303125,1.5125,7,3,1,3
87,"NK59930",1984,2,"19841W75A","W75A",939,19.2,32,11.675,3.87125,7,1,0,1
88,"NK59935",1984,2,"19841EX26","EX26",380,19.8,33,13.1,2.18375,8,1,1,1
89,"NK59938",1984,2,"19841W51","W51",910,20.1,37,11.675,3.87125,5,1,1,1
90,"NK59939",1984,2,"19841O8","O8",694,19.1,33,11.95625,3.48375,7,1,1,1
91,"NK59969",1984,2,"19841O2","O2",620,19.2,32,11.95625,3.48375,9,1,0,1
91,"NK59969",1987,5,"19871O11","O11",600,19.5,20,9.625,1.759375,11,4,0,4
92,"NK59983",1984,2,"19841W34","W34",891,18.1,35,12.678125,2.165,8,1,0,1
93,"NK59995",1984,2,"19841P11","P11",710,18.3,32,11.234375,3.84625,6,1,1,1
94,"NK59999",1984,2,"19841EX35","EX35",393,20,39,13.1,2.18375,8,1,1,1
94,"NK59999",1985,3,"19851EX35A","EX35A",394,18.8,22,12.384375,2.31,10,2,1,2
95,"NN30004",1986,4,"19861EX41D","EX41D",409,19.2,44,13.9875,0.55625,9,3,1,3
96,"NN30020",1984,2,"19841W68","W68",931,18.1,31,11.534375,3.87125,10,1,0,1
97,"NN30039",1984,2,"19841W97","W97",959,18.8,41,13.55625,2.18375,6,1,0,1
98,"NN30058",1984,2,"19841EX26","EX26",380,18.7,33,13.1,2.18375,8,1,0,1
99,"NN30072",1984,2,"19841W49","W49",905,18.8,38,11.95625,3.48375,5,1,0,1
100,"NN30074",1984,2,"19841W4A","W4A",906,19.3,36,12.678125,2.165,8,1,1,1
101,"NN30085",1984,2,"19841CP30","CP30",333,19.5,42,13.55625,2.18375,7,1,1,1
102,"NN30090",1984,2,"19841EX58","EX58",443,18.9,26,10.90625,4.823125,8,1,1,1
102,"NN30090",1985,3,"19851EX58","EX58",443,18.7,20,12.30625,2.31,10,2,1,2
102,"NN30090",1986,4,"19861EX59","EX59",444,19.1,35,11.621875,1.41875,8,3,1,3
102,"NN30090",1987,5,"19871EX58","EX58",443,19.2,22,9.753125,1.635,10,4,1,4
103,"NN30120",1984,2,"19841P18","P18",717,18.2,61,14.603125,0.7675,6,1,1,1
104,"NN30152",1984,2,"19841W35","W35",892,17.7,33,11.075,4.835,9,1,0,1
105,"NN30158",1985,3,"19851W19","W19",875,19.2,25,12.30625,2.31,8,2,1,2
105,"NN30158",1986,4,"19861W24","W24",881,19.5,34,11.384375,1.4,9,3,1,3
105,"NN30158",1987,5,"19871W22","W22",879,19.8,21,9.625,1.759375,11,4,1,4
106,"NN30160",1984,2,"19841EX49C","EX49C",429,20,49,15.821875,0.82375,8,1,1,1
107,"NN30165",1984,2,"19841EX13","EX13",363,18.3,25,11.534375,3.87125,10,1,1,1
108,"NN30244",1984,2,"19841EX39A","EX39A",400,19.9,50,15.54375,1.24125,4,1,0,1
109,"NN30312",1985,3,"19851B90","B90",174,18.6,32,12.109375,3.7125,11,1,1,5
109,"NN30312",1986,4,"19861B227","B227",114,19.5,38,13.078125,1.06875,12,2,1,6
110,"NN30323",1985,3,"19851B86","B86",170,18.3,22,11.775,4.05625,6,1,0,5
111,"NN30373",1985,3,"19851B212","B212",100,17.5,33,13.021875,2.320625,7,1,1,5
112,"NN30386",1985,3,"19851EX46","EX46",421,19.5,23,12.43125,2.31,9,1,0,5
113,"NN30411",1985,3,"19851SW109","SW109",741,18,37,12.259375,3.863125,7,1,0,5
113,"NN30411",1986,4,"19861C104","C104",188,17.2,36,11.384375,1.4,8,2,0,6
113,"NN30411",1987,5,"19871C127","C127",210,17.7,21,9.11875,1.89625,9,3,0,7
114,"NN30429",1987,5,"19871B96","B96",179,19.2,27,11.353125,1.22125,9,3,0,7
115,"NN30486",1985,3,"19851C9","C9",306,20.4,29,12.7,3.833125,8,1,0,5
115,"NN30486",1986,4,"19861C9","C9",306,20.1,31,11.290625,1.00625,8,2,0,6
116,"NN34006",1984,2,"19841B106","B106",9,19.1,37,12.178125,2.9025,6,1,1,1
116,"NN34006",1985,3,"19851B104","B104",7,18.7,32,12.603125,3.833125,8,2,1,2
117,"NN34020",1984,2,"19841B90","B90",174,18.8,30,11.234375,3.84625,8,1,1,1
118,"NN34022",1985,3,"19851B33","B33",126,17.1,20,12.30625,2.31,8,2,1,2
119,"NN34050",1984,2,"19841P12","P12",711,17.3,28,11.234375,3.84625,8,1,0,1
120,"NN34060",1985,3,"19851B226","B226",113,17.8,24,12.43125,2.31,10,2,1,2
120,"NN34060",1986,4,"19861B226","B226",113,19.2,36,11.384375,1.4,8,3,1,3
120,"NN34060",1987,5,"19871B226","B226",113,20.3,20,9.428125,1.85875,10,4,1,4
121,"NN34061",1984,2,"19841W59","W59",919,19.2,37,11.95625,3.48375,8,1,0,1
122,"NN34074",1984,2,"19841EX60","EX60",447,19.1,41,13.44375,2.18375,7,1,1,1
123,"NN34104",1984,2,"19841SW76","SW76",840,19.3,36,12.178125,2.9025,7,1,0,1
124,"NN34133",1984,2,"19841EX78","EX78",477,19.5,39,13.1,2.18375,7,1,0,1
125,"NN34138",1984,2,"19841B94","B94",178,20.1,41,13.1,2.18375,6,1,1,1
126,"NN34167",1984,2,"19841MP90","MP90",580,17.6,37,12.178125,2.9025,9,1,1,1
127,"NN34173",1985,3,"19851B30","B30",123,18.5,17,11.496875,3.793125,10,2,0,2
128,"NN34211",1985,3,"19851C145","C145",228,19,23,12.290625,2.31625,10,2,1,2
129,"NN34214",1984,2,"19841SW6","SW6",821,18.8,38,11.95625,3.48375,7,1,1,1
130,"NN34230",1984,2,"19841B79A","B79A",164,19.9,43,14.615625,1.216875,7,1,1,1
131,"NN34244",1985,3,"19851B30","B30",123,20.5,17,11.496875,3.793125,10,2,1,2
132,"NN34267",1985,3,"19851CP39","CP39",343,18.1,24,12.290625,2.31625,5,2,0,2
133,"NN34286",1984,2,"19841O47","O47",653,16.4,45,14.615625,1.216875,7,1,0,1
134,"NN34319",1985,3,"19851B114","B114",17,18.9,21,11.775,4.05625,7,2,1,2
134,"NN34319",1986,4,"19861B115","B115",18,19.1,35,11.290625,1.00625,7,3,1,3
134,"NN34319",1987,5,"19871B16","B16",57,19,23,9.625,1.759375,8,4,1,4
135,"NN34337",1984,2,"19841O109","O109",599,18.8,53,15.74375,1.21625,6,1,1,1
136,"NN34341",1984,2,"19841EX38A","EX38A",398,17.3,34,11.95625,3.48375,10,1,0,1
136,"NN34341",1985,3,"19851EX8A","EX8A",487,18.1,20,12.290625,2.31625,12,2,0,2
137,"NN34345",1984,2,"19841C132","C132",216,18.6,61,14.840625,0.89875,8,1,1,1
137,"NN34345",1985,3,"19851C9","C9",306,19.1,29,12.7,3.833125,8,2,1,2
137,"NN34345",1986,4,"19861C9","C9",306,19.9,31,11.290625,1.00625,8,3,1,3
138,"NN34362",1984,2,"19841B43","B43",134,18.9,43,13.44375,2.18375,5,1,0,1
139,"NN34371",1984,2,"19841B69","B69",156,18.4,32,11.68125,3.88375,10,1,1,1
140,"NN34382",1984,2,"19841SW37","SW37",795,19.8,37,13.55625,2.18375,6,1,1,1
141,"NN34413",1984,2,"19841SW17","SW17",774,17.2,35,13.1,2.18375,7,1,1,1
142,"NN34503",1985,3,"19851EX39C","EX39C",402,16.8,21,12.43125,2.31,12,2,0,2
142,"NN34503",1986,4,"19861EX40","EX40",404,17.1,34,13.309375,1,10,3,0,3
142,"NN34503",1987,5,"19871EX39B","EX39B",401,17.2,19,9.428125,1.85875,11,4,0,4
143,"NN34526",1984,2,"19841O116","O116",607,18,50,15.56875,0.8925,9,1,0,1
144,"NN34533",1984,2,"19841EX51D","EX51D",436,18.1,43,13.1,2.18375,5,1,0,1
144,"NN34533",1985,3,"19851EX49C","EX49C",429,17.6,22,12.096875,3.655625,9,2,0,2
145,"NN34537",1984,2,"19841EX51D","EX51D",436,19.1,43,13.1,2.18375,5,1,1,1
146,"NN34544",1984,2,"19841B145","B145",43,18.6,37,11.675,3.87125,5,1,0,1
147,"NN34545",1985,3,"19851B86","B86",170,20.8,22,11.775,4.05625,6,2,1,2
147,"NN34545",1986,4,"19861B87","B87",171,21.6,42,13.078125,1.06875,7,3,1,3
148,"NN34623",1989,7,"19891MP77","MP77",565,19.5,16,13.6375,1.025,9,3,1,14
149,"NN34624",1987,5,"19871B56","B56",145,18.8,22,10.021875,1.286875,10,1,0,12
150,"NN34626",1987,5,"19871O46","O46",652,18.2,29,11.58125,1.37125,9,1,1,12
151,"NN34629",1987,5,"19871SW51","SW51",812,17.7,22,9.625,1.759375,10,1,1,12
152,"NN34633",1987,5,"19871SW14","SW14",771,18.5,25,10.759375,1.094375,10,1,1,12
152,"NN34633",1988,6,"19881SW13","SW13",765,20.4,37,12,2.601875,8,2,1,13
153,"NN34650",1987,5,"19871EX69","EX69",465,19.2,36,12.403125,2.246875,8,1,0,12
154,"NN34700",1985,3,"19851B110","B110",13,18.4,36,12.475,3.595,9,1,1,5
154,"NN34700",1986,4,"19861B31","B31",124,19.7,41,12.03125,1.3375,9,2,1,6
155,"NN34702",1985,3,"19851EX25","EX25",379,19.2,28,12.384375,2.31,6,1,0,5
155,"NN34702",1986,4,"19861EX22","EX22",378,19.2,37,11.303125,1.5125,9,2,0,6
155,"NN34702",1987,5,"19871EX21","EX21",377,18.5,23,9.753125,1.635,10,3,0,7
156,"NN34758",1986,4,"19861B99","B99",182,20.5,41,12.03125,1.3375,8,1,1,8
156,"NN34758",1987,5,"19871B98","B98",181,19,24,9.753125,1.635,9,2,1,9
157,"NN34792",1986,4,"19861MP85","MP85",574,17.9,40,12.50625,1.25625,8,1,1,8
158,"NN34815",1987,5,"19871B172","B172",67,18.5,21,9.753125,1.635,8,1,1,12
158,"NN34815",1988,6,"19881B172","B172",67,18.5,23,11.803125,1.0725,4,2,1,13
158,"NN34815",1989,7,"19891B137","B137",34,19.1,18,14.45,0.5125,4,3,1,14
159,"NN34826",1987,5,"19871MP3","MP3",513,18.2,20,9.625,1.759375,11,1,0,12
160,"NN34834",1987,5,"19871MP8","MP8",568,18.6,18,9.428125,1.85875,11,1,0,12
160,"NN34834",1988,6,"19881MP1","MP1",492,19.4,24,11.803125,1.0725,8,2,0,13
160,"NN34834",1989,7,"19891MP6","MP6",546,18.6,9,12.1125,0.54375,11,3,0,14
161,"NN34866",1988,6,"19881C1","C1",183,18.7,37,11.990625,2.253125,7,1,0,15
161,"NN34866",1989,7,"19891C2","C2",253,19.3,25,14.45,0.5125,6,2,0,16
162,"NN34884",1988,6,"19881MP76","MP76",564,17.4,28,11.990625,2.253125,7,1,0,15
163,"NN34914",1985,3,"19851EX51B","EX51B",434,18,21,11.98125,3.89375,9,1,0,5
164,"NN34916",1985,3,"19851B164","B164",61,18.8,25,12.503125,1.840625,10,1,1,5
164,"NN34916",1986,4,"19861B65","B65",152,19,36,11.209375,1.5125,10,2,1,6
165,"NN34926",1985,3,"19851B208","B208",97,17.1,21,11.775,4.05625,8,1,0,5
166,"NN34927",1985,3,"19851B46","B46",136,18.2,33,12.7,3.833125,9,1,1,5
167,"NN35059",1984,2,"19841CP30","CP30",333,17.8,42,13.55625,2.18375,7,1,0,1
168,"NN35071",1984,2,"19841W84","W84",948,17.1,32,11.675,3.87125,9,1,0,1
169,"NN35081",1984,2,"19841W16","W16",872,18.2,45,13.55625,2.18375,4,1,1,1
169,"NN35081",1986,4,"19861W3","W3",887,18.9,41,13.078125,1.06875,9,3,1,3
170,"NN35082",1985,3,"19851CP9","CP9",356,18.1,20,12.384375,2.31,8,2,0,2
171,"NN35085",1984,2,"19841W27","W27",884,18.2,29,11.534375,3.87125,12,1,1,1
171,"NN35085",1985,3,"19851W26","W26",883,18.2,22,12.384375,2.31,11,2,1,2
172,"NN35097",1984,2,"19841W72","W72",935,19.1,41,13.44375,2.18375,8,1,0,1
172,"NN35097",1985,3,"19851W80","W80",945,18.8,23,12.30625,2.31,9,2,0,2
173,"NN35098",1984,2,"19841W73","W73",936,19,31,11.675,3.87125,10,1,1,1
173,"NN35098",1985,3,"19851W73","W73",936,19.1,23,12.384375,2.31,10,2,1,2
174,"NN35117",1986,4,"19861W57","W57",917,22.1,36,11.303125,1.5125,8,3,0,3
175,"NN35120",1984,2,"19841EX76","EX76",475,18,47,14.996875,1.191875,9,1,0,1
175,"NN35120",1987,5,"19871O17","O17",617,18.9,21,9.753125,1.635,11,4,0,4
176,"NN35152",1984,2,"19841CP37","CP37",340,18.8,43,13.81875,2.1525,8,1,1,1
176,"NN35152",1986,4,"19861CP33","CP33",336,18.9,35,11.3625,1.4875,10,3,1,3
177,"NN35203",1984,2,"19841W66","W66",929,20.1,36,11.68125,3.88375,8,1,1,1
178,"NN35245",1984,2,"19841CP37","CP37",340,17.2,43,13.81875,2.1525,8,1,0,1
179,"NN35248",1985,3,"19851CP39","CP39",343,17.7,24,12.290625,2.31625,5,2,1,2
179,"NN35248",1987,5,"19871CP40A","CP40A",346,19.5,22,9.625,1.759375,10,4,1,4
180,"NN35283",1984,2,"19841EX90","EX90",489,17.4,36,12.178125,2.9025,4,1,0,1
181,"NN35322",1986,4,"19861SW72","SW72",836,19.4,41,12.50625,1.25625,9,2,0,6
181,"NN35322",1987,5,"19871SW68","SW68",831,19.8,24,10.021875,1.286875,10,3,0,7
182,"NN35387",1985,3,"19851EX53","EX53",438,19.1,23,12.30625,2.31,11,1,1,5
183,"NN35395",1986,4,"19861SW105","SW105",737,18.8,33,11.209375,1.5125,10,2,1,6
184,"NN35400",1987,5,"19871EX14B","EX14B",367,19.8,21,9.753125,1.635,9,3,1,7
185,"NN35407",1985,3,"19851B222","B222",110,17.7,25,12.503125,1.840625,9,1,0,5
186,"NN35429",1986,4,"19861C50","C50",289,20,33,11.259375,1.0375,6,2,0,6
187,"NN35453",1985,3,"19851EX51D","EX51D",436,18.8,30,12.7875,2.30875,8,1,1,5
188,"NN35477",1985,3,"19851W56","W56",916,19.2,36,12.259375,3.863125,10,1,1,5
188,"NN35477",1986,4,"19861W57","W57",917,19.9,36,11.303125,1.5125,8,2,1,6
189,"NN35503",1987,5,"19871O6","O6",668,17.9,26,10.35,1.1875,8,1,1,12
190,"NN35509",1987,5,"19871C1","C1",183,18,22,9.625,1.759375,9,1,1,12
191,"NN35518",1987,5,"19871EX62F","EX62F",455,19.1,22,10.35,1.1875,11,1,1,12
192,"NN35519",1987,5,"19871SW61","SW61",823,18.6,23,10.35,1.1875,10,1,0,12
192,"NN35519",1988,6,"19881SW54","SW54",815,17.3,39,12.29375,2.24875,6,2,0,13
192,"NN35519",1989,7,"19891SW55","SW55",816,19.6,17,14.45,0.5125,10,3,0,14
193,"NN35524",1987,5,"19871EX34","EX34",391,17.9,20,9.428125,1.85875,11,1,0,12
194,"NN35526",1987,5,"19871B90","B90",174,19,25,10.35,1.1875,9,1,0,12
195,"NN35539",1987,5,"19871C30","C30",267,20.1,20,9.428125,1.85875,10,1,1,12
196,"NN35551",1987,5,"19871O38A","O38A",642,18.3,20,9.625,1.759375,5,1,1,12
196,"NN35551",1988,6,"19881O38A","O38A",642,19.4,23,11.803125,1.0725,3,2,1,13
197,"NN35555",1987,5,"19871O30","O30",632,19.7,21,9.625,1.759375,10,1,1,12
197,"NN35555",1988,6,"19881O31","O31",634,19.3,22,11.940625,0.855625,8,2,1,13
198,"NN35563",1987,5,"19871C41","C41",280,17.7,21,9.11875,1.89625,8,1,1,12
199,"NN35580",1987,5,"19871SW101","SW101",732,16.1,26,11.121875,1.10125,11,1,0,12
199,"NN35580",1988,6,"19881SW101","SW101",732,17.3,32,12.084375,2.24875,5,2,0,13
200,"NN35595",1987,5,"19871O84","O84",699,18.3,22,10.35,1.1875,12,1,0,12
200,"NN35595",1988,6,"19881O84","O84",699,18.6,26,11.671875,1.92375,11,2,0,13
200,"NN35595",1989,7,"19891O80","O80",695,17.9,20,13.309375,0.66625,10,3,0,14
201,"NN35609",1987,5,"19871O87","O87",702,18.5,23,10.35,1.1875,10,1,0,12
202,"NN35610",1987,5,"19871O77","O77",691,18.3,23,10.35,1.1875,9,1,1,12
203,"NN35617",1987,5,"19871O87","O87",702,18.2,23,10.35,1.1875,10,1,1,12
203,"NN35617",1988,6,"19881O86","O86",701,18.6,37,12.075,2.453125,9,2,1,13
203,"NN35617",1989,7,"19891O87","O87",702,18.7,26,13.309375,0.66625,10,3,1,14
204,"NN35630",1988,6,"19881C5","C5",288,18.6,34,11.990625,2.253125,6,2,1,13
204,"NN35630",1989,7,"19891C34A","C34A",271,18.5,14,12.31875,0.55,8,3,1,14
205,"NN35637",1987,5,"19871MP18","MP18",501,18.5,35,12.3125,2.559375,9,1,0,12
206,"NN35642",1987,5,"19871C34","C34",270,18.2,22,10.021875,1.286875,10,1,1,12
207,"NN35651",1987,5,"19871EX62H","EX62H",457,17.8,22,9.753125,1.635,10,1,1,12
207,"NN35651",1988,6,"19881EX62H","EX62H",457,17.3,35,12.05625,2.570625,9,2,1,13
207,"NN35651",1989,7,"19891EX73","EX73",470,17.3,22,13.9375,0.530625,9,3,1,14
208,"NN35662",1987,5,"19871O101","O101",591,17.2,23,10.35,1.1875,11,1,0,12
209,"NN35675",1987,5,"19871W78","W78",942,20.6,21,10.021875,1.286875,11,1,1,12
210,"NN35681",1987,5,"19871B125","B125",26,17.5,23,9.625,1.759375,8,1,0,12
210,"NN35681",1988,6,"19881W64A","W64A",926,18.3,28,11.2875,1.3575,6,2,0,13
210,"NN35681",1989,7,"19891W65","W65",928,18.3,28,13.9375,0.530625,8,3,0,14
211,"NN35685",1987,5,"19871SW124","SW124",759,18.1,22,9.753125,1.635,10,1,1,12
212,"NN35688",1988,6,"19881B27","B27",120,17,27,11.575,1.3325,8,2,0,13
213,"NN35709",1987,5,"19871W68","W68",931,18.7,28,10.759375,1.094375,6,1,0,12
213,"NN35709",1988,6,"19881W73","W73",936,20.1,27,11.575,1.3325,4,2,0,13
213,"NN35709",1989,7,"19891EX21","EX21",377,19,19,13.971875,0.80625,6,3,0,14
214,"NN35716",1987,5,"19871O71","O71",681,18.5,22,10.021875,1.286875,8,1,1,12
215,"NN35726",1987,5,"19871O69","O69",678,18.7,22,10.35,1.1875,10,1,1,12
216,"NN35755",1987,5,"19871EX47A","EX47A",423,18.5,42,11.81875,3.228125,9,1,0,12
216,"NN35755",1989,7,"19891W31","W31",888,19.9,17,14.271875,0.51875,1,3,0,14
217,"NN35770",1987,5,"19871W28","W28",885,18.8,22,9.753125,1.635,8,1,1,12
218,"NN35778",1988,6,"19881EX69","EX69",465,18.7,34,11.83125,1.93,6,2,0,13
218,"NN35778",1989,7,"19891EX51D","EX51D",436,18.9,20,13.971875,0.80625,7,3,0,14
219,"NN35792",1987,5,"19871SW127","SW127",762,19,27,11.121875,1.10125,9,1,1,12
220,"NN35801",1987,5,"19871O46","O46",652,17,29,11.58125,1.37125,9,1,0,12
221,"NN35821",1987,5,"19871O108","O108",598,18.7,29,11.121875,1.10125,6,1,1,12
221,"NN35821",1988,6,"19881O109","O109",599,18,33,12,2.601875,6,2,1,13
221,"NN35821",1989,7,"19891O109","O109",599,18.2,27,13.9375,0.530625,9,3,1,14
222,"NN35827",1987,5,"19871C39","C39",275,18.3,25,10.35,1.1875,7,1,1,12
223,"NN35836",1987,5,"19871O111","O111",602,18.2,26,11.353125,1.22125,9,1,1,12
224,"NN35843",1987,5,"19871O111","O111",602,18.2,26,11.353125,1.22125,9,1,0,12
224,"NN35843",1988,6,"19881O109","O109",599,16.8,33,12,2.601875,6,2,0,13
224,"NN35843",1989,7,"19891O109","O109",599,17.6,27,13.9375,0.530625,9,3,0,14
225,"NN35850",1987,5,"19871O77","O77",691,18.2,23,10.35,1.1875,9,1,0,12
226,"NN35853",1987,5,"19871O27A","O27A",628,18.3,28,11.58125,1.37125,10,1,1,12
227,"NN35891",1987,5,"19871EX30","EX30",386,19.8,20,9.11875,1.89625,10,1,0,12
228,"NN35908",1988,6,"19881O100","O100",590,18.4,40,12.075,2.453125,7,2,0,13
228,"NN35908",1989,7,"19891EX80","EX80",480,19.8,37,10.8625,1.12,8,3,0,14
229,"NN35938",1988,6,"19881P24","P24",723,17.7,37,12,2.601875,7,1,0,15
230,"NN35939",1988,6,"19881SW132","SW132",768,19.6,36,12.05625,2.570625,8,1,1,15
230,"NN35939",1990,8,"19901EX85","EX85",483,19.7,16,11.43125,0.843125,10,3,1,17
231,"NN35941",1988,6,"19881C120","C120",205,19.4,36,11.8875,1.93,6,1,1,15
231,"NN35941",1990,8,"19901C20","C20",254,19.5,15,11.31875,0.975,6,3,1,17
232,"NN35955",1989,7,"19891C61","C61",300,18,13,11.990625,0.54375,7,1,0,19
232,"NN35955",1990,8,"19901C61","C61",300,18,5,12.36875,0.73125,8,2,0,20
233,"NN86041",1986,4,"19861B172","B172",67,19,37,11.303125,1.5125,8,1,1,8
234,"NN86052",1986,4,"19861O53","O53",660,18,38,11.303125,1.5125,8,1,0,8
235,"NN86063",1987,5,"19871W20","W20",877,18.1,22,10.35,1.1875,11,2,0,9
235,"NN86063",1988,6,"19881W20","W20",877,19,24,11.209375,1.45,9,3,0,10
235,"NN86063",1989,7,"19891W18","W18",874,19,20,14.45,0.5125,5,4,0,11
236,"NN86070",1986,4,"19861W50","W50",909,18,35,11.3625,1.4875,9,1,0,8
236,"NN86070",1987,5,"19871W38","W38",895,18.2,18,9.4,1.8525,8,2,0,9
236,"NN86070",1988,6,"19881W50","W50",909,18.2,18,12,0.9425,9,3,0,10
236,"NN86070",1989,7,"19891W50","W50",909,18,8,12.1125,0.54375,10,4,0,11
237,"NN86083",1986,4,"19861EX69","EX69",465,18.1,45,13.6625,0.61875,9,1,0,8
238,"NN86093",1986,4,"19861CP39","CP39",343,19.2,45,13.078125,1.06875,6,1,1,8
239,"NN86096",1986,4,"19861W5","W5",908,20.2,49,14.328125,1.25,9,1,1,8
240,"NN86097",1986,4,"19861EX29A","EX29A",384,17.6,35,11.3625,1.4875,8,1,1,8
241,"NN86098",1986,4,"19861O41","O41",647,18.7,44,13.234375,0.88125,9,1,1,8
241,"NN86098",1987,5,"19871O39","O39",644,18,25,10.759375,1.094375,11,2,1,9
242,"NN86100",1986,4,"19861EX34A","EX34A",392,18.7,34,11.3625,1.4875,8,1,1,8
243,"NN86105",1986,4,"19861EX53","EX53",438,19.1,36,11.209375,1.5125,9,1,1,8
244,"NN86107",1986,4,"19861W3","W3",887,18,41,13.078125,1.06875,9,1,0,8
244,"NN86107",1987,5,"19871W14","W14",870,18.2,20,9.625,1.759375,11,2,0,9
245,"NN86112",1986,4,"19861W89","W89",951,20,33,11.384375,1.4,9,1,0,8
245,"NN86112",1987,5,"19871W76","W76",940,19.8,23,10.021875,1.286875,10,2,0,9
246,"NN86118",1989,7,"19891SW83","SW83",849,19.1,19,14.45,0.5125,2,4,0,11
247,"NN86124",1988,6,"19881P14","P14",713,19.1,31,11.83125,1.93,9,3,1,10
248,"NN86125",1986,4,"19861SW35","SW35",793,18.8,41,12.03125,1.3375,7,1,0,8
248,"NN86125",1987,5,"19871SW33","SW33",791,18.6,22,9.428125,1.85875,7,2,0,9
249,"NN86140",1986,4,"19861SW10","SW10",731,18.6,38,11.621875,1.41875,8,1,1,8
250,"NN86153",1986,4,"19861W5","W5",908,18.9,49,14.328125,1.25,9,1,0,8
251,"NN86158",1986,4,"19861EX74","EX74",472,20.3,40,12.50625,1.25625,7,1,1,8
251,"NN86158",1987,5,"19871EX71","EX71",468,20.1,20,9.625,1.759375,11,2,1,9
252,"NN86161",1986,4,"19861B31","B31",124,18.8,41,12.03125,1.3375,9,1,0,8
252,"NN86161",1987,5,"19871B13","B13",29,18.9,23,10.021875,1.286875,9,2,0,9
253,"NN86177",1987,5,"19871SW33","SW33",791,19.2,22,9.428125,1.85875,7,2,1,9
254,"NN86186",1986,4,"19861W1","W1",858,18.2,43,13.309375,1,8,1,0,8
255,"NN86191",1986,4,"19861CP35","CP35",338,19.1,36,11.621875,1.41875,9,1,1,8
255,"NN86191",1987,5,"19871CP34","CP34",337,19.1,21,9.625,1.759375,10,2,1,9
255,"NN86191",1989,7,"19891CP35","CP35",338,19.1,14,12.734375,0.66875,8,4,1,11
256,"NN86194",1986,4,"19861CP11","CP11",310,19.6,38,12.03125,1.3375,12,1,0,8
256,"NN86194",1987,5,"19871CP14","CP14",314,19.2,21,10.021875,1.286875,13,2,0,9
257,"NN86198",1987,5,"19871W52","W52",912,18.1,25,11.121875,1.10125,10,2,0,9
258,"NN86214",1986,4,"19861SW5","SW5",810,17.8,33,11.3625,1.4875,10,1,1,8
259,"NN86238",1986,4,"19861SW117","SW117",751,18,46,13.6625,0.61875,9,1,0,8
259,"NN86238",1987,5,"19871SW127","SW127",762,19.4,27,11.121875,1.10125,9,2,0,9
260,"NN86247",1987,5,"19871SW70","SW70",834,19.2,21,9.625,1.759375,11,2,0,9
261,"NN86267",1986,4,"19861SW16","SW16",773,17.7,43,13.234375,0.88125,9,1,0,8
261,"NN86267",1987,5,"19871SW130","SW130",766,17.7,25,11.353125,1.22125,11,2,0,9
262,"NN86277",1986,4,"19861SW126","SW126",761,18.4,39,12.50625,1.25625,7,1,0,8
263,"NN86285",1987,5,"19871W73","W73",936,20.1,26,10.759375,1.094375,10,2,1,9
263,"NN86285",1988,6,"19881W50","W50",909,20,18,12,0.9425,9,3,1,10
263,"NN86285",1989,7,"19891W50","W50",909,18.9,8,12.1125,0.54375,10,4,1,11
264,"NN86306",1986,4,"19861O93","O93",704,18.9,48,13.9875,0.55625,10,1,1,8
265,"NN86324",1986,4,"19861SW121","SW121",756,20,40,12.03125,1.3375,9,1,1,8
266,"NN86339",1986,4,"19861EX42","EX42",411,17.9,41,13.234375,0.88125,9,1,0,8
266,"NN86339",1987,5,"19871EX41","EX41",405,18.4,21,9.428125,1.85875,10,2,0,9
267,"NN86345",1986,4,"19861O58","O58",665,18.7,34,11.3625,1.4875,5,1,1,8
267,"NN86345",1987,5,"19871O63","O63",672,19.3,22,10.35,1.1875,10,2,1,9
267,"NN86345",1988,6,"19881O68","O68",677,19.7,23,11.803125,1.0725,6,3,1,10
268,"NN86352",1986,4,"19861O109","O109",599,18.6,41,13.078125,1.06875,11,1,0,8
269,"NN86406",1987,5,"19871MP92","MP92",581,19.9,26,11.121875,1.10125,11,1,1,12
270,"NN86409",1988,6,"19881P9","P9",729,18.7,36,11.990625,2.253125,8,2,1,13
271,"NN86422",1987,5,"19871EX7","EX7",466,18.1,20,9.428125,1.85875,9,1,0,12
272,"NN86445",1987,5,"19871SW61","SW61",823,18.9,23,10.35,1.1875,10,1,1,12
273,"NN86450",1987,5,"19871P1","P1",708,18.4,21,9.625,1.759375,8,1,0,12
274,"NN86456",1987,5,"19871B11","B11",12,19.5,22,9.428125,1.85875,8,1,0,12
275,"NN86461",1988,6,"19881B119","B119",21,18.3,38,12,2.601875,5,2,1,13
276,"NN86471",1987,5,"19871B11","B11",12,18.5,22,9.428125,1.85875,8,1,1,12
277,"NN86497",1987,5,"19871CP17","CP17",318,19,20,9.625,1.759375,10,1,0,12
277,"NN86497",1988,6,"19881CP32","CP32",335,20,37,12.05625,2.570625,6,2,0,13
278,"NN86511",1986,4,"19861MP61","MP61",548,19.2,35,11.209375,1.5125,10,1,0,8
279,"NN86530",1986,4,"19861EX81A","EX81A",481,20,45,13.396875,0.7,3,1,0,8
279,"NN86530",1987,5,"19871EX2","EX2",375,20.1,21,9.11875,1.89625,9,2,0,9
279,"NN86530",1988,6,"19881EX2","EX2",375,19.7,37,11.990625,2.253125,7,3,0,10
279,"NN86530",1989,7,"19891EX5","EX5",430,18.7,32,12.8625,0.671875,7,4,0,11
280,"NN86550",1989,7,"19891B79","B79",163,18.8,22,14.496875,0.50625,4,2,0,16
281,"NN86587",1986,4,"19861C104","C104",188,18.8,36,11.384375,1.4,8,1,1,8
281,"NN86587",1987,5,"19871C127","C127",210,19.6,21,9.11875,1.89625,9,2,1,9
282,"NN86590",1986,4,"19861EX85","EX85",483,19.8,46,14.753125,0.85625,9,1,1,8
283,"NN86601",1986,4,"19861C5","C5",288,18.8,38,11.621875,1.41875,9,1,0,8
283,"NN86601",1987,5,"19871C57","C57",296,19.2,21,9.428125,1.85875,8,2,0,9
284,"NN86602",1986,4,"19861CP21","CP21",323,19.1,37,11.209375,1.5125,8,1,1,8
285,"NN86603",1986,4,"19861EX78","EX78",477,20.3,34,11.209375,1.5125,9,1,0,8
286,"NN86609",1987,5,"19871EX68","EX68",464,20.5,24,10.021875,1.286875,9,2,1,9
287,"NN86612",1986,4,"19861B58","B58",147,20.8,44,13.078125,1.06875,6,1,1,8
287,"NN86612",1987,5,"19871B179","B179",72,19.7,21,9.753125,1.635,10,2,1,9
287,"NN86612",1988,6,"19881B180","B180",74,19.6,35,12,2.601875,8,3,1,10
288,"NN86624",1986,4,"19861P21","P21",720,19.7,48,13.6625,0.61875,7,1,1,8
289,"NN86632",1986,4,"19861B77","B77",162,19.5,43,13.309375,1,10,1,0,8
290,"NN86653",1987,5,"19871SW124","SW124",759,17.7,22,9.753125,1.635,10,1,0,12
291,"NN86678",1987,5,"19871B51","B51",140,17.8,21,9.753125,1.635,9,1,0,12
292,"NN86681",1987,5,"19871B63","B63",150,17.5,19,9.753125,1.635,12,1,1,12
293,"NN86685",1987,5,"19871EX10A","EX10A",359,18.8,19,9.11875,1.89625,10,1,1,12
294,"NN86699",1989,7,"19891CP17","CP17",318,19.5,16,13.6375,1.025,7,2,0,16
295,"NN86702",1986,4,"19861SW134","SW134",770,18.2,37,11.621875,1.41875,10,1,0,8
296,"NN86717",1988,6,"19881P9","P9",729,17.8,36,11.990625,2.253125,8,1,0,15
297,"NN86722",1988,6,"19881P19","P19",718,18.1,39,12.66875,1.92625,3,1,1,15
298,"NN86723",1988,6,"19881EX50","EX50",431,18,33,11.8875,1.93,8,1,1,15
299,"NN86737",1988,6,"19881MP87","MP87",576,19.2,29,11.2875,1.3575,6,1,0,15
299,"NN86737",1989,7,"19891MP87","MP87",576,17.4,16,13.478125,1.025,6,2,0,16
299,"NN86737",1990,8,"19901MP87","MP87",576,19.1,13,11.31875,1.025,7,3,0,17
300,"NN86745",1989,7,"19891B79","B79",163,19.9,22,14.496875,0.50625,4,2,1,16
301,"NN86750",1988,6,"19881EX6","EX6",446,20.2,34,11.990625,2.253125,6,1,0,15
301,"NN86750",1989,7,"19891EX71","EX71",468,20.7,24,13.9375,0.530625,6,2,0,16
302,"NN86754",1986,4,"19861W89","W89",951,19.3,33,11.384375,1.4,9,1,1,8
302,"NN86754",1988,6,"19881W92","W92",954,19.3,28,11.2875,1.3575,4,3,1,10
303,"NN86757",1986,4,"19861EX64","EX64",460,18.7,44,13.396875,0.7,10,1,0,8
303,"NN86757",1987,5,"19871EX65","EX65",461,18.8,22,10.35,1.1875,13,2,0,9
303,"NN86757",1988,6,"19881EX43B","EX43B",415,18.4,26,11.209375,1.45,7,3,0,10
304,"NN86759",1986,4,"19861EX40","EX40",404,19.2,34,13.309375,1,10,1,1,8
304,"NN86759",1987,5,"19871EX39B","EX39B",401,19.2,19,9.428125,1.85875,11,2,1,9
304,"NN86759",1988,6,"19881EX39B","EX39B",401,19.3,23,11.2875,1.3575,10,3,1,10
305,"NN86773",1986,4,"19861EX45","EX45",420,19.8,39,12.03125,1.3375,9,1,1,8
306,"NN86783",1986,4,"19861W15","W15",871,19.9,39,13.078125,1.06875,11,1,1,8
306,"NN86783",1987,5,"19871CP2","CP2",321,19.1,22,10.35,1.1875,12,2,1,9
307,"NN86814",1986,4,"19861B25","B25",119,18.9,40,12.03125,1.3375,8,1,0,8
307,"NN86814",1987,5,"19871B205","B205",94,18.3,23,10.021875,1.286875,10,2,0,9
308,"NN86817",1986,4,"19861EX7","EX7",466,19.3,38,12.03125,1.3375,9,1,0,8
308,"NN86817",1987,5,"19871EX4","EX4",403,20,18,9.11875,1.89625,11,2,0,9
309,"NN86818",1986,4,"19861EX62A","EX62A",450,20.1,42,12.50625,1.25625,8,1,0,8
309,"NN86818",1987,5,"19871EX62H","EX62H",457,19.4,22,9.753125,1.635,10,2,0,9
309,"NN86818",1988,6,"19881EX62H","EX62H",457,17.3,35,12.05625,2.570625,9,3,0,10
309,"NN86818",1989,7,"19891EX62E","EX62E",454,19.8,21,14.496875,0.50625,10,4,0,11
310,"NN86839",1986,4,"19861B30","B30",123,17.6,44,13.078125,1.06875,7,1,0,8
310,"NN86839",1987,5,"19871B112","B112",15,18.4,21,9.428125,1.85875,9,2,0,9
311,"NN86844",1986,4,"19861MP6","MP6",546,18,35,12.03125,1.3375,7,1,1,8
312,"NN86848",1986,4,"19861C20","C20",254,18,41,12.03125,1.3375,7,1,0,8
313,"NN86854",1986,4,"19861W52","W52",912,18.2,51,14.753125,0.85625,9,1,0,8
314,"NN86869",1986,4,"19861MP69","MP69",556,19.1,31,11.328125,1.1875,5,1,1,8
314,"NN86869",1987,5,"19871MP62","MP62",549,19.6,19,9.175,1.89625,10,2,1,9
315,"NN86876",1987,5,"19871O38B","O38B",643,19.2,23,10.021875,1.286875,10,2,1,9
316,"NN86879",1987,5,"19871C108","C108",192,18.2,23,10.35,1.1875,11,2,0,9
316,"NN86879",1988,6,"19881C114","C114",199,18.6,22,11.384375,1.45,8,3,0,10
317,"NN86887",1986,4,"19861O109","O109",599,18.6,41,13.078125,1.06875,11,1,1,8
318,"NN86898",1987,5,"19871EX32","EX32",389,20.6,21,9.625,1.759375,9,2,0,9
318,"NN86898",1988,6,"19881EX31A","EX31A",388,20.4,26,11.384375,1.45,5,3,0,10
318,"NN86898",1989,7,"19891EX32","EX32",389,19,20,13.971875,0.80625,7,4,0,11
319,"NN86902",1986,4,"19861CP4","CP4",344,19,39,12.50625,1.25625,11,1,0,8
319,"NN86902",1987,5,"19871CP2","CP2",321,18.8,22,10.35,1.1875,12,2,0,9
319,"NN86902",1988,6,"19881CP2","CP2",321,19.3,23,11.209375,1.45,8,3,0,10
320,"NN86909",1986,4,"19861W15","W15",871,17.3,39,13.078125,1.06875,11,1,0,8
320,"NN86909",1987,5,"19871CP5B","CP5B",352,17.8,20,10.021875,1.286875,12,2,0,9
321,"NN86925",1986,4,"19861W52","W52",912,18.3,51,14.753125,0.85625,9,1,1,8
322,"NN86929",1989,7,"19891CP26","CP26",328,19.1,19,13.971875,0.80625,10,4,1,11
323,"NN86931",1986,4,"19861CP11","CP11",310,18.7,38,12.03125,1.3375,12,1,1,8
323,"NN86931",1987,5,"19871CP14","CP14",314,18.7,21,10.021875,1.286875,13,2,1,9
324,"NN86962",1986,4,"19861O69","O69",678,17.3,32,11.384375,1.4,8,1,0,8
324,"NN86962",1987,5,"19871O63","O63",672,18.4,22,10.35,1.1875,10,2,0,9
324,"NN86962",1988,6,"19881O68","O68",677,17.8,23,11.803125,1.0725,6,3,0,10
325,"NN86973",1986,4,"19861C116","C116",200,18.2,33,11.290625,1.00625,6,1,0,8
325,"NN86973",1987,5,"19871C17","C17",250,18,20,9.175,1.89625,8,2,0,9
326,"NN86975",1987,5,"19871EX78","EX78",477,18.9,21,9.753125,1.635,10,2,0,9
327,"NN86981",1986,4,"19861EX76","EX76",475,18.5,36,11.303125,1.5125,10,1,1,8
327,"NN86981",1987,5,"19871EX75","EX75",473,19.2,21,9.625,1.759375,11,2,1,9
328,"NN86996",1986,4,"19861W53","W53",913,18.6,36,11.303125,1.5125,9,1,0,8
328,"NN86996",1987,5,"19871W72","W72",935,19.1,20,9.428125,1.85875,11,2,0,9
328,"NN86996",1988,6,"19881W51A","W51A",911,18.7,23,11.575,1.3325,9,3,0,10
328,"NN86996",1989,7,"19891W81","W81",946,18.2,34,11.515625,1.29875,8,4,0,11
329,"NN87000",1987,5,"19871B63","B63",150,18.8,19,9.753125,1.635,12,2,0,9
330,"NN87003",1985,3,"19851EX61","EX61",448,17.6,23,12.30625,2.31,9,1,0,5
331,"NN87006",1985,3,"19851CP40A","CP40A",346,17.4,23,12.290625,2.31625,8,1,0,5
331,"NN87006",1986,4,"19861CP40A","CP40A",346,20.6,38,11.303125,1.5125,7,2,0,6
332,"NN87008",1985,3,"19851EX51D","EX51D",436,18.8,30,12.7875,2.30875,8,1,0,5
333,"NN87011",1985,3,"19851EX16","EX16",369,19.5,29,12.984375,3.495625,10,1,1,5
334,"NN87022",1985,3,"19851EX32","EX32",389,19.2,19,11.98125,3.89375,11,1,1,5
334,"NN87022",1987,5,"19871EX32","EX32",389,19.4,21,9.625,1.759375,9,3,1,7
335,"NN87025",1985,3,"19851EX51B","EX51B",434,18.8,21,11.98125,3.89375,9,1,1,5
336,"NN87029",1985,3,"19851W17","W17",873,19.7,35,12.475,3.595,9,1,1,5
336,"NN87029",1986,4,"19861W17","W17",873,19.7,40,12.03125,1.3375,10,2,1,6
336,"NN87029",1987,5,"19871W17","W17",873,19.8,26,11.121875,1.10125,11,3,1,7
337,"NN87034",1985,3,"19851EX53","EX53",438,19.2,23,12.30625,2.31,11,1,0,5
337,"NN87034",1986,4,"19861CP33","CP33",336,19.2,35,11.3625,1.4875,10,2,0,6
337,"NN87034",1987,5,"19871EX54","EX54",439,20.1,19,9.175,1.89625,10,3,0,7
338,"NN87035",1985,3,"19851CP4","CP4",344,18.1,24,12.503125,1.840625,10,1,1,5
338,"NN87035",1986,4,"19861CP4","CP4",344,19.2,39,12.50625,1.25625,11,2,1,6
339,"NN87102",1985,3,"19851B142A","B142A",40,20.2,35,12.475,3.595,10,1,1,5
340,"NN87126",1985,3,"19851CP10","CP10",309,19.3,21,12.290625,2.31625,11,1,0,5
341,"NN87128",1986,4,"19861SW89","SW89",855,18.6,42,13.309375,1,10,2,0,6
342,"NN87162",1985,3,"19851C145","C145",228,18.8,23,12.290625,2.31625,10,1,0,5
342,"NN87162",1986,4,"19861C146","C146",229,20.2,30,11.6125,2.04375,11,2,0,6
342,"NN87162",1987,5,"19871C146","C146",229,18.8,19,9.11875,1.89625,11,3,0,7
343,"NN87166",1986,4,"19861CP14A","CP14A",315,19.7,32,11.384375,1.4,11,2,1,6
343,"NN87166",1987,5,"19871W4B","W4B",907,20.1,25,10.35,1.1875,9,3,1,7
344,"NN87168",1985,3,"19851CP40","CP40",345,19.3,25,12.290625,2.31625,7,1,0,5
345,"NN87211",1985,3,"19851EX17","EX17",370,18.8,35,12.475,3.595,9,1,0,5
346,"NN87227",1985,3,"19851B142A","B142A",40,18.5,35,12.475,3.595,10,1,0,5
347,"NN87228",1985,3,"19851W24","W24",881,19.3,34,12.475,3.595,10,1,0,5
348,"NN87240",1985,3,"19851EX75","EX75",473,18.8,28,12.43125,2.31,9,1,0,5
348,"NN87240",1986,4,"19861EX76","EX76",475,19.8,36,11.303125,1.5125,10,2,0,6
348,"NN87240",1987,5,"19871EX75","EX75",473,18.3,21,9.625,1.759375,11,3,0,7
349,"NN87342",1985,3,"19851EX17","EX17",370,18.1,35,12.475,3.595,9,1,1,5
350,"NN87390",1987,5,"19871EX61","EX61",448,20.4,21,10.021875,1.286875,12,1,1,12
351,"NN87391",1988,6,"19881SW38","SW38",796,18.4,45,13.0125,1.54875,8,2,0,13
352,"NN87440",1999,17,"19991EX2","EX2",375,19.3,29,13.484375,2.52625,9,1,1,44
352,"NN87440",2000,18,"20001EX39","EX39",399,19.3,24,11.33125,4.911875,10,2,1,45
353,"NN87447",2001,19,"20011B208","B208",97,18,32,13.30625,0.6,3,3,0,46
353,"NN87447",2002,20,"20021B214","B214",102,18,21,12.996875,2.43375,6,4,0,47
354,"NN87537",1985,3,"19851W99","W99",961,18.9,29,12.43125,2.31,8,1,0,5
354,"NN87537",1986,4,"19861W99","W99",961,18.4,36,11.3625,1.4875,9,2,0,6
355,"NN87554",1985,3,"19851CP43","CP43",349,18.5,22,12.096875,3.655625,10,1,1,5
355,"NN87554",1986,4,"19861CP43","CP43",349,19.2,40,11.621875,1.41875,7,2,1,6
355,"NN87554",1987,5,"19871CP43","CP43",349,20.1,22,9.625,1.759375,9,3,1,7
356,"NN87634",1986,4,"19861W47","W47",904,19.2,45,13.396875,0.7,10,1,1,8
356,"NN87634",1987,5,"19871W47","W47",904,18.9,25,10.759375,1.094375,9,2,1,9
357,"NN87668",1986,4,"19861C106","C106",190,18.1,37,11.621875,1.41875,10,1,0,8
358,"NN87680",1987,5,"19871SW101","SW101",732,19.1,26,11.121875,1.10125,11,2,1,9
358,"NN87680",1988,6,"19881SW101","SW101",732,19.6,32,12.084375,2.24875,5,3,1,10
359,"NN87683",1986,4,"19861C52","C52",291,18.9,36,11.275,1.00625,6,1,0,8
360,"NN87690",1988,6,"19881EX73","EX73",470,19.7,33,11.83125,1.93,9,3,1,10
361,"NN87697",1986,4,"19861C19","C19",252,19.3,51,14.753125,0.85625,6,1,1,8
361,"NN87697",1987,5,"19871C118","C118",202,19.2,20,9.428125,1.85875,9,2,1,9
362,"NN87754",1986,4,"19861O103","O103",593,18.9,47,14.2,0.73125,10,1,0,8
362,"NN87754",1987,5,"19871O114","O114",605,19.7,23,10.35,1.1875,11,2,0,9
363,"NN87756",1986,4,"19861CP39","CP39",343,19.2,45,13.078125,1.06875,6,1,0,8
364,"NN87760",1986,4,"19861SW30","SW30",788,18.7,37,11.621875,1.41875,8,1,1,8
365,"NN87761",1986,4,"19861EX47","EX47",422,19.8,39,12.03125,1.3375,9,1,0,8
366,"NN87764",1986,4,"19861EX62E","EX62E",454,21.1,39,12.50625,1.25625,10,1,0,8
366,"NN87764",1987,5,"19871EX62F","EX62F",455,20.5,22,10.35,1.1875,11,2,0,9
367,"NN87788",1986,4,"19861EX41A","EX41A",406,19,48,14.2,0.73125,9,1,1,8
368,"NN87804",1986,4,"19861C151","C151",235,17.7,41,12.50625,1.25625,8,1,0,8
369,"NN87817",1987,5,"19871W100","W100",860,18.9,21,10.021875,1.286875,12,2,0,9
369,"NN87817",1988,6,"19881W97","W97",959,18.8,26,11.209375,1.45,9,3,0,10
370,"NN87822",1986,4,"19861O6","O6",668,16.5,34,11.303125,1.5125,10,1,0,8
371,"NN87836",1990,8,"19901EX34","EX34",391,18.8,9,11.909375,1.025,9,2,1,20
372,"NN87841",1989,7,"19891W102","W102",862,18.9,34,10.8625,1.12,10,1,1,19
373,"NN87852",1988,6,"19881EX1","EX1",357,18.1,39,12.29375,2.24875,9,1,1,15
374,"NN87858",1989,7,"19891W21","W21",878,19.9,33,11.921875,1.358125,9,2,0,16
375,"NN87862",1988,6,"19881EX41A","EX41A",406,18.8,43,12.884375,1.66625,4,1,0,15
376,"NN87891",1988,6,"19881W37","W37",894,20,28,11.2875,1.3575,6,1,1,15
377,"NN87895",1988,6,"19881W24","W24",881,19.6,32,11.83125,1.93,5,1,1,15
378,"NN87896",1988,6,"19881CP40","CP40",345,19.4,29,11.990625,2.253125,6,1,0,15
379,"NN87901",1987,5,"19871P15","P15",714,19.4,20,9.11875,1.89625,10,1,0,12
380,"NN87902",1987,5,"19871MP8","MP8",568,18.5,18,9.428125,1.85875,11,1,1,12
381,"NN87907",1987,5,"19871O3","O3",631,19,21,9.753125,1.635,11,1,1,12
382,"NN87911",1987,5,"19871P1","P1",708,17.9,21,9.625,1.759375,8,1,1,12
383,"NN87916",1988,6,"19881MP38","MP38",523,18.5,25,11.209375,1.45,10,2,0,13
383,"NN87916",1989,7,"19891MP35","MP35",520,19.6,11,13.16875,0.6875,11,3,0,14
384,"NN87917",1987,5,"19871P15","P15",714,20.6,20,9.11875,1.89625,10,1,1,12
385,"NN87918",1987,5,"19871MP71","MP71",559,19.1,23,11.121875,1.10125,8,1,0,12
386,"NN87935",1988,6,"19881W25","W25",882,20.9,29,11.83125,1.93,10,2,1,13
387,"NN87936",1987,5,"19871B173","B173",68,18.3,28,11.809375,1.42125,10,1,1,12
387,"NN87936",1988,6,"19881B222","B222",110,18.7,38,12.084375,2.24875,10,2,1,13
387,"NN87936",1989,7,"19891B107","B107",10,19.3,17,14.496875,0.50625,12,3,1,14
388,"NN87943",1987,5,"19871W9","W9",952,19.8,21,9.428125,1.85875,7,1,0,12
388,"NN87943",1988,6,"19881W12","W12",868,19.3,39,12,2.601875,3,2,0,13
388,"NN87943",1989,7,"19891W13","W13",869,20,17,13.6375,1.025,6,3,0,14
389,"NN87944",1987,5,"19871EX10A","EX10A",359,19,19,9.11875,1.89625,10,1,0,12
389,"NN87944",1988,6,"19881EX40","EX40",404,18.4,37,12,2.601875,7,2,0,13
390,"NN87945",1987,5,"19871CP43","CP43",349,17.9,22,9.625,1.759375,9,1,0,12
391,"NN87947",1987,5,"19871B96","B96",179,19.2,27,11.353125,1.22125,9,1,1,12
392,"NN87949",1987,5,"19871C39","C39",275,18.2,25,10.35,1.1875,7,1,0,12
392,"NN87949",1988,6,"19881C156","C156",239,19.8,37,11.990625,2.253125,4,2,0,13
392,"NN87949",1989,7,"19891C146","C146",229,18.8,18,13.89375,0.975,7,3,0,14
393,"NN87972",1987,5,"19871SW51","SW51",812,17.4,22,9.625,1.759375,10,1,0,12
394,"NN87977",1987,5,"19871MP60","MP60",547,18.1,24,10.021875,1.286875,10,1,0,12
395,"NN87978",1988,6,"19881C9","C9",306,18.9,23,11.9875,0.775,6,2,0,13
395,"NN87978",1989,7,"19891C9","C9",306,19,21,13.6375,1.025,6,3,0,14
396,"NN87980",1987,5,"19871O108","O108",598,18.5,29,11.121875,1.10125,6,1,0,12
397,"NN87986",1987,5,"19871SW9","SW9",856,19,24,10.35,1.1875,9,1,0,12
398,"NN87987",1987,5,"19871SW14","SW14",771,18.7,25,10.759375,1.094375,10,1,0,12
399,"NN87989",1987,5,"19871SW79","SW79",843,19.5,22,9.753125,1.635,10,1,0,12
400,"NN87990",1988,6,"19881B99","B99",182,20.5,27,11.575,1.3325,7,2,0,13
401,"NN88095",1986,4,"19861EX49B","EX49B",428,18.3,47,13.396875,0.7,7,1,0,8
402,"NN88106",1987,5,"19871C108","C108",192,20.8,23,10.35,1.1875,11,2,1,9
403,"NN88109",1986,4,"19861C20","C20",254,18.3,41,12.03125,1.3375,7,1,1,8
404,"NN88118",1986,4,"19861SW18","SW18",775,17.7,39,12.50625,1.25625,9,1,0,8
404,"NN88118",1987,5,"19871SW12","SW12",754,17.5,23,10.35,1.1875,10,2,0,9
404,"NN88118",1988,6,"19881SW13","SW13",765,18.1,37,12,2.601875,8,3,0,10
405,"NN88142",1995,13,"19951C101","C101",185,19,21,9.309375,1.3275,6,1,0,26
405,"NN88142",1997,15,"19971C2","C2",253,18.4,8,10.4625,2.768125,10,3,0,28
406,"NN88155",1986,4,"19861SW5","SW5",810,20.3,33,11.3625,1.4875,10,1,0,8
406,"NN88155",1987,5,"19871SW2","SW2",777,18.7,17,9.175,1.89625,12,2,0,9
407,"NN88157",1986,4,"19861O69","O69",678,20,32,11.384375,1.4,8,1,1,8
408,"NN88184",1986,4,"19861C2","C2",253,17.8,35,11.3625,1.4875,8,1,0,8
408,"NN88184",1987,5,"19871C1","C1",183,17.5,22,9.625,1.759375,9,2,0,9
409,"NN88198",1986,4,"19861B77","B77",162,18.3,43,13.309375,1,10,1,1,8
410,"NN88199",1986,4,"19861EX74","EX74",472,19.1,40,12.50625,1.25625,7,1,0,8
410,"NN88199",1987,5,"19871EX71","EX71",468,18.9,20,9.625,1.759375,11,2,0,9
410,"NN88199",1988,6,"19881EX74","EX74",472,18.9,38,12.075,2.453125,8,3,0,10
411,"NN88256",1986,4,"19861CP37","CP37",340,18.2,32,11.290625,1.00625,10,1,0,8
411,"NN88256",1987,5,"19871CP37","CP37",340,18.6,19,9.175,1.89625,10,2,0,9
411,"NN88256",1988,6,"19881CP37","CP37",340,19,32,11.671875,1.92375,7,3,0,10
412,"NN88274",1986,4,"19861MP93","MP93",582,16.2,37,11.209375,1.5125,9,1,0,8
413,"NN88289",1986,4,"19861MP51","MP51",537,17,35,11.3625,1.4875,9,1,1,8
414,"NN88324",1986,4,"19861SW1","SW1",730,17.6,43,13.396875,0.7,8,1,1,8
415,"NN88331",1986,4,"19861EX3","EX3",385,18.4,37,11.3625,1.4875,8,1,0,8
416,"NN88358",1986,4,"19861C146","C146",229,18.5,30,11.6125,2.04375,11,1,1,8
416,"NN88358",1987,5,"19871C146","C146",229,18.5,19,9.11875,1.89625,11,2,1,9
417,"NN88359",1986,4,"19861B151","B151",50,19.6,32,11.290625,1.00625,9,1,1,8
417,"NN88359",1987,5,"19871B56","B56",145,20.6,22,10.021875,1.286875,10,2,1,9
418,"NN88364",1986,4,"19861B5","B5",139,19.2,39,11.621875,1.41875,8,1,1,8
418,"NN88364",1987,5,"19871B107","B107",10,18.7,26,11.121875,1.10125,11,2,1,9
418,"NN88364",1988,6,"19881B5","B5",139,18.5,36,12.05625,2.570625,9,3,1,10
418,"NN88364",1989,7,"19891B105","B105",8,18.4,22,14.496875,0.50625,8,4,1,11
419,"NN88367",1986,4,"19861MP77","MP77",565,18.4,35,11.384375,1.4,8,1,0,8
420,"NN88372",1986,4,"19861SW72","SW72",836,18.6,41,12.50625,1.25625,9,1,1,8
420,"NN88372",1987,5,"19871SW68","SW68",831,19.2,24,10.021875,1.286875,10,2,1,9
421,"NN88403",1986,4,"19861B219","B219",107,19.3,43,13.078125,1.06875,8,1,1,8
421,"NN88403",1987,5,"19871B139","B139",35,18.8,24,10.021875,1.286875,9,2,1,9
422,"NN88411",1986,4,"19861EX45","EX45",420,19.8,39,12.03125,1.3375,9,1,0,8
422,"NN88411",1987,5,"19871EX17","EX17",370,19.3,29,11.809375,1.42125,10,2,0,9
423,"NN88416",1986,4,"19861EX69","EX69",465,20.1,45,13.6625,0.61875,9,1,1,8
424,"NN88422",1986,4,"19861EX29A","EX29A",384,18.6,35,11.3625,1.4875,8,1,0,8
425,"NN88431",1988,6,"19881MP48","MP48",533,18.6,28,11.83125,1.93,8,1,1,15
426,"NN88433",1989,7,"19891MP77","MP77",565,20.1,16,13.6375,1.025,9,2,0,16
426,"NN88433",1990,8,"19901MP77","MP77",565,19.9,12,11.196875,1.00625,9,3,0,17
427,"NN88452",1988,6,"19881W104","W104",865,18.2,29,11.209375,1.45,6,1,0,15
427,"NN88452",1989,7,"19891W103A","W103A",864,18.9,23,14.496875,0.50625,8,2,0,16
427,"NN88452",1990,8,"19901W103A","W103A",864,19.7,29,12.38125,0.35625,8,3,0,17
428,"NN88456",1988,6,"19881P15","P15",714,19.6,30,11.83125,1.93,2,1,1,15
429,"NN88466",1988,6,"19881B201","B201",91,18.5,39,12.084375,2.24875,5,1,1,15
430,"NN88467",1988,6,"19881B207","B207",96,18.9,39,12.075,2.453125,7,1,0,15
431,"NN88473",1989,7,"19891C150","C150",234,19.7,20,13.971875,0.80625,6,2,1,16
432,"NN88510",1988,6,"19881MP95","MP95",584,18.5,25,11.575,1.3325,8,1,0,15
432,"NN88510",1989,7,"19891MP96","MP96",585,18.5,18,13.16875,0.6875,10,2,0,16
433,"NN88514",1988,6,"19881EX62B","EX62B",451,19.9,37,12.05625,2.570625,7,1,1,15
433,"NN88514",1989,7,"19891EX62F","EX62F",455,19.9,25,14.1625,0.525,6,2,1,16
434,"NN88526",1988,6,"19881O19","O19",619,19.4,27,11.384375,1.45,7,1,0,15
434,"NN88526",1989,7,"19891O1","O1",588,19.5,19,13.89375,0.975,8,2,0,16
435,"NN88529",1988,6,"19881EX35","EX35",393,19.1,22,11.803125,1.0725,8,1,0,15
435,"NN88529",1989,7,"19891EX36","EX36",395,19.3,13,12.1125,0.54375,10,2,0,16
436,"NN88530",1988,6,"19881EX33","EX33",390,19,23,11.803125,1.0725,9,1,0,15
437,"NN88535",1988,6,"19881MP25","MP25",509,16.5,36,11.990625,2.253125,6,1,0,15
437,"NN88535",1989,7,"19891MP53","MP53",539,16.9,20,14.496875,0.50625,9,2,0,16
438,"NN88537",1990,8,"19901MP79","MP79",567,18.7,21,11.503125,0.679375,7,3,1,17
439,"NN88562",1988,6,"19881W54","W54",914,19.5,36,11.990625,2.253125,7,1,1,15
440,"NN88566",1988,6,"19881B23","B23",117,18.7,29,11.4625,1.793125,6,1,1,15
441,"NN88568",1988,6,"19881MP45","MP45",530,17.5,36,12.05625,2.570625,7,1,1,15
442,"NN88578",1988,6,"19881B11","B11",12,18.4,41,12.084375,2.24875,7,1,0,15
443,"NN88595",1988,6,"19881B31","B31",124,18.4,39,12.075,2.453125,3,1,0,15
443,"NN88595",1989,7,"19891B32","B32",125,19,17,13.971875,0.80625,5,2,0,16
443,"NN88595",1990,8,"19901B133","B133",32,17.1,16,11.31875,0.975,9,3,0,17
444,"NN88627",1988,6,"19881O27A","O27A",628,20.1,36,12.05625,2.570625,10,1,1,15
444,"NN88627",1989,7,"19891O25","O25",626,20,31,12.8625,0.671875,10,2,1,16
444,"NN88627",1990,8,"19901O28","O28",629,20.4,25,11.7875,0.4025,9,3,1,17
445,"NN88630",1989,7,"19891W101","W101",861,19.8,22,14.271875,0.51875,8,2,0,16
445,"NN88630",1991,9,"19911W102","W102",862,20.4,17,12.421875,0.128125,6,4,0,18
446,"NN88643",1989,7,"19891CP38","CP38",341,18.9,28,13.9375,0.530625,7,2,1,16
447,"NN88652",1988,6,"19881SW80A","SW80A",846,19.1,32,11.83125,1.93,4,1,0,15
448,"NN88663",1989,7,"19891CP6","CP6",353,21,16,13.478125,1.025,5,2,1,16
449,"NN88664",1988,6,"19881W42","W42",899,18.9,33,11.671875,1.92375,8,1,1,15
450,"NN88667",1988,6,"19881EX53","EX53",438,18.6,33,11.671875,1.92375,5,1,0,15
451,"NN88673",1989,7,"19891EX43","EX43",413,19.2,18,13.6375,1.025,9,2,0,16
451,"NN88673",1990,8,"19901EX39A","EX39A",400,18.7,11,12.6375,1.025,9,3,0,17
452,"NN88679",1988,6,"19881B65","B65",152,18.8,39,12.075,2.453125,8,1,0,15
452,"NN88679",1989,7,"19891B155","B155",53,19,23,14.496875,0.50625,8,2,0,16
452,"NN88679",1990,8,"19901B155","B155",53,19.4,19,11.43125,0.843125,9,3,0,17
453,"NN88690",1988,6,"19881EX66","EX66",462,19.4,33,11.83125,1.93,7,1,1,15
454,"NN88700",1989,7,"19891O55","O55",662,18.2,19,14.271875,0.51875,8,2,1,16
455,"NN88703",1988,6,"19881EX11","EX11",360,18,32,11.83125,1.93,8,1,0,15
456,"NN88706",1988,6,"19881SW5","SW5",810,17.6,31,11.671875,1.92375,6,1,0,15
456,"NN88706",1990,8,"19901SW2","SW2",777,18.2,43,12.521875,1.498125,7,3,0,17
457,"NN88712",1988,6,"19881SW30","SW30",788,19.5,35,12.05625,2.570625,7,1,0,15
458,"NN88713",1988,6,"19881EX43C","EX43C",416,19,36,12.075,2.453125,9,1,0,15
459,"NN88716",1988,6,"19881EX60","EX60",447,19.7,34,11.8875,1.93,7,1,1,15
460,"NN88720",1988,6,"19881W11","W11",867,19.8,33,11.671875,1.92375,9,1,0,15
461,"NN88724",1988,6,"19881EX47A","EX47A",423,18.7,39,12,2.601875,7,1,1,15
461,"NN88724",1989,7,"19891EX49C","EX49C",429,18,17,13.89375,0.975,9,2,1,16
462,"NN88726",1988,6,"19881EX80","EX80",480,18.8,36,11.990625,2.253125,4,1,0,15
463,"NN88736",1989,7,"19891MP67","MP67",554,19.3,13,13.16875,0.6875,8,2,1,16
464,"NN88737",1988,6,"19881EX62","EX62",449,19.9,35,12.05625,2.570625,7,1,1,15
465,"NN88750",1988,6,"19881EX53","EX53",438,20,33,11.671875,1.92375,5,1,1,15
465,"NN88750",1991,9,"19911EX55","EX55",440,20.5,8,10.125,0.289375,9,4,1,18
466,"NN88767",1988,6,"19881B45","B45",135,17.7,40,12.075,2.453125,3,1,1,15
466,"NN88767",1989,7,"19891B143","B143",41,18.6,29,12.8625,0.671875,9,2,1,16
466,"NN88767",1990,8,"19901B220","B220",108,18.8,26,12.290625,0.35875,5,3,1,17
466,"NN88767",1991,9,"19911B144","B144",42,17.7,28,11.4125,0.515625,10,4,1,18
467,"NN88771",1988,6,"19881B226","B226",113,20.8,38,12.084375,2.24875,3,1,1,15
468,"NN88813",1988,6,"19881MP65","MP65",552,18.3,22,11.9875,0.775,8,1,1,15
469,"NN88834",1988,6,"19881B7","B7",157,19.3,41,12.084375,2.24875,4,1,1,15
470,"NN88841",1988,6,"19881MP56","MP56",542,18.1,27,11.575,1.3325,6,1,0,15
471,"NN88852",1988,6,"19881O101","O101",591,18.1,36,11.8875,1.93,7,1,0,15
471,"NN88852",1990,8,"19901O101","O101",591,17.9,15,11.31875,1.025,8,3,0,17
472,"NN88879",1989,7,"19891EX30","EX30",386,18.1,22,14.1625,0.525,9,2,1,16
473,"NN88885",1988,6,"19881W85","W85",949,19.9,24,11.384375,1.45,4,1,1,15
473,"NN88885",1990,8,"19901W87","W87",950,19.2,25,11.7875,0.4025,8,3,1,17
474,"NN88895",1988,6,"19881EX40","EX40",404,19.7,37,12,2.601875,7,1,1,15
474,"NN88895",1989,7,"19891EX42","EX42",411,19.3,35,11.515625,1.29875,7,2,1,16
474,"NN88895",1990,8,"19901EX39A","EX39A",400,19.3,11,12.6375,1.025,9,3,1,17
474,"NN88895",1991,9,"19911EX39A","EX39A",400,19.7,17,12.09375,0.2375,8,4,1,18
475,"NN88897",1988,6,"19881B30","B30",123,19.3,38,12,2.601875,6,1,1,15
476,"NN88899",1988,6,"19881W57","W57",917,18.7,34,11.83125,1.93,8,1,1,15
476,"NN88899",1989,7,"19891W42","W42",899,18.9,25,14.45,0.5125,8,2,1,16
477,"NN88904",1988,6,"19881W80","W80",945,19.6,37,12.05625,2.570625,8,1,1,15
478,"NN88912",1988,6,"19881W75","W75",938,18,42,12.29375,2.24875,6,1,0,15
479,"NN88914",1989,7,"19891CP5B","CP5B",352,20.9,19,14.271875,0.51875,9,2,1,16
479,"NN88914",1990,8,"19901CP2","CP2",321,20.8,21,11.615625,0.4025,8,3,1,17
480,"NN88916",1988,6,"19881EX39","EX39",399,19.7,35,12.05625,2.570625,9,1,1,15
480,"NN88916",1989,7,"19891EX39","EX39",399,19,17,13.971875,0.80625,11,2,1,16
481,"NN88923",1989,7,"19891EX64","EX64",460,17.8,34,12.44375,0.92625,6,2,0,16
481,"NN88923",1990,8,"19901EX64","EX64",460,20.1,26,11.615625,0.4025,7,3,0,17
482,"NN88924",1988,6,"19881CP24","CP24",326,19.1,39,12.084375,2.24875,7,1,0,15
483,"NN88938",1990,8,"19901SW104","SW104",736,19.2,16,11.196875,1.00625,6,3,0,17
483,"NN88938",1991,9,"19911C160A","C160A",245,18.1,25,12.3,0.135,7,4,0,18
484,"NN88941",1989,7,"19891B190","B190",80,18.8,24,14.45,0.5125,4,2,0,16
485,"NN88943",1988,6,"19881O84","O84",699,19.3,26,11.671875,1.92375,11,1,1,15
485,"NN88943",1989,7,"19891O84","O84",699,21.1,24,14.1625,0.525,7,2,1,16
485,"NN88943",1990,8,"19901O107","O107",597,20.9,17,11.31875,0.975,5,3,1,17
486,"NN88952",1989,7,"19891EX27","EX27",381,20.1,12,12.734375,0.66875,6,2,0,16
487,"NN88953",1988,6,"19881EX62D","EX62D",453,19.8,34,12.05625,2.570625,8,1,1,15
487,"NN88953",1989,7,"19891EX62E","EX62E",454,19.2,21,14.496875,0.50625,10,2,1,16
488,"NN88962",1988,6,"19881EX56","EX56",441,18.7,40,12.084375,2.24875,6,1,0,15
489,"NN88967",1988,6,"19881W1","W1",858,18.4,34,11.8875,1.93,9,1,0,15
490,"NN88977",1988,6,"19881EX13A","EX13A",364,19.8,28,11.2875,1.3575,7,1,0,15
491,"NN88979",1988,6,"19881W46","W46",903,19.9,39,12,2.601875,7,1,1,15
492,"NN88986",1988,6,"19881SW7","SW7",833,20.1,43,12.084375,2.24875,5,1,1,15
492,"NN88986",1989,7,"19891SW9","SW9",856,20.3,45,12.4875,1.11375,7,2,1,16
493,"NN88987",1990,8,"19901C14","C14",223,19.5,6,12.63125,0.6225,8,3,0,17
493,"NN88987",1991,9,"19911C114","C114",199,19.3,18,11.790625,0.2375,8,4,0,18
494,"PF71032",2024,42,"20241SW114","SW114",748,18.2,18,14.865625,3.150625,9,2,1,112
495,"PF71035",2023,41,"20231EX55","EX55",440,18.4,13,12.4625,1.555,7,1,1,111
496,"PF71057",2023,41,"20231W96","W96",958,16.9,34,13.090625,0.040625,7,1,0,111
497,"PF71236",2023,41,"20231SW38","SW38",796,17.2,20,12.665625,0.076875,7,1,0,111
498,"PF71250",2023,41,"20231EX14","EX14",365,19.7,24,12.775,0.0825,7,1,1,111
499,"PF71374",2022,40,"20221SW116","SW116",750,17.5,18,13.9875,1.819375,10,1,1,110
500,"PF71378",2022,40,"20221O59","O59",666,17.9,11,13.6125,1.86875,9,1,1,110
501,"PF71393",2022,40,"20221MP97","MP97",586,18.5,22,13.928125,1.356875,7,1,0,110
502,"PF71395",2022,40,"20221O68","O68",677,18.6,15,14.05625,1.765625,10,1,1,110
503,"PF71440",2024,42,"20241W50","W50",909,19.9,13,14.85625,1.143125,3,2,0,112
504,"PF71547",2023,41,"20231EX37","EX37",396,17.1,18,12.478125,0.43375,9,1,0,111
505,"PF71615",2023,41,"20231MP30","MP30",514,17.6,28,13.115625,0.079375,7,1,0,111
505,"PF71615",2024,42,"20241MP34","MP34",518,17,15,14.85625,1.143125,7,2,0,112
506,"PF71893",2024,42,"20241CP5A","CP5A",351,18.5,19,14.740625,3.420625,6,1,0,113
507,"PF71916",2023,41,"20231SW102","SW102",734,18.1,18,12.525,0.11,8,1,1,111
508,"PF71935",2024,42,"20241EX91","EX91",490,17.1,16,14.740625,3.420625,9,2,0,112
509,"PF71944",2023,41,"20231C19","C19",252,17.1,20,12.371875,0.630625,5,1,1,111
510,"PF71999",2023,41,"20231EX49","EX49",426,18,21,12.678125,0.0875,10,1,0,111
510,"PF71999",2024,42,"20241EX49","EX49",426,17.4,16,14.4125,3.6625,7,2,0,112
511,"PF72051",2023,41,"20231O71","O71",681,17.9,12,12.50625,2.063125,9,1,0,111
511,"PF72051",2024,42,"20241O65","O65",674,18.8,15,14.865625,3.150625,3,2,0,112
512,"PF72060",2023,41,"20231C40","C40",279,17.5,19,12.478125,0.43375,8,1,1,111
513,"PF72181",2022,40,"20221EX19A","EX19A",374,19.5,17,13.9875,1.819375,10,1,0,110
514,"PF72311",2024,42,"20241MP64","MP64",551,18.2,10,13.8625,0.949375,8,1,1,113
515,"PF72314",2024,42,"20241MP56","MP56",542,17.7,12,14.559375,1.568125,9,1,0,113
516,"PF72315",2024,42,"20241MP66","MP66",553,18.2,12,14.2875,1.564375,9,1,1,113
517,"PF72374",2024,42,"20241SW80","SW80",845,18.2,23,14.4125,3.6625,6,1,0,113
518,"PF72394",2024,42,"20241SW14","SW14",771,20.2,25,14.0875,3.820625,6,1,1,113
519,"PF72506",2022,40,"20221O14","O14",614,17.9,15,13.971875,1.678125,9,1,1,110
520,"PF72546",2022,40,"20221O56","O56",663,18.7,14,13.7875,1.81875,7,1,0,110
521,"PF72574",2022,40,"20221W66","W66",929,17,21,13.9875,1.819375,8,1,0,110
522,"PF72627",2024,42,"20241W94","W94",956,17.4,9,14.375,1.560625,8,1,1,113
523,"PF72628",2024,42,"20241W80","W80",945,18,20,14.740625,3.420625,2,1,0,113
524,"PF72678",2024,42,"20241EX40","EX40",404,17.8,17,14.740625,3.420625,7,1,1,113
525,"PF72718",2023,41,"20231EX64","EX64",460,18.9,24,12.678125,0.0875,8,1,0,111
526,"PF72722",2024,42,"20241W32","W32",889,17.8,12,14.2875,1.564375,9,2,0,112
527,"PF72817",2024,42,"20241EX34A","EX34A",392,17.8,8,14.85625,1.143125,11,2,0,112
528,"PF72821",2024,42,"20241EX34A","EX34A",392,18.5,8,14.85625,1.143125,11,2,1,112
529,"PF72914",2024,42,"20241W35","W35",892,17,14,14.98125,2.745625,8,1,0,113
530,"PF72917",2024,42,"20241W47","W47",904,17.9,17,14.978125,1.254375,6,1,1,113
531,"PF72947",2024,42,"20241W39","W39",896,18.9,18,14.98125,2.745625,6,1,1,113
532,"PF72990",2024,42,"20241EX68","EX68",464,18.4,20,13.565625,3.195,7,1,1,113
533,"PL91009",2023,41,"20231SW6","SW6",821,19.5,31,13.115625,0.041875,7,1,1,111
534,"PL91111",2024,42,"20241W45","W45",902,17.1,10,14.246875,1.04125,8,1,1,113
535,"PL91145",2024,42,"20241EX67","EX67",463,17.1,16,14.953125,3.13375,8,1,0,113
536,"PL91168",2024,42,"20241W59","W59",919,18.4,15,14.85625,1.143125,8,1,1,113
537,"PL91186",2024,42,"20241O106","O106",596,18.3,18,14.953125,3.13375,6,1,1,113
538,"PL91413",2024,42,"20241O105","O105",595,17.9,23,14.4125,3.6625,5,1,0,113
539,"PT90011",2024,42,"20241SW107","SW107",739,17.3,16,14.85625,1.143125,7,1,1,113
540,"PT90013",2024,42,"20241SW90","SW90",857,16.9,16,14.865625,3.150625,6,1,0,113
541,"PT90018",2024,42,"20241C160A","C160A",245,18.8,23,14.0875,3.820625,6,1,0,113
542,"PT90022",2024,42,"20241O6","O6",668,18.9,24,14.953125,3.13375,6,1,1,113
543,"PT90122",2024,42,"20241EX88","EX88",485,18.5,28,14.05,3.866875,5,1,1,113
544,"PT90127",2024,42,"20241W74","W74",937,18.9,18,14.978125,1.254375,5,1,0,113
545,"PT90138",2024,42,"20241EX73","EX73",470,17.9,24,14.05,3.866875,5,1,0,113
546,"PT90154",2024,42,"20241W7","W7",933,17,16,14.85625,1.143125,8,1,0,113
547,"PT90211",2024,42,"20241W21","W21",878,17.9,8,14.375,1.560625,9,1,0,113
548,"PT90324",2024,42,"20241EX49A","EX49A",427,18.7,11,14.865625,3.150625,9,1,1,113
549,"PT90372",2024,42,"20241O10","O10",589,18,17,14.740625,3.420625,8,1,0,113
550,"PT90377",2024,42,"20241SW101","SW101",732,18.7,18,14.740625,3.420625,7,1,1,113
551,"PT90380",2024,42,"20241C48","C48",286,18.8,21,14.865625,3.150625,7,1,1,113
552,"PT90392",2024,42,"20241C136","C136",220,17.8,9,14.559375,1.568125,8,1,1,113
553,"PT90435",2024,42,"20241SW32","SW32",790,18.3,17,14.865625,3.150625,9,1,0,113
554,"PT99102",2024,42,"20241EX71","EX71",468,18.4,30,13.65625,3.226875,5,1,1,113
555,"PT99121",2024,42,"20241SW55","SW55",816,17.5,17,14.634375,3.5875,8,1,1,113
556,"PT99152",2024,42,"20241EX41C","EX41C",408,18.9,13,14.98125,2.745625,7,1,1,113
557,"PT99176",2024,42,"20241SW44","SW44",803,18.8,15,14.740625,3.420625,7,1,1,113
558,"PT99197",2024,42,"20241O115","O115",606,17.4,23,14.4125,3.6625,9,1,1,113
559,"PT99208",2024,42,"20241B68","B68",155,17.4,22,14.4125,3.6625,6,1,0,113
560,"PT99261",2024,42,"20241B165","B165",62,17.8,17,14.740625,3.420625,7,1,1,113
561,"TA15017",2006,24,"20061SW105","SW105",737,17.5,22,12.13125,3.636875,9,4,0,64
562,"TA15018",2003,21,"20031SW111","SW111",745,18.5,36,15.26875,1.8175,6,1,0,61
563,"TA15019",2004,22,"20041C45","C45",284,17.3,19,12.6125,0.145,8,2,1,62
564,"TA15028",2003,21,"20031SW15","SW15",772,18.7,22,12.278125,2.36125,7,1,1,61
565,"TA15057",2003,21,"20031C3","C3",266,19,29,14.45,1.520625,5,1,1,61
565,"TA15057",2004,22,"20041C4","C4",278,18.5,26,12.84375,0.618125,8,2,1,62
566,"TA15058",2004,22,"20041B164","B164",61,18.2,21,12.640625,0.145,8,2,1,62
566,"TA15058",2005,23,"20051B162","B162",59,17.9,24,12.165625,1.31,6,3,1,63
567,"TA15071",2003,21,"20031MP55","MP55",541,18.8,25,12.278125,2.36125,6,1,1,61
568,"TA15081",2003,21,"20031B53","B53",142,17.9,26,13.8875,2.204375,8,1,0,61
568,"TA15081",2004,22,"20041B55","B55",144,18.8,20,12.6125,0.145,9,2,0,62
569,"TA15087",2004,22,"20041C123","C123",208,18,13,11.84375,1.7175,8,2,1,62
569,"TA15087",2005,23,"20051C151","C151",235,18.4,20,9.65,1.149375,7,3,1,63
569,"TA15087",2006,24,"20061C123","C123",208,18.5,20,12.3125,3.76875,9,4,1,64
569,"TA15087",2007,25,"20071C51","C51",290,18.7,18,12.0875,4.113125,9,5,1,65
570,"TA15099",2003,21,"20031P16","P16",715,16.8,22,12.278125,2.36125,8,1,1,61
570,"TA15099",2005,23,"20051P15","P15",714,17,16,9.409375,1.253125,7,3,1,63
571,"TA15116",2003,21,"20031C32","C32",268,17.1,21,14.18125,2.106875,8,1,1,61
572,"TA15118",2004,22,"20041C163","C163",249,18.3,20,12.7375,0.158125,8,2,1,62
572,"TA15118",2005,23,"20051C163","C163",249,18.2,14,9.375,1.599375,6,3,1,63
573,"TA15122",2003,21,"20031SW80A","SW80A",846,20.4,26,14.18125,2.106875,7,1,0,61
574,"TA15124",2005,23,"20051C11","C11",194,19.7,18,9.409375,1.253125,6,3,1,63
575,"TA15136",2004,22,"20041C24C","C24C",260,17.8,15,12.565625,0.74375,6,2,1,62
575,"TA15136",2005,23,"20051C58","C58",297,17.8,34,13.5875,1.255625,6,3,1,63
576,"TA15137",2004,22,"20041C130","C130",214,17.6,18,12.678125,0.174375,11,2,1,62
576,"TA15137",2005,23,"20051C20","C20",254,19,21,10.171875,1.07625,5,3,1,63
577,"TA15140",2004,22,"20041C152","C152",236,17.2,17,12.575,0.743125,7,2,0,62
578,"TA15149",2003,21,"20031C43","C43",282,18.6,28,14.18125,2.106875,7,1,0,61
578,"TA15149",2004,22,"20041C45","C45",284,19.4,19,12.6125,0.145,8,2,0,62
579,"TA15195",2003,21,"20031O117","O117",608,18.4,32,14.45,1.520625,7,1,1,61
580,"TA15200",2003,21,"20031W83","W83",947,17.5,26,14.45,1.520625,12,1,0,61
580,"TA15200",2004,22,"20041W84","W84",948,18.1,17,12.640625,0.19875,8,2,0,62
580,"TA15200",2006,24,"20061W81","W81",946,18.4,23,11.865625,3.72875,8,4,0,64
580,"TA15200",2007,25,"20071W85","W85",949,19.1,15,12.05,4.179375,10,5,0,65
581,"TA15224",2003,21,"20031C32","C32",268,17.2,21,14.18125,2.106875,8,1,0,61
581,"TA15224",2004,22,"20041C132","C132",216,17.6,17,12.565625,0.74375,6,2,0,62
582,"TA15227",2003,21,"20031C57","C57",296,18.7,21,11.09375,2.651875,7,1,1,61
582,"TA15227",2004,22,"20041C57","C57",296,18.8,15,12.415625,0.91875,7,2,1,62
582,"TA15227",2006,24,"20061C55","C55",294,19.8,22,12.053125,3.684375,6,4,1,64
582,"TA15227",2007,25,"20071C155","C155",238,19.5,12,11.91875,4.13875,5,5,1,65
583,"TA15228",2003,21,"20031SW33","SW33",791,20,19,12.278125,2.36125,9,1,1,61
584,"TA15239",2004,22,"20041SW16","SW16",773,19.5,18,12.6125,0.145,10,2,1,62
585,"TA15264",2004,22,"20041SW43","SW43",802,18.5,23,12.640625,0.145,7,1,1,66
586,"TA15272",2005,23,"20051SW131","SW131",767,19.6,26,12.021875,1.191875,7,2,0,67
587,"TA15297",2004,22,"20041EX8A","EX8A",487,19.8,24,12.84375,0.618125,10,1,1,66
588,"TA15313",2007,25,"20071C46","C46",285,19,17,12.0875,4.113125,10,2,1,75
588,"TA15313",2008,26,"20081C45","C45",284,19.1,11,13.428125,0.28125,9,3,1,76
589,"TA15328",2006,24,"20061EX41B","EX41B",407,17.5,30,11.475,3.008125,7,1,0,74
590,"TA15355",2007,25,"20071C107","C107",191,18.3,12,11.9625,4.174375,7,2,1,75
590,"TA15355",2008,26,"20081C107","C107",191,17.8,15,13.35625,0.281875,7,3,1,76
591,"TA15362",2006,24,"20061C143","C143",226,18.7,21,12.13125,3.636875,7,1,1,74
591,"TA15362",2007,25,"20071C42","C42",281,18.4,18,12.0875,4.113125,7,2,1,75
591,"TA15362",2008,26,"20081C44","C44",283,19.3,16,14.125,0.36375,6,3,1,76
592,"TA15376",2006,24,"20061EX43","EX43",413,18,27,11.475,3.008125,10,1,1,74
593,"TA15386",2006,24,"20061C137","C137",221,18,27,11.521875,3.5975,8,1,1,74
593,"TA15386",2008,26,"20081C36","C36",273,18.1,13,13.428125,0.28125,8,3,1,76
594,"TA15407",2003,21,"20031C141","C141",225,17.8,32,14.290625,1.839375,3,1,0,61
594,"TA15407",2004,22,"20041C128","C128",211,17,23,12.678125,0.174375,8,2,0,62
595,"TA15420",2003,21,"20031O41","O41",647,20.2,54,12.7875,2.231875,3,1,1,61
596,"TA15425",2005,23,"20051C61A","C61A",301,18.5,15,9.409375,1.253125,8,3,0,63
597,"TA15444",2003,21,"20031SW47","SW47",806,20.9,29,14.18125,2.106875,6,1,0,61
598,"TA15468",2003,21,"20031SW39","SW39",797,18.1,26,13.425,2.07375,5,1,1,61
598,"TA15468",2004,22,"20041SW30","SW30",788,18.3,17,12.415625,0.91875,8,2,1,62
599,"TA15479",2003,21,"20031EX48","EX48",424,19,24,13.425,2.07375,9,1,0,61
600,"TA15484",2003,21,"20031CP21","CP21",323,19.6,21,12.278125,2.36125,9,1,1,61
600,"TA15484",2004,22,"20041CP21","CP21",323,19.4,12,11.84375,1.7175,8,2,1,62
600,"TA15484",2005,23,"20051CP21","CP21",323,20.1,25,12.021875,1.191875,6,3,1,63
600,"TA15484",2006,24,"20061CP14A","CP14A",315,21,25,11.865625,3.72875,7,4,1,64
601,"TA15499",2005,23,"20051SW51","SW51",812,17.6,27,12.525,1.44,8,3,0,63
601,"TA15499",2006,24,"20061SW47","SW47",806,17,19,12.3125,3.76875,10,4,0,64
602,"TA15501",2003,21,"20031EX75","EX75",473,18.1,25,14.290625,1.839375,10,1,0,61
602,"TA15501",2004,22,"20041EX75","EX75",473,18.4,15,12.575,0.743125,11,2,0,62
603,"TA15502",2004,22,"20041B121","B121",23,19,26,12.678125,0.174375,6,2,1,62
604,"TA15513",2003,21,"20031B136","B136",33,18.5,27,14.18125,2.106875,8,1,0,61
604,"TA15513",2004,22,"20041B175","B175",70,17.6,21,12.640625,0.145,9,2,0,62
605,"TA15516",2003,21,"20031P7","P7",727,18.6,27,12.7875,2.231875,5,1,1,61
606,"TA15518",2003,21,"20031SW87","SW87",853,19.6,26,15.109375,1.725,3,1,0,61
607,"TA15522",2003,21,"20031B62A","B62A",149,18.4,23,11.371875,2.60875,7,1,1,61
607,"TA15522",2005,23,"20051P10","P10",709,18.3,28,12.525,1.44,7,3,1,63
607,"TA15522",2006,24,"20061B63","B63",150,18.4,22,11.865625,3.72875,12,4,1,64
608,"TA15531",2003,21,"20031EX22","EX22",378,18.7,27,12.278125,2.36125,4,1,0,61
608,"TA15531",2004,22,"20041W12","W12",868,18,20,12.7375,0.158125,4,2,0,62
608,"TA15531",2005,23,"20051EX22","EX22",378,18.3,24,11.946875,1.07,8,3,0,63
608,"TA15531",2006,24,"20061W13","W13",869,18.6,28,11.475,3.220625,7,4,0,64
608,"TA15531",2007,25,"20071W13","W13",869,18.4,17,12.0875,4.113125,7,5,0,65
609,"TA15539",2003,21,"20031W93","W93",955,18.8,19,11.371875,2.60875,8,1,1,61
610,"TA15541",2003,21,"20031W91","W91",953,18,28,14.18125,2.106875,5,1,0,61
610,"TA15541",2004,22,"20041W91","W91",953,18.6,20,12.640625,0.145,10,2,0,62
611,"TA15546",2003,21,"20031O77","O77",691,17.4,19,10.93125,2.7025,9,1,1,61
612,"TA15547",2003,21,"20031SW125","SW125",760,19.4,26,13.8875,2.204375,7,1,1,61
613,"TA15559",2003,21,"20031C3","C3",266,19.9,29,14.45,1.520625,5,1,0,61
613,"TA15559",2004,22,"20041C4","C4",278,19.4,26,12.84375,0.618125,8,2,0,62
613,"TA15559",2005,23,"20051C104","C104",188,18.8,33,13.746875,1.19375,6,3,0,63
614,"TA15577",2003,21,"20031EX40","EX40",404,17.5,22,12.278125,2.36125,9,1,0,61
614,"TA15577",2004,22,"20041EX7","EX7",466,17.8,10,12.565625,0.74375,9,2,0,62
614,"TA15577",2005,23,"20051EX3","EX3",385,18,27,13.01875,1.454375,9,3,0,63
615,"TA15588",2003,21,"20031W92","W92",954,18.6,26,12.7875,2.231875,7,1,0,61
615,"TA15588",2004,22,"20041W94","W94",956,19.4,17,12.575,0.743125,8,2,0,62
616,"TA15596",2003,21,"20031EX89","EX89",486,18.1,33,14.90625,1.54875,7,1,1,61
617,"TA15601",2003,21,"20031C8","C8",305,17.8,26,13.425,2.07375,7,1,1,61
618,"TA15607",2004,22,"20041O76","O76",690,18.3,24,12.859375,0.285,9,2,1,62
618,"TA15607",2005,23,"20051O75","O75",685,18.6,23,12.40625,1.3225,10,3,1,63
619,"TA15668",2003,21,"20031W51A","W51A",911,18.8,20,11.09375,2.651875,8,1,0,61
620,"TA15720",2003,21,"20031EX62C","EX62C",452,19,37,15.803125,1.84375,6,1,0,61
621,"TA15724",2003,21,"20031B205","B205",94,20.9,39,15.803125,1.84375,5,1,0,61
622,"TA15730",2003,21,"20031B69","B69",156,19,20,11.09375,2.651875,4,1,0,61
623,"TA15731",2003,21,"20031SW82","SW82",848,19.6,26,14.18125,2.106875,6,1,1,61
624,"TA15746",2003,21,"20031O3","O3",631,18,24,12.7875,2.231875,8,1,0,61
625,"TA15755",2003,21,"20031C61","C61",300,17.5,27,12.7875,2.231875,5,1,0,61
626,"TA15815",2005,23,"20051O59","O59",666,18.7,17,12.021875,1.191875,8,1,0,69
627,"TA15833",2005,23,"20051O118","O118",609,18.4,17,10.784375,1.07125,9,1,1,69
628,"TA15836",2005,23,"20051B70","B70",158,19.7,28,12.525,1.44,7,1,1,69
628,"TA15836",2008,26,"20081B140","B140",37,20.4,28,12.48125,2.959375,9,4,1,72
629,"TA15841",2005,23,"20051O60","O60",669,17,22,12.165625,1.31,10,1,0,69
630,"TA15843",2005,23,"20051O64","O64",673,18.5,24,12.021875,1.191875,8,1,1,69
631,"TA15923",2006,24,"20061W54","W54",914,19,27,11.475,3.220625,6,1,1,74
632,"TA15928",2006,24,"20061W42","W42",899,19.5,36,12.8625,1.014375,7,1,0,74
633,"TA15939",2006,24,"20061CP21","CP21",323,18.9,26,11.521875,3.5975,9,1,1,74
633,"TA15939",2007,25,"20071CP15","CP15",316,19.1,15,12.05,4.179375,8,2,1,75
634,"TA15992",2006,24,"20061W14","W14",870,17,39,14.371875,0.41,5,1,0,74
635,"TA16002",2003,21,"20031MP48","MP48",533,17.2,19,10.921875,2.463125,8,1,0,61
636,"TA16003",2003,21,"20031MP62","MP62",549,18.7,21,11.09375,2.651875,7,1,0,61
637,"TA16008",2003,21,"20031P12","P12",711,18.6,29,14.290625,1.839375,8,1,1,61
637,"TA16008",2004,22,"20041B161","B161",58,18.2,24,12.678125,0.174375,8,2,1,62
638,"TA16029",2003,21,"20031B163","B163",60,18.6,23,12.7875,2.231875,8,1,0,61
639,"TA16031",2003,21,"20031B69","B69",156,17.4,20,11.09375,2.651875,4,1,1,61
640,"TA16048",2003,21,"20031B139","B139",35,18.9,43,15.640625,1.901875,5,1,1,61
640,"TA16048",2004,22,"20041B203","B203",92,18.6,25,12.859375,0.285,7,2,1,62
641,"TA16053",2003,21,"20031B194","B194",83,18.3,27,13.8875,2.204375,6,1,0,61
642,"TA16059",2003,21,"20031B101","B101",4,18.9,26,13.425,2.07375,6,1,0,61
643,"TA16067",2003,21,"20031MP46","MP46",531,18.4,17,13.425,2.07375,10,1,1,61
643,"TA16067",2005,23,"20051MP48","MP48",533,19.5,24,12.165625,1.31,9,3,1,63
644,"TA16082",2004,22,"20041B119","B119",21,17.3,16,12.765625,0.105,8,2,0,62
645,"TA16086",2003,21,"20031MP83","MP83",572,18.8,15,10.921875,2.463125,11,1,0,61
646,"TA16099",2005,23,"20051MP85","MP85",574,19.5,24,13.746875,1.19375,10,3,1,63
646,"TA16099",2007,25,"20071MP21","MP21",505,19,14,12.046875,4.174375,7,5,1,65
647,"TA16103",2003,21,"20031MP24","MP24",508,17.4,20,11.09375,2.651875,8,1,1,61
648,"TA16115",2003,21,"20031MP48","MP48",533,18.2,19,10.921875,2.463125,8,1,1,61
649,"TA16116",2003,21,"20031MP70","MP70",558,17.6,20,11.09375,2.651875,9,1,1,61
650,"TA16121",2003,21,"20031MP50","MP50",536,18.7,23,12.7875,2.231875,6,1,0,61
651,"TA16125",2004,22,"20041B12","B12",22,17.5,30,12.79375,0.8375,7,2,1,62
652,"TA16146",2005,23,"20051B179","B179",72,18.5,23,12.021875,1.191875,8,3,0,63
652,"TA16146",2006,24,"20061B80","B80",166,18.6,22,12.13125,3.636875,9,4,0,64
653,"TA16149",2003,21,"20031P12","P12",711,18.1,29,14.290625,1.839375,8,1,0,61
654,"TA16153",2003,21,"20031SW74","SW74",838,19.1,24,12.7875,2.231875,6,1,0,61
654,"TA16153",2004,22,"20041P1","P1",708,18.5,17,12.640625,0.19875,10,2,0,62
654,"TA16153",2005,23,"20051SW78","SW78",842,19,28,13.465625,1.865,11,3,0,63
655,"TA16159",2003,21,"20031MP18","MP18",501,19.4,21,12.278125,2.36125,9,1,1,61
656,"TA16164",2003,21,"20031MP42","MP42",527,17.2,43,15.690625,1.901875,6,1,1,61
657,"TA16176",2003,21,"20031MP73","MP73",561,18.4,9,10.55625,1.413125,9,1,1,61
658,"TA16181",2003,21,"20031MP46","MP46",531,18,17,13.425,2.07375,10,1,0,61
659,"TA16183",2005,23,"20051MP53","MP53",539,19.2,8,9.60625,1.296875,11,3,1,63
660,"TA16184",2003,21,"20031MP66","MP66",553,17.3,11,10.55625,1.413125,7,1,0,61
660,"TA16184",2004,22,"20041MP65","MP65",552,18,9,12.415625,0.91875,10,2,0,62
660,"TA16184",2005,23,"20051MP65","MP65",552,18.2,10,9.134375,1.093125,6,3,0,63
660,"TA16184",2006,24,"20061MP66","MP66",553,18,18,12.3125,3.76875,10,4,0,64
660,"TA16184",2007,25,"20071MP65","MP65",552,17.6,13,11.9625,4.174375,9,5,0,65
661,"TA16185",2004,22,"20041W61","W61",922,20.1,23,12.859375,0.285,9,2,1,62
662,"TA16201",2003,21,"20031B115","B115",18,18.6,18,11.371875,2.60875,8,1,0,61
663,"TA16211",2003,21,"20031MP55","MP55",541,18.3,25,12.278125,2.36125,6,1,0,61
664,"TA16220",2003,21,"20031P7","P7",727,17.9,27,12.7875,2.231875,5,1,0,61
665,"TA16221",2004,22,"20041EX49B","EX49B",428,19.6,14,12.0875,1.1375,8,2,1,62
666,"TA16228",2003,21,"20031MP70","MP70",558,17.6,20,11.09375,2.651875,9,1,0,61
667,"TA16230",2003,21,"20031MP32","MP32",516,19.1,22,11.784375,2.52625,6,1,1,61
667,"TA16230",2004,22,"20041MP35","MP35",520,20,5,10.628125,2.92625,10,2,1,62
668,"TA16234",2004,22,"20041MP52","MP52",538,18.6,19,12.575,0.743125,7,2,1,62
669,"TA16238",2004,22,"20041MP44","MP44",529,17,6,11.2125,1.97375,12,2,0,62
670,"TA16239",2003,21,"20031MP25","MP25",509,18.6,24,12.7875,2.231875,8,1,1,61
670,"TA16239",2006,24,"20061MP35","MP35",520,18.4,18,12.3125,3.76875,11,4,1,64
670,"TA16239",2007,25,"20071MP35","MP35",520,19.3,18,12.0875,4.113125,8,5,1,65
671,"TA16240",2005,23,"20051MP75","MP75",563,19,21,11.51875,1.07,3,3,1,63
671,"TA16240",2006,24,"20061MP74","MP74",562,18.5,20,12.271875,3.86875,9,4,1,64
672,"TA16269",2004,22,"20041B185","B185",77,19.4,17,12.640625,0.19875,10,2,1,62
672,"TA16269",2005,23,"20051B85","B85",169,19.7,25,12.40625,1.3225,9,3,1,63
672,"TA16269",2006,24,"20061B196","B196",86,18.7,24,11.521875,3.5975,10,4,1,64
673,"TA16273",2005,23,"20051W103","W103",863,18.9,29,13.409375,1.83875,9,3,0,63
674,"TA16274",2003,21,"20031B25","B25",119,19,27,14.290625,1.839375,4,1,1,61
675,"TA16276",2004,22,"20041B100","B100",3,18.2,19,12.7375,0.158125,7,2,1,62
676,"TA16299",2003,21,"20031MP45","MP45",530,18.6,20,11.371875,2.60875,9,1,1,61
676,"TA16299",2004,22,"20041MP45","MP45",530,19.1,12,12.565625,0.74375,8,2,1,62
676,"TA16299",2006,24,"20061MP46","MP46",531,18.7,18,12.271875,3.86875,9,4,1,64
677,"TA16347",2003,21,"20031MP13","MP13",496,18.9,25,12.7875,2.231875,7,1,0,61
678,"TA16360",2004,22,"20041B201","B201",91,18.9,17,12.565625,0.74375,6,2,0,62
678,"TA16360",2005,23,"20051B201","B201",91,18.5,23,11.946875,1.07,3,3,0,63
679,"TA16385",2003,21,"20031B58","B58",147,16.2,27,13.8875,2.204375,4,1,0,61
679,"TA16385",2004,22,"20041B215","B215",103,17.3,16,12.565625,0.74375,8,2,0,62
679,"TA16385",2005,23,"20051B215","B215",103,17.2,20,11.946875,1.07,9,3,0,63
680,"TA16392",2003,21,"20031P6","P6",726,18.2,22,12.278125,2.36125,8,1,1,61
681,"TA16394",2004,22,"20041B169","B169",64,20.7,17,12.7375,0.158125,11,2,1,62
682,"TA16395",2003,21,"20031SW74","SW74",838,17.8,24,12.7875,2.231875,6,1,1,61
682,"TA16395",2004,22,"20041P1","P1",708,18.2,17,12.640625,0.19875,10,2,1,62
683,"TA16399",2003,21,"20031P13","P13",712,18.2,18,11.371875,2.60875,6,1,1,61
683,"TA16399",2005,23,"20051P13","P13",712,18,24,12.525,1.44,10,3,1,63
683,"TA16399",2006,24,"20061P4","P4",724,18.6,76,16.8375,0.5875,7,4,1,64
683,"TA16399",2007,25,"20071P12","P12",711,19.8,17,12.0875,4.113125,8,5,1,65
684,"TA16408",2003,21,"20031SW25","SW25",782,17.3,28,14.290625,1.839375,7,1,1,61
685,"TA16409",2004,22,"20041SW42","SW42",801,17.4,22,12.640625,0.145,8,2,0,62
686,"TA16420",2003,21,"20031SW49","SW49",808,18.2,27,14.18125,2.106875,8,1,0,61
687,"TA16421",2003,21,"20031MP45","MP45",530,19.1,20,11.371875,2.60875,9,1,0,61
688,"TA16427",2003,21,"20031MP86","MP86",575,18.6,20,11.371875,2.60875,9,1,1,61
689,"TA16432",2004,22,"20041B8","B8",165,19.5,28,12.771875,0.67875,5,2,1,62
690,"TA16439",2003,21,"20031B213","B213",101,18.2,28,15.109375,1.725,4,1,1,61
690,"TA16439",2004,22,"20041B208","B208",97,17.9,15,12.565625,0.74375,7,2,1,62
691,"TA16440",2003,21,"20031B204","B204",93,18.3,26,15.109375,1.725,9,1,1,61
691,"TA16440",2004,22,"20041B119","B119",21,19.4,16,12.765625,0.105,8,2,1,62
691,"TA16440",2005,23,"20051B21","B21",98,19.2,21,10.784375,1.07125,7,3,1,63
692,"TA16457",2003,21,"20031MP11","MP11",494,18.7,26,14.18125,2.106875,7,1,0,61
693,"TA16463",2003,21,"20031MP78","MP78",566,18.2,13,10.796875,2.34625,9,1,1,61
693,"TA16463",2004,22,"20041MP76","MP76",564,18.4,14,12.640625,0.19875,9,2,1,62
694,"TA16467",2003,21,"20031B53","B53",142,18.4,26,13.8875,2.204375,8,1,1,61
695,"TA16472",2004,22,"20041B16","B16",57,17.9,28,12.771875,0.67875,7,2,1,62
696,"TA16484",2003,21,"20031EX54","EX54",439,19.9,26,12.278125,2.36125,5,1,0,61
696,"TA16484",2004,22,"20041EX54","EX54",439,19.8,16,12.415625,0.91875,7,2,0,62
697,"TA16487",2003,21,"20031MP15","MP15",498,18.6,22,12.278125,2.36125,8,1,0,61
698,"TA16488",2003,21,"20031B226","B226",113,17.6,28,14.696875,1.436875,3,1,1,61
699,"TA16514",2005,23,"20051B192","B192",81,19.1,24,11.51875,1.07,7,3,1,63
700,"TA16519",2003,21,"20031SW35","SW35",793,18.6,24,13.8875,2.204375,8,1,1,61
700,"TA16519",2004,22,"20041SW34","SW34",792,19.2,19,12.765625,0.105,10,2,1,62
700,"TA16519",2005,23,"20051SW35","SW35",793,19,17,10.784375,1.07125,7,3,1,63
701,"TA16544",2003,21,"20031B49","B49",138,19.1,22,11.371875,2.60875,7,1,1,61
702,"TA16549",2003,21,"20031P23","P23",722,18.9,28,14.45,1.520625,3,1,0,61
703,"TA16557",2003,21,"20031SW27","SW27",784,17.5,22,11.784375,2.52625,7,1,1,61
704,"TA16565",2003,21,"20031B94","B94",178,20.6,31,14.290625,1.839375,6,1,0,61
705,"TA16588",2003,21,"20031CP4","CP4",344,17.4,27,14.696875,1.436875,3,1,0,61
706,"TA16589",2003,21,"20031EX60","EX60",447,17.5,29,14.18125,2.106875,7,1,0,61
707,"TA16592",2004,22,"20041CP41","CP41",347,18.5,18,12.565625,0.74375,7,2,0,62
708,"TA16651",2006,24,"20061W51","W51",910,17.5,30,11.715625,2.271875,4,1,0,74
709,"TA16655",2007,25,"20071EX31A","EX31A",388,18.1,15,12.046875,4.174375,8,2,1,75
710,"TA16661",2006,24,"20061SW1","SW1",730,18.9,33,12.8625,1.014375,9,1,0,74
711,"TA16663",2007,25,"20071W38","W38",895,19.4,21,12.546875,3.125625,9,2,1,75
711,"TA16663",2008,26,"20081W38","W38",895,19.7,28,12.703125,3.6325,9,3,1,76
711,"TA16663",2009,27,"20091W37","W37",894,18,19,11.74375,2.59875,10,4,1,77
712,"TA16664",2007,25,"20071CP25","CP25",327,19.5,15,12.046875,4.174375,8,2,1,75
713,"TA16681",2007,25,"20071O71","O71",681,18.9,15,11.9625,4.174375,8,2,0,75
713,"TA16681",2008,26,"20081O66","O66",675,17.5,14,13.35625,0.281875,8,3,0,76
713,"TA16681",2009,27,"20091O71","O71",681,17.7,14,11.275,2.251875,10,4,0,77
714,"TA16682",2006,24,"20061EX13","EX13",363,18.3,25,11.475,3.220625,10,1,1,74
715,"TA16701",2003,21,"20031EX43C","EX43C",416,16.4,22,15.1625,1.829375,6,1,0,61
716,"TA16706",2003,21,"20031W66","W66",929,17.4,26,12.7875,2.231875,7,1,1,61
717,"TA16718",2004,22,"20041EX80","EX80",480,18.4,17,12.765625,0.105,11,2,1,62
718,"TA16721",2003,21,"20031EX63","EX63",459,18.9,28,14.18125,2.106875,6,1,0,61
719,"TA16723",2003,21,"20031O23","O23",624,19.4,27,13.8875,2.204375,8,1,0,61
720,"TA16744",2004,22,"20041SW105","SW105",737,18.9,20,12.565625,0.74375,6,2,0,62
720,"TA16744",2005,23,"20051SW105","SW105",737,19.2,19,9.65,1.149375,5,3,0,63
720,"TA16744",2006,24,"20061C160A","C160A",245,18.2,26,11.65625,3.61125,6,4,0,64
721,"TA16749",2003,21,"20031O16","O16",616,19.1,39,15.871875,1.84375,1,1,0,61
722,"TA16754",2004,22,"20041W76","W76",940,19.4,17,12.565625,0.74375,9,2,0,62
723,"TA16757",2003,21,"20031EX31A","EX31A",388,19.4,20,11.09375,2.651875,8,1,0,61
723,"TA16757",2004,22,"20041EX31","EX31",387,19.2,13,11.84375,1.7175,9,2,0,62
723,"TA16757",2005,23,"20051EX31A","EX31A",388,19.9,20,10.784375,1.07125,8,3,0,63
724,"TA16759",2003,21,"20031EX42","EX42",411,17.8,21,11.784375,2.52625,6,1,1,61
725,"TA16761",2004,22,"20041EX41C","EX41C",408,20,17,12.575,0.743125,10,2,0,62
725,"TA16761",2006,24,"20061EX81A","EX81A",481,19.2,28,11.521875,3.5975,8,4,0,64
726,"TA16781",2003,21,"20031SW103","SW103",735,18.3,33,15.578125,1.8425,5,1,1,61
727,"TA16786",2003,21,"20031EX44","EX44",419,20.5,22,12.278125,2.36125,7,1,0,61
728,"TA16787",2003,21,"20031SW27","SW27",784,18.5,22,11.784375,2.52625,7,1,0,61
729,"TA16793",2003,21,"20031EX29A","EX29A",384,18.4,22,12.7875,2.231875,7,1,1,61
729,"TA16793",2004,22,"20041EX47","EX47",422,18.8,17,12.7375,0.158125,11,2,1,62
729,"TA16793",2005,23,"20051EX43E","EX43E",418,19.3,26,13.409375,1.83875,10,3,1,63
730,"TA16800",2003,21,"20031EX58","EX58",443,19.6,26,15.803125,1.84375,4,1,0,61
730,"TA16800",2005,23,"20051EX59","EX59",444,18.1,30,13.45625,1.88625,10,3,0,63
731,"TA16808",2003,21,"20031C127","C127",210,18.6,26,12.7875,2.231875,7,1,0,61
731,"TA16808",2004,22,"20041C123","C123",208,18.1,13,11.84375,1.7175,8,2,0,62
732,"TA16833",2004,22,"20041O29","O29",630,18.7,20,12.884375,0.355,10,2,1,62
732,"TA16833",2005,23,"20051O29","O29",630,18.3,21,10.784375,1.07125,5,3,1,63
732,"TA16833",2006,24,"20061O21","O21",622,18.5,25,11.65625,3.61125,9,4,1,64
732,"TA16833",2007,25,"20071O29","O29",630,18.2,23,12.415625,4.52875,9,5,1,65
733,"TA16839",2003,21,"20031O85","O85",700,17.8,22,11.784375,2.52625,7,1,0,61
734,"TA16843",2003,21,"20031CP30","CP30",333,17.7,34,14.90625,1.54875,7,1,0,61
735,"TA16845",2003,21,"20031CP24","CP24",326,18.2,30,14.290625,1.839375,7,1,1,61
736,"TA16848",2003,21,"20031O87","O87",702,18.3,19,10.93125,2.7025,6,1,0,61
736,"TA16848",2004,22,"20041O106","O106",596,20.3,24,12.884375,0.355,8,2,0,62
737,"TA16851",2003,21,"20031SW39","SW39",797,19.3,26,13.425,2.07375,5,1,0,61
738,"TA16861",2003,21,"20031EX39C","EX39C",402,17.6,25,14.18125,2.106875,9,1,0,61
738,"TA16861",2004,22,"20041EX42A","EX42A",412,18.2,19,12.678125,0.174375,9,2,0,62
738,"TA16861",2005,23,"20051EX44","EX44",419,17.7,27,13.465625,1.865,11,3,0,63
738,"TA16861",2006,24,"20061EX42A","EX42A",412,16.9,30,12.8625,1.014375,10,4,0,64
738,"TA16861",2007,25,"20071EX39C","EX39C",402,17.5,20,12.415625,4.52875,9,5,0,65
739,"TA16864",2003,21,"20031EX29A","EX29A",384,17.9,22,12.7875,2.231875,7,1,0,61
739,"TA16864",2004,22,"20041EX47","EX47",422,18.2,17,12.7375,0.158125,11,2,0,62
739,"TA16864",2005,23,"20051EX43E","EX43E",418,18.1,26,13.409375,1.83875,10,3,0,63
740,"TA16865",2003,21,"20031EX62","EX62",449,17.1,28,14.290625,1.839375,5,1,1,61
741,"TA16894",2003,21,"20031CP6","CP6",353,18.6,34,15.1625,1.829375,5,1,0,61
742,"TA16896",2003,21,"20031EX14B","EX14B",367,18.2,9,10.71875,1.454375,11,1,1,61
743,"TA16901",2003,21,"20031P16","P16",715,17.2,22,12.278125,2.36125,8,1,0,61
744,"TA16908",2003,21,"20031CP31","CP31",334,18.6,29,14.18125,2.106875,6,1,1,61
744,"TA16908",2004,22,"20041CP29","CP29",331,19.3,27,12.7375,0.6875,9,2,1,62
745,"TA16909",2003,21,"20031W15","W15",871,18.8,24,13.8875,2.204375,5,1,1,61
746,"TA16923",2003,21,"20031EX43B","EX43B",415,18.5,26,12.7875,2.231875,8,1,0,61
747,"TA16926",2004,22,"20041EX67","EX67",463,18.4,19,12.6125,0.145,7,2,0,62
748,"TA16928",2003,21,"20031EX89","EX89",486,18.7,33,14.90625,1.54875,7,1,0,61
748,"TA16928",2004,22,"20041EX89","EX89",486,18.8,25,12.884375,0.355,8,2,0,62
748,"TA16928",2005,23,"20051O103","O103",593,19.5,27,13.01875,1.454375,7,3,0,63
749,"TA16957",2003,21,"20031W13","W13",869,17.8,27,14.18125,2.106875,4,1,0,61
750,"TA16959",2005,23,"20051O8","O8",694,19,17,10.171875,1.07625,9,3,1,63
751,"TA16966",2003,21,"20031P17","P17",716,18.2,24,12.278125,2.36125,7,1,1,61
752,"TA16975",2003,21,"20031EX39C","EX39C",402,18.7,25,14.18125,2.106875,9,1,1,61
753,"TA16995",2003,21,"20031W31","W31",888,17.8,22,11.371875,2.60875,9,1,0,61
754,"TB21501",2006,24,"20061MP66","MP66",553,18.9,18,12.3125,3.76875,10,3,1,68
755,"TB21507",2004,22,"20041SW86","SW86",852,17.4,14,12.0875,1.1375,8,1,0,66
755,"TB21507",2005,23,"20051SW84A","SW84A",851,18.8,35,13.2125,1.363125,0,2,0,67
756,"TB21524",2004,22,"20041B123","B123",25,19.2,16,12.575,0.743125,6,1,1,66
756,"TB21524",2005,23,"20051B23","B23",117,15.8,16,9.375,1.326875,6,2,1,67
757,"TB21526",2004,22,"20041B149","B149",47,17.1,28,12.7375,0.6875,8,1,0,66
758,"TB21528",2005,23,"20051B223","B223",111,18.3,27,13.409375,1.83875,4,2,1,67
759,"TB21613",2006,24,"20061MP25","MP25",509,19.7,23,11.865625,3.72875,9,3,1,68
760,"TB21620",2004,22,"20041B149","B149",47,17.3,28,12.7375,0.6875,8,1,1,66
761,"TB21623",2004,22,"20041MP25","MP25",509,18.5,18,12.640625,0.19875,7,1,1,66
762,"TB21633",2004,22,"20041SW50","SW50",811,17.1,17,12.565625,0.74375,9,1,0,66
762,"TB21633",2005,23,"20051SW49","SW49",808,16.5,26,12.40625,1.3225,5,2,0,67
763,"TB21634",2004,22,"20041O37","O37",640,18.5,24,12.859375,0.285,7,1,1,66
764,"TB21644",2005,23,"20051B188","B188",78,20,13,9.65,1.149375,8,2,0,67
765,"TB21648",2004,22,"20041B201","B201",91,18.6,17,12.565625,0.74375,6,1,1,66
765,"TB21648",2005,23,"20051B201","B201",91,19,23,11.946875,1.07,3,2,1,67
765,"TB21648",2006,24,"20061B207","B207",96,18.2,23,12.271875,3.86875,4,3,1,68
766,"TB21664",2004,22,"20041B117","B117",20,18.1,16,12.640625,0.19875,6,1,1,66
767,"TB21667",2004,22,"20041MP18","MP18",501,18,22,12.640625,0.145,8,1,1,66
767,"TB21667",2005,23,"20051MP90","MP90",580,18.5,32,13.45625,1.88625,4,2,1,67
767,"TB21667",2006,24,"20061MP89","MP89",578,18.6,24,12.13125,3.636875,8,3,1,68
768,"TB21811",2004,22,"20041EX65","EX65",461,19.4,20,12.7375,0.158125,8,1,0,66
769,"TB21870",2004,22,"20041O25","O25",626,18.7,24,12.859375,0.285,7,1,0,66
770,"TB21933",2004,22,"20041SW70","SW70",834,18.8,18,12.640625,0.19875,10,1,1,66
771,"TB21936",2004,22,"20041B208","B208",97,17.8,15,12.565625,0.74375,7,1,0,66
772,"TB26009",2007,25,"20071MP89","MP89",578,17.6,19,12.659375,3.490625,9,3,1,71
773,"TB26015",2006,24,"20061SW82","SW82",848,18,26,11.65625,3.61125,8,2,0,70
774,"TB26018",2005,23,"20051B10","B10",2,17.3,35,13.5875,1.255625,7,1,0,69
775,"TB26037",2005,23,"20051MP31","MP31",515,19.2,14,9.65,1.149375,7,1,1,69
776,"TB26045",2005,23,"20051P12","P12",711,18.4,24,12.021875,1.191875,8,1,0,69
777,"TB26053",2005,23,"20051SW82","SW82",848,18.4,27,13.01875,1.454375,8,1,0,69
778,"TB26054",2005,23,"20051MP59","MP59",545,18,21,10.784375,1.07125,8,1,0,69
778,"TB26054",2006,24,"20061MP75","MP75",563,18.6,19,12.3125,3.76875,8,2,0,70
778,"TB26054",2007,25,"20071MP73","MP73",561,19,13,12.046875,4.174375,12,3,0,71
779,"TB26055",2005,23,"20051SW41","SW41",800,18.5,26,13.01875,1.454375,8,1,0,69
780,"TB26068",2005,23,"20051B14","B14",36,18.9,25,12.525,1.44,7,1,1,69
781,"TB26071",2005,23,"20051B141","B141",38,18.5,22,11.946875,1.07,7,1,1,69
781,"TB26071",2006,24,"20061B170","B170",65,19,22,12.271875,3.86875,8,2,1,70
781,"TB26071",2007,25,"20071B72","B72",160,18.4,19,12.659375,3.490625,9,3,1,71
782,"TB26074",2006,24,"20061MP92","MP92",581,18.2,25,11.865625,3.72875,8,2,1,70
783,"TB26077",2006,24,"20061MP78","MP78",566,18.8,23,12.13125,3.636875,8,2,0,70
783,"TB26077",2007,25,"20071MP75","MP75",563,18.5,15,12.046875,4.174375,8,3,0,71
783,"TB26077",2008,26,"20081MP76","MP76",564,18,22,12.3875,1.77125,7,4,0,72
784,"TB26082",2005,23,"20051MP70","MP70",558,18.6,21,10.784375,1.07125,5,1,1,69
785,"TB26085",2008,26,"20081MP64","MP64",551,19,18,13.2125,0.400625,9,4,1,72
786,"TB26097",2008,26,"20081MP41","MP41",526,18.1,24,11.853125,3.08375,5,4,1,72
787,"TB26105",2005,23,"20051SW70","SW70",834,17.1,29,13.5875,1.255625,12,1,0,69
787,"TB26105",2006,24,"20061SW72","SW72",836,18,24,11.475,3.220625,12,2,0,70
787,"TB26105",2007,25,"20071SW72","SW72",836,18.4,21,12.171875,4.8325,10,3,0,71
787,"TB26105",2009,27,"20091SW70","SW70",834,18.3,18,12.353125,2.66625,9,5,0,73
788,"TB26120",2005,23,"20051MP42","MP42",527,17.5,16,9.375,1.326875,5,1,1,69
788,"TB26120",2006,24,"20061MP37","MP37",522,18.5,18,12.5875,3.361875,8,2,1,70
789,"TB26121",2006,24,"20061MP35","MP35",520,18,18,12.3125,3.76875,11,2,0,70
789,"TB26121",2007,25,"20071MP80","MP80",569,18.6,11,11.778125,4.12625,9,3,0,71
789,"TB26121",2008,26,"20081MP36","MP36",521,18.5,13,14.125,0.36375,8,4,0,72
790,"TB26122",2005,23,"20051C24A","C24A",258,18.5,15,9.375,1.326875,8,1,0,69
791,"TB26140",2005,23,"20051B190","B190",80,19.4,17,9.409375,1.253125,8,1,0,69
792,"TB26142",2005,23,"20051SW40","SW40",799,18.5,34,13.5875,1.255625,8,1,1,69
793,"TB26144",2005,23,"20051MP50","MP50",536,18.5,11,9.375,1.599375,8,1,0,69
793,"TB26144",2006,24,"20061MP46","MP46",531,19.4,18,12.271875,3.86875,9,2,0,70
794,"TB26166",2005,23,"20051MP55","MP55",541,19.4,16,9.375,1.326875,7,1,1,69
794,"TB26166",2006,24,"20061MP60","MP60",547,20,22,12.271875,3.86875,9,2,1,70
794,"TB26166",2007,25,"20071MP55","MP55",541,21,9,11.909375,3.343125,11,3,1,71
794,"TB26166",2008,26,"20081MP55","MP55",541,20.5,17,13.040625,0.445625,5,4,1,72
795,"TB26185",2005,23,"20051MP7","MP7",557,19,31,13.61875,1.41625,9,1,0,69
796,"TB26193",2005,23,"20051B194A","B194A",84,19,15,10.171875,1.07625,7,1,1,69
796,"TB26193",2007,25,"20071B194A","B194A",84,20.2,14,11.91875,4.13875,7,3,1,71
797,"TB26213",2005,23,"20051EX56","EX56",441,18.6,30,13.409375,1.83875,8,1,1,69
797,"TB26213",2006,24,"20061EX56","EX56",441,18.6,23,12.13125,3.636875,9,2,1,70
797,"TB26213",2007,25,"20071EX56","EX56",441,18.9,11,11.778125,4.12625,10,3,1,71
798,"TB26221",2005,23,"20051W94","W94",956,19,26,12.40625,1.3225,9,1,0,69
798,"TB26221",2006,24,"20061W95","W95",957,19.5,25,11.65625,3.61125,8,2,0,70
798,"TB26221",2007,25,"20071W94","W94",956,19.5,11,11.778125,4.12625,9,3,0,71
799,"TB26267",2005,23,"20051B24","B24",118,19.8,30,13.01875,1.454375,8,1,1,69
800,"TB26276",2005,23,"20051MP92","MP92",581,19.5,24,12.40625,1.3225,7,1,1,69
801,"TB26283",2005,23,"20051P14","P14",713,18.6,24,9.65,1.149375,8,1,0,69
802,"TB26327",2005,23,"20051B174","B174",69,19,43,13.746875,1.19375,7,1,0,69
803,"TB26336",2005,23,"20051B161","B161",58,18.5,23,12.021875,1.191875,7,1,1,69
804,"TB26349",2005,23,"20051B48","B48",137,18.5,24,11.946875,1.07,7,1,0,69
805,"TB26356",2005,23,"20051O10","O10",589,18,22,11.946875,1.07,7,1,0,69
806,"TB26361",2005,23,"20051EX59","EX59",444,19.2,30,13.45625,1.88625,10,1,1,69
807,"TB26362",2006,24,"20061EX62E","EX62E",454,18.1,26,11.475,3.220625,11,2,0,70
807,"TB26362",2007,25,"20071EX61","EX61",448,18,17,12.19375,3.989375,8,3,0,71
808,"TB26367",2005,23,"20051SW21","SW21",779,18,26,13.01875,1.454375,9,1,0,69
809,"TB26377",2006,24,"20061W105","W105",866,18,24,11.521875,3.5975,10,2,0,70
809,"TB26377",2007,25,"20071W105","W105",866,17.9,14,12.19375,3.989375,13,3,0,71
809,"TB26377",2008,26,"20081W104","W104",865,18.5,15,12.740625,0.92625,10,4,0,72
809,"TB26377",2009,27,"20091W105","W105",866,18.9,11,11.275,2.251875,10,5,0,73
810,"TB26378",2005,23,"20051EX22","EX22",378,19.9,24,11.946875,1.07,8,1,1,69
811,"TB26383",2005,23,"20051EX11","EX11",360,19.1,29,13.409375,1.83875,6,1,0,69
812,"TB26387",2006,24,"20061W44","W44",901,16.4,29,11.475,3.220625,7,2,0,70
813,"TB26389",2005,23,"20051EX16","EX16",369,18.8,23,12.165625,1.31,9,1,0,69
814,"TB26510",2005,23,"20051MP60","MP60",547,18.4,14,9.375,1.326875,11,1,0,69
815,"TB26517",2005,23,"20051O28","O28",629,18,23,10.784375,1.07125,6,1,1,69
816,"TB26520",2005,23,"20051C148","C148",231,17.6,13,9.409375,1.253125,10,1,0,69
817,"TB26552",2005,23,"20051O19","O19",619,18.8,22,11.51875,1.07,7,1,0,69
818,"TB26555",2005,23,"20051C160B","C160B",246,18.4,16,11.51875,1.07,6,1,1,69
819,"TB26574",2005,23,"20051CP33","CP33",336,17.7,24,12.40625,1.3225,9,1,0,69
819,"TB26574",2006,24,"20061CP33","CP33",336,17.9,22,12.13125,3.636875,7,2,0,70
820,"TB26577",2005,23,"20051EX51D","EX51D",436,17.9,23,11.946875,1.07,6,1,1,69
821,"TB26579",2005,23,"20051O86","O86",701,18.2,24,13.01875,1.454375,8,1,1,69
822,"TB26583",2005,23,"20051O81","O81",696,17.5,19,11.946875,1.07,9,1,1,69
822,"TB26583",2006,24,"20061O82","O82",697,18.5,27,11.93125,1.595,5,2,1,70
822,"TB26583",2007,25,"20071O82","O82",697,19,17,12.05,4.179375,8,3,1,71
823,"TB26591",2005,23,"20051W103","W103",863,18.8,29,13.409375,1.83875,9,1,1,69
824,"TB26596",2006,24,"20061W1","W1",858,18.8,22,11.475,3.220625,6,2,1,70
825,"TB26600",2007,25,"20071W83","W83",947,19.6,13,12.046875,4.174375,10,3,1,71
825,"TB26600",2008,26,"20081W83","W83",947,18.5,15,13.040625,0.445625,8,4,1,72
826,"TB26601",2005,23,"20051CP1","CP1",308,19.1,30,13.409375,1.83875,8,1,1,69
826,"TB26601",2006,24,"20061CP5B","CP5B",352,19.2,25,11.865625,3.72875,7,2,1,70
826,"TB26601",2007,25,"20071CP5B","CP5B",352,19.3,18,12.0875,4.113125,7,3,1,71
826,"TB26601",2008,26,"20081CP5B","CP5B",352,19.5,27,12.48125,2.959375,8,4,1,72
826,"TB26601",2009,27,"20091CP2","CP2",321,19.1,14,11.28125,2.20375,7,5,1,73
827,"TB26607",2006,24,"20061W3","W3",887,18,26,11.865625,3.72875,6,2,0,70
828,"TB26609",2005,23,"20051W5","W5",908,17.4,25,12.165625,1.31,8,1,0,69
829,"TB26611",2005,23,"20051EX65","EX65",461,19.7,24,13.45625,1.88625,9,1,0,69
830,"TB26623",2005,23,"20051CP19","CP19",320,18.1,27,12.40625,1.3225,5,1,1,69
830,"TB26623",2006,24,"20061CP19","CP19",320,18.4,26,11.521875,3.5975,5,2,1,70
831,"TB26624",2005,23,"20051W14","W14",870,18.4,23,11.51875,1.07,6,1,0,69
832,"TB26643",2005,23,"20051EX43D","EX43D",417,18.7,23,12.021875,1.191875,9,1,1,69
833,"TB26647",2005,23,"20051B32","B32",125,18.2,32,13.61875,1.41625,7,1,0,69
834,"TB26651",2005,23,"20051B227","B227",114,17.2,33,13.746875,1.19375,7,1,0,69
835,"TB26658",2006,24,"20061EX7","EX7",466,17.8,24,11.521875,3.5975,7,2,1,70
835,"TB26658",2007,25,"20071EX7","EX7",466,18.8,18,12.659375,3.490625,11,3,1,71
836,"TB26660",2005,23,"20051W33","W33",890,19.6,30,13.465625,1.865,9,1,0,69
837,"TB26663",2006,24,"20061O69","O69",678,17.7,22,12.3125,3.76875,5,2,0,70
837,"TB26663",2007,25,"20071O65","O65",674,19.2,13,11.778125,4.12625,7,3,0,71
837,"TB26663",2009,27,"20091O65","O65",674,17.2,12,10.909375,2.00375,8,5,0,73
838,"TB26668",2005,23,"20051C160A","C160A",245,17.7,25,12.021875,1.191875,5,1,1,69
839,"TB26670",2005,23,"20051O74","O74",684,17,13,10.171875,1.07625,11,1,0,69
840,"TB26672",2006,24,"20061EX49B","EX49B",428,18.7,20,12.3875,3.73,8,2,1,70
840,"TB26672",2007,25,"20071EX49B","EX49B",428,19.8,19,12.19375,3.989375,8,3,1,71
841,"TB26674",2005,23,"20051EX69","EX69",465,18.1,30,13.5875,1.255625,9,1,0,69
842,"TB26680",2005,23,"20051CP24","CP24",326,19.2,31,13.465625,1.865,8,1,0,69
843,"TB26693",2005,23,"20051W50","W50",909,18.7,26,12.165625,1.31,6,1,0,69
843,"TB26693",2006,24,"20061W69","W69",932,18.9,26,11.475,3.008125,9,2,0,70
843,"TB26693",2007,25,"20071W50","W50",909,19.2,17,12.19375,3.989375,9,3,0,71
844,"TB26694",2006,24,"20061CP25","CP25",327,18.4,26,11.65625,3.61125,8,2,0,70
845,"TB26696",2005,23,"20051SW14","SW14",771,18,31,13.409375,1.83875,8,1,0,69
845,"TB26696",2006,24,"20061SW130","SW130",766,18.5,32,11.93125,1.595,7,2,0,70
845,"TB26696",2007,25,"20071SW130","SW130",766,18.5,17,12.19375,3.989375,10,3,0,71
845,"TB26696",2008,26,"20081SW128","SW128",763,17.8,33,13.79375,4.449375,7,4,0,72
846,"TB26699",2005,23,"20051W40","W40",897,17.8,20,11.51875,1.07,8,1,0,69
846,"TB26699",2006,24,"20061W46","W46",903,18.6,25,11.475,3.220625,10,2,0,70
846,"TB26699",2007,25,"20071W46","W46",903,18.5,17,12.0875,4.113125,9,3,0,71
847,"TB26723",2007,25,"20071MP31","MP31",515,18.4,16,12.19375,3.989375,11,1,1,78
848,"TB26724",2008,26,"20081MP47","MP47",532,17.3,15,14.125,0.36375,8,2,0,79
849,"TB26731",2008,26,"20081MP53","MP53",539,19.1,14,13.35625,0.281875,7,2,1,79
850,"TB26734",2007,25,"20071MP78","MP78",566,18,19,12.19375,3.989375,9,1,1,78
850,"TB26734",2009,27,"20091MP78","MP78",566,18.5,14,11.275,2.251875,9,3,1,80
850,"TB26734",2010,28,"20101MP77","MP77",565,18.1,15,10.2625,0.480625,10,4,1,81
851,"TB26783",2007,25,"20071SW55","SW55",816,20,17,12.19375,3.989375,8,1,1,78
852,"TB26839",2007,25,"20071EX51","EX51",432,18.5,15,11.9625,4.174375,7,1,0,78
853,"TB26841",2008,26,"20081W100","W100",860,19.4,18,13.2125,0.400625,8,2,0,79
854,"TB26845",2007,25,"20071SW90","SW90",857,18.6,14,11.91875,4.13875,8,1,0,78
855,"TB26883",2007,25,"20071W99A","W99A",962,18.6,22,12.659375,3.490625,6,1,1,78
856,"TB26884",2007,25,"20071CP4","CP4",344,18.4,15,12.046875,4.174375,8,1,1,78
857,"TB26890",2007,25,"20071EX51C","EX51C",435,18.5,17,12.0875,4.113125,9,1,0,78
857,"TB26890",2008,26,"20081EX51B","EX51B",434,19.5,20,11.96875,2.36,9,2,0,79
857,"TB26890",2009,27,"20091EX51C","EX51C",435,18.5,18,11.459375,2.199375,9,3,0,80
858,"TB26893",2007,25,"20071EX19","EX19",373,18.1,17,12.0875,4.113125,9,1,1,78
859,"TB26900",2008,26,"20081SW80A","SW80A",846,17.6,30,13.321875,4.096875,8,2,0,79
860,"TB27018",2004,22,"20041MP88","MP88",577,17.5,16,12.640625,0.19875,9,1,1,66
860,"TB27018",2005,23,"20051MP17","MP17",500,19.7,31,13.5875,1.255625,9,2,1,67
860,"TB27018",2006,24,"20061MP15","MP15",498,18.5,18,12.815625,3.53875,8,3,1,68
861,"TB27024",2004,22,"20041C61","C61",300,16.9,20,12.640625,0.19875,5,1,0,66
862,"TB27055",2007,25,"20071EX41D","EX41D",409,19.4,16,12.0875,4.113125,8,2,1,75
862,"TB27055",2008,26,"20081EX41D","EX41D",409,20.1,30,12.703125,3.6325,7,3,1,76
863,"TB27061",2007,25,"20071EX73","EX73",470,19.8,21,12.546875,3.125625,9,2,0,75
864,"TB27128",2007,25,"20071C114","C114",199,19.5,15,11.9625,4.174375,7,1,1,78
864,"TB27128",2008,26,"20081C14","C14",223,20.1,15,14.125,0.36375,6,2,1,79
865,"TB27138",2007,25,"20071C148","C148",231,19.2,15,12.0875,4.113125,11,1,0,78
865,"TB27138",2008,26,"20081C45","C45",284,20.1,11,13.428125,0.28125,9,2,0,79
865,"TB27138",2010,28,"20101C46","C46",285,19.1,13,10.2625,0.480625,9,4,0,81
866,"TB27160",2007,25,"20071C135","C135",219,18.1,14,12.046875,4.174375,8,1,1,78
866,"TB27160",2008,26,"20081C58","C58",297,18.3,21,11.76875,2.538125,8,2,1,79
867,"TB27161",2008,26,"20081SW59","SW59",820,16.1,40,14.38125,3.2125,6,2,1,79
868,"TB27182",2007,25,"20071O55","O55",662,18.8,17,12.19375,3.989375,10,1,0,78
868,"TB27182",2008,26,"20081O55","O55",662,18,17,13.040625,0.445625,9,2,0,79
869,"TB27188",2007,25,"20071O37","O37",640,18.5,18,12.19375,3.989375,11,1,0,78
870,"TB27200",2007,25,"20071C122","C122",207,17.8,13,12.046875,4.174375,11,1,1,78
870,"TB27200",2008,26,"20081C19","C19",252,18.8,26,12.2625,2.990625,9,2,1,79
870,"TB27200",2009,27,"20091C20","C20",254,18.8,13,11.275,2.251875,10,3,1,80
871,"TB27233",2008,26,"20081SW35","SW35",793,20.8,27,12.48125,2.959375,9,1,1,82
872,"TB27235",2008,26,"20081SW67","SW67",830,19.4,36,13.790625,4.551875,5,1,1,82
873,"TB27250",2009,27,"20091C52","C52",291,18.2,9,10.86875,1.944375,10,2,1,83
873,"TB27250",2010,28,"20101C57","C57",296,17.6,16,11.371875,0.104375,8,3,1,84
874,"TB27253",2008,26,"20081C163","C163",249,17.4,19,11.76875,2.538125,9,1,0,82
875,"TB27254",2009,27,"20091C9A","C9A",307,19.8,10,11.078125,1.72375,7,2,1,83
876,"TB27255",2008,26,"20081C33","C33",269,18.5,24,11.96875,2.36,8,1,1,82
876,"TB27255",2010,28,"20101C13","C13",213,19.5,50,13.86875,2.240625,9,3,1,84
876,"TB27255",2010,28,"20101C108","C108",192,18,14,10.2625,0.480625,11,3,1,84
877,"TB27262",2008,26,"20081C160B","C160B",246,19.4,25,11.853125,3.08375,8,1,0,82
878,"TB27272",2008,26,"20081C157","C157",240,18.4,17,13.428125,0.28125,7,1,1,82
879,"TB27277",2008,26,"20081EX70","EX70",467,18.3,27,12.2625,2.990625,8,1,0,82
880,"TB27280",2008,26,"20081O67","O67",676,19.4,14,13.428125,0.28125,3,1,1,82
881,"TB27284",2008,26,"20081C112","C112",197,17.3,25,11.9625,3.085,7,1,0,82
882,"TB27289",2008,26,"20081C105","C105",189,18.7,18,12.3875,1.77125,6,1,1,82
883,"TB27291",2010,28,"20101C110","C110",195,17.9,20,11.696875,0.0975,8,3,1,84
884,"TB27296",2008,26,"20081C23","C23",256,18.3,18,13.2125,0.400625,6,1,1,82
885,"TB27303",2007,25,"20071SW110","SW110",744,18,15,12.046875,4.174375,9,1,0,78
886,"TB27305",2007,25,"20071O68","O68",677,17.5,15,12.0875,4.113125,10,1,0,78
887,"TB27306",2007,25,"20071O52","O52",659,17.7,13,12.046875,4.174375,9,1,0,78
888,"TB27312",2007,25,"20071W91","W91",953,18.1,17,12.046875,4.174375,5,1,0,78
888,"TB27312",2008,26,"20081W84","W84",948,18.1,20,13.2125,0.400625,6,2,0,79
889,"TB27357",2007,25,"20071C42","C42",281,19.4,18,12.0875,4.113125,7,1,0,78
889,"TB27357",2008,26,"20081C44","C44",283,19,16,14.125,0.36375,6,2,0,79
889,"TB27357",2009,27,"20091C44","C44",283,19.6,15,11.28125,2.20375,8,3,0,80
890,"TB27416",2008,26,"20081C40","C40",279,19.7,20,12.3875,1.77125,7,1,1,82
891,"TB27439",2008,26,"20081MP51","MP51",537,18.6,25,11.853125,3.08375,7,1,0,82
891,"TB27439",2009,27,"20091MP78","MP78",566,19.3,14,11.275,2.251875,9,2,0,83
891,"TB27439",2010,28,"20101MP77","MP77",565,18.7,15,10.2625,0.480625,10,3,0,84
892,"TB27445",2008,26,"20081O75D","O75D",689,17.9,25,11.96875,2.36,6,1,0,82
892,"TB27445",2009,27,"20091SW106","SW106",738,17.3,26,12.703125,2.436875,7,2,0,83
893,"TB27452",2008,26,"20081B163","B163",60,16.6,30,12.703125,3.6325,6,1,0,82
893,"TB27452",2009,27,"20091B62","B62",148,18.2,15,11.28125,2.20375,8,2,0,83
893,"TB27452",2010,28,"20101B63","B63",150,18,22,12.16875,0.16125,7,3,0,84
894,"TB27473",2008,26,"20081C146","C146",229,18.9,26,11.853125,3.08375,5,1,1,82
895,"TB27475",2008,26,"20081SW80A","SW80A",846,18.2,30,13.321875,4.096875,8,1,1,82
896,"TC25860",2009,27,"20091CP39","CP39",343,17.1,16,11.275,2.251875,9,2,1,83
896,"TC25860",2010,28,"20101CP39","CP39",343,17.4,11,8.75,0.51375,11,3,1,84
897,"TC25886",2008,26,"20081B163","B163",60,17.5,30,12.703125,3.6325,6,1,1,82
897,"TC25886",2009,27,"20091B54","B54",143,18.1,14,11.146875,2.243125,10,2,1,83
898,"TC25893",2008,26,"20081C62","C62",302,17.5,19,11.76875,2.538125,7,1,1,82
899,"TC25899",2008,26,"20081W29","W29",886,18.4,25,11.9625,3.085,7,1,1,82
900,"TC58014",2006,24,"20061SW84A","SW84A",851,18,25,11.65625,3.61125,8,2,1,70
901,"TC58015",2005,23,"20051SW69","SW69",832,18.2,26,13.01875,1.454375,9,1,1,69
901,"TC58015",2006,24,"20061SW72","SW72",836,18.9,24,11.475,3.220625,12,2,1,70
902,"TC58017",2005,23,"20051B31","B31",124,17.3,26,12.165625,1.31,5,1,1,69
903,"TC58018",2005,23,"20051B217","B217",105,18.6,33,13.5875,1.255625,8,1,0,69
903,"TC58018",2006,24,"20061B196","B196",86,19.6,24,11.521875,3.5975,10,2,0,70
903,"TC58018",2007,25,"20071B196","B196",86,20.2,19,12.659375,3.490625,10,3,0,71
904,"TC58024",2005,23,"20051W13","W13",869,18.9,24,11.946875,1.07,8,1,0,69
905,"TC58032",2005,23,"20051W54","W54",914,18.7,25,11.51875,1.07,7,1,0,69
905,"TC58032",2006,24,"20061W35","W35",892,18.3,27,11.865625,3.72875,8,2,0,70
906,"TC58038",2005,23,"20051W60","W60",921,18.1,26,13.01875,1.454375,7,1,0,69
907,"TC58041",2005,23,"20051EX64","EX64",460,18.6,27,12.525,1.44,9,1,1,69
907,"TC58041",2006,24,"20061EX64","EX64",460,19.6,25,11.521875,3.5975,3,2,1,70
907,"TC58041",2007,25,"20071EX64","EX64",460,19.9,18,12.0875,4.113125,8,3,1,71
907,"TC58041",2009,27,"20091EX64","EX64",460,18.8,14,11.28125,2.20375,9,5,1,73
908,"TC58046",2007,25,"20071CP15","CP15",316,17.5,15,12.05,4.179375,8,3,0,71
908,"TC58046",2008,26,"20081CP16","CP16",317,18.2,23,12.2625,2.990625,6,4,0,72
908,"TC58046",2009,27,"20091CP14A","CP14A",315,17.1,18,11.890625,2.655625,9,5,0,73
909,"TC58047",2005,23,"20051W89","W89",951,19.3,19,13.45625,1.88625,11,1,1,69
909,"TC58047",2007,25,"20071W89","W89",951,18.9,18,12.0875,4.113125,8,3,1,71
909,"TC58047",2008,26,"20081W87","W87",950,18.9,25,12.2625,2.990625,8,4,1,72
910,"TC58049",2005,23,"20051P6","P6",726,17.9,17,11.51875,1.07,4,1,1,69
910,"TC58049",2006,24,"20061P6","P6",726,18.1,20,12.3125,3.76875,7,2,1,70
911,"TC58054",2005,23,"20051B21","B21",98,16.7,21,10.784375,1.07125,7,1,0,69
912,"TC58056",2005,23,"20051B220","B220",108,18.9,26,12.021875,1.191875,7,1,1,69
913,"TC58091",2005,23,"20051B98","B98",181,18.6,35,13.746875,1.19375,7,1,0,69
914,"TC58094",2005,23,"20051EX90","EX90",489,20,26,13.01875,1.454375,9,1,1,69
914,"TC58094",2006,24,"20061EX90","EX90",489,20.1,27,11.715625,2.271875,10,2,1,70
915,"TC58095",2005,23,"20051O30A","O30A",633,20,25,13.01875,1.454375,6,1,1,69
916,"TC58099",2005,23,"20051SW132","SW132",768,18.2,25,12.40625,1.3225,8,1,1,69
917,"TC58100",2006,24,"20061CP5","CP5",350,18,35,12.28125,1.256875,7,2,0,70
917,"TC58100",2007,25,"20071CP6","CP6",353,18.9,21,12.546875,3.125625,8,3,0,71
917,"TC58100",2008,26,"20081W4B","W4B",907,20,37,13.790625,4.551875,2,4,0,72
917,"TC58100",2009,27,"20091CP5A","CP5A",351,19.1,22,12.353125,2.66625,7,5,0,73
918,"TC58112",2005,23,"20051C160A","C160A",245,19.1,25,12.021875,1.191875,5,1,0,69
919,"TC58114",2006,24,"20061C10","C10",184,17.2,21,12.3125,3.76875,9,2,0,70
920,"TC58123",2005,23,"20051CP25","CP25",327,19.1,31,13.45625,1.88625,8,1,1,69
921,"TC58132",2005,23,"20051CP25","CP25",327,18.9,31,13.45625,1.88625,8,1,0,69
922,"TC58137",2005,23,"20051EX50","EX50",431,17.7,33,13.5875,1.255625,7,1,0,69
923,"TC58140",2005,23,"20051EX62A","EX62A",450,19.4,30,13.409375,1.83875,9,1,0,69
924,"TC58142",2005,23,"20051EX47A","EX47A",423,18.4,27,13.409375,1.83875,9,1,0,69
924,"TC58142",2006,24,"20061EX47A","EX47A",423,18.7,27,11.475,3.220625,5,2,0,70
925,"TC58154",2005,23,"20051EX39C","EX39C",402,18,22,11.946875,1.07,8,1,1,69
926,"TC58158",2006,24,"20061MP25","MP25",509,18.9,23,11.865625,3.72875,9,2,0,70
926,"TC58158",2007,25,"20071MP23","MP23",507,18.5,16,12.0875,4.113125,10,3,0,71
926,"TC58158",2009,27,"20091MP33","MP33",517,19,16,11.459375,2.199375,7,5,0,73
927,"TC58161",2005,23,"20051C26","C26",262,19.3,22,12.40625,1.3225,5,1,0,69
927,"TC58161",2006,24,"20061C2","C2",253,19.5,27,11.475,3.008125,7,2,0,70
928,"TC58162",2005,23,"20051SW6","SW6",821,17.4,31,13.409375,1.83875,8,1,0,69
929,"TC58168",2005,23,"20051SW72","SW72",836,18.8,27,13.465625,1.865,7,1,1,69
930,"TC58171",2005,23,"20051SW44","SW44",803,18,28,13.61875,1.41625,7,1,0,69
931,"TC58172",2005,23,"20051W2","W2",876,17.5,32,13.5875,1.255625,7,1,0,69
932,"TC58178",2005,23,"20051EX33","EX33",390,18.8,19,11.51875,1.07,8,1,1,69
932,"TC58178",2007,25,"20071EX17","EX17",370,18.6,19,12.659375,3.490625,9,3,1,71
933,"TC58182",2006,24,"20061W47","W47",904,19.5,29,11.5875,2.428125,8,2,1,70
933,"TC58182",2008,26,"20081W37","W37",894,18.4,23,11.853125,3.08375,11,4,1,72
934,"TC58183",2005,23,"20051B67","B67",154,19.1,18,10.784375,1.07125,7,1,1,69
935,"TC58184",2006,24,"20061O45","O45",651,20,29,11.93125,1.595,6,2,1,70
936,"TC58185",2005,23,"20051SW5","SW5",810,19.1,17,12.021875,1.191875,8,1,1,69
937,"TC58188",2005,23,"20051EX5A","EX5A",445,18.3,30,13.409375,1.83875,7,1,0,69
938,"TC58189",2005,23,"20051O104","O104",594,19.2,27,13.865625,1.13,9,1,0,69
939,"TC58193",2005,23,"20051C110","C110",195,19,18,13.01875,1.454375,9,1,0,69
939,"TC58193",2008,26,"20081C7","C7",304,18.6,15,14.125,0.36375,5,4,0,72
940,"TC58205",2005,23,"20051O105","O105",595,18.2,26,12.021875,1.191875,7,1,0,69
940,"TC58205",2006,24,"20061O104","O104",594,19,27,11.475,3.220625,9,2,0,70
940,"TC58205",2007,25,"20071O69","O69",678,18,16,12.0875,4.113125,9,3,0,71
941,"TC58206",2006,24,"20061EX51A","EX51A",433,18.1,28,11.5875,2.428125,9,2,0,70
941,"TC58206",2007,25,"20071EX51A","EX51A",433,18.6,17,12.19375,3.989375,10,3,0,71
941,"TC58206",2008,26,"20081EX51A","EX51A",433,17.9,28,12.953125,4.094375,8,4,0,72
942,"TC58220",2005,23,"20051EX41C","EX41C",408,18.5,34,13.865625,1.13,8,1,1,69
943,"TC58229",2005,23,"20051MP48","MP48",533,18.5,24,12.165625,1.31,9,1,0,69
944,"TC58235",2007,25,"20071CP40A","CP40A",346,19.1,13,12.046875,4.174375,11,3,1,71
945,"TC58246",2007,25,"20071EX15","EX15",368,19,17,12.0875,4.113125,10,3,0,71
946,"TC58263",2005,23,"20051W99A","W99A",962,19,21,12.40625,1.3225,10,1,1,69
947,"TC58270",2005,23,"20051W81","W81",946,18.5,19,12.40625,1.3225,10,1,1,69
948,"TC58275",2007,25,"20071O86","O86",701,19,19,12.19375,3.989375,9,3,0,71
948,"TC58275",2008,26,"20081EX91","EX91",490,18.5,26,12.48125,2.959375,9,4,0,72
949,"TC58281",2005,23,"20051SW54","SW54",815,20.2,27,13.01875,1.454375,8,1,0,69
950,"TC58284",2005,23,"20051CP1","CP1",308,18.2,30,13.409375,1.83875,8,1,0,69
950,"TC58284",2006,24,"20061W4B","W4B",907,18.4,27,11.521875,3.5975,6,2,0,70
950,"TC58284",2007,25,"20071W4B","W4B",907,18.9,16,12.05,4.179375,9,3,0,71
950,"TC58284",2008,26,"20081CP5B","CP5B",352,18.2,27,12.48125,2.959375,8,4,0,72
951,"TC58285",2009,27,"20091CP33","CP33",336,19.2,21,12.046875,2.669375,6,5,1,73
952,"TC58306",2005,23,"20051O86","O86",701,17.2,24,13.01875,1.454375,8,1,0,69
953,"TC58310",2007,25,"20071SW110","SW110",744,18.8,15,12.046875,4.174375,9,3,1,71
954,"TC58321",2005,23,"20051O13","O13",612,17.3,27,13.465625,1.865,5,1,0,69
955,"TC58323",2006,24,"20061O5","O5",656,18.1,23,12.053125,3.684375,9,2,0,70
955,"TC58323",2007,25,"20071O6","O6",668,18.5,16,12.046875,4.174375,8,3,0,71
956,"TC58340",2005,23,"20051EX5","EX5",430,19.7,23,11.946875,1.07,8,1,1,69
957,"TC58344",2006,24,"20061O39","O39",644,18.1,26,11.521875,3.5975,7,2,1,70
957,"TC58344",2008,26,"20081O87","O87",702,19,26,12.2625,2.990625,8,4,1,72
958,"TC58350",2005,23,"20051W99A","W99A",962,18.4,21,12.40625,1.3225,10,1,0,69
959,"TC58351",2005,23,"20051O5","O5",656,18.6,20,11.51875,1.07,8,1,0,69
960,"TC58354",2005,23,"20051W39","W39",896,20.2,21,11.51875,1.07,4,1,1,69
961,"TC58357",2005,23,"20051W101","W101",861,18.7,33,13.45625,1.88625,7,1,1,69
962,"TC58365",2005,23,"20051W87","W87",950,18,15,9.375,1.326875,6,1,0,69
963,"TC58368",2005,23,"20051W67","W67",930,17.9,26,12.165625,1.31,8,1,0,69
964,"TC58369",2005,23,"20051W51","W51",910,18.7,18,10.171875,1.07625,6,1,1,69
964,"TC58369",2006,24,"20061W68","W68",931,19.6,23,11.865625,3.72875,9,2,1,70
965,"TC58372",2005,23,"20051W27","W27",884,18.4,16,11.946875,1.07,8,1,1,69
965,"TC58372",2006,24,"20061W26","W26",883,18.8,24,11.475,3.220625,9,2,1,70
965,"TC58372",2007,25,"20071W26","W26",883,18.4,13,12.0875,4.113125,12,3,1,71
966,"TC58376",2005,23,"20051W96","W96",958,20,22,11.946875,1.07,8,1,1,69
967,"TC58377",2007,25,"20071W77","W77",941,19.6,14,12.05,4.179375,12,3,1,71
967,"TC58377",2008,26,"20081W77","W77",941,19.6,14,13.6875,0.28,10,4,1,72
967,"TC58377",2009,27,"20091W77","W77",941,19.3,6,10.86875,1.944375,12,5,1,73
968,"TC58381",2005,23,"20051CP36","CP36",339,17.8,27,13.01875,1.454375,10,1,0,69
969,"TC58392",2006,24,"20061EX68","EX68",464,17.2,24,11.475,3.008125,10,2,0,70
970,"TC58394",2005,23,"20051EX47","EX47",422,18.1,34,13.5875,1.255625,8,1,1,69
971,"TC58407",2005,23,"20051O39","O39",644,18.6,28,13.01875,1.454375,9,1,1,69
972,"TC58408",2005,23,"20051O33","O33",636,16.3,26,13.01875,1.454375,9,1,0,69
973,"TC58414",2005,23,"20051EX5","EX5",430,17.8,23,11.946875,1.07,8,1,0,69
973,"TC58414",2006,24,"20061EX5","EX5",430,17.8,24,11.521875,3.5975,5,2,0,70
974,"TC58420",2005,23,"20051CP23","CP23",325,19.2,33,13.61875,1.41625,9,1,0,69
974,"TC58420",2006,24,"20061CP23","CP23",325,18.6,27,11.475,3.008125,9,2,0,70
975,"TC58458",2008,26,"20081MP25","MP25",509,18.3,26,12.48125,2.959375,10,4,0,72
976,"TC58463",2005,23,"20051W81","W81",946,18.1,19,12.40625,1.3225,10,1,0,69
976,"TC58463",2006,24,"20061W84","W84",948,18.5,23,11.521875,3.5975,7,2,0,70
977,"TC58464",2005,23,"20051O95","O95",706,17.5,19,10.784375,1.07125,8,1,0,69
978,"TC58469",2006,24,"20061EX51D","EX51D",436,19.6,39,15.034375,0.66125,8,2,1,70
979,"TC58481",2006,24,"20061W3","W3",887,18.1,26,11.865625,3.72875,6,2,1,70
979,"TC58481",2007,25,"20071W3","W3",887,19.1,20,12.465625,3.92,7,3,1,71
979,"TC58481",2008,26,"20081W4A","W4A",906,19.5,27,12.2625,2.990625,8,4,1,72
979,"TC58481",2009,27,"20091W4B","W4B",907,19,16,11.25,2.231875,8,5,1,73
980,"TC58491",2005,23,"20051O82","O82",697,17.4,20,12.525,1.44,10,1,1,69
981,"TC58497",2005,23,"20051W43","W43",900,17,25,12.021875,1.191875,7,1,0,69
981,"TC58497",2006,24,"20061W68","W68",931,17.7,23,11.865625,3.72875,9,2,0,70
981,"TC58497",2007,25,"20071W67","W67",930,18.2,16,12.05,4.179375,7,3,0,71
982,"TC58504",2005,23,"20051EX49B","EX49B",428,18.7,24,11.51875,1.07,4,1,1,69
983,"TC58505",2005,23,"20051EX51C","EX51C",435,18.9,27,13.409375,1.83875,9,1,0,69
984,"TC58508",2005,23,"20051O54","O54",661,18,25,12.165625,1.31,8,1,0,69
985,"TC58510",2005,23,"20051W24","W24",881,18.2,24,12.909375,1.37625,2,1,0,69
985,"TC58510",2006,24,"20061W24","W24",881,18.6,26,11.475,3.220625,10,2,0,70
985,"TC58510",2007,25,"20071W24","W24",881,18.4,15,12.0875,4.113125,10,3,0,71
985,"TC58510",2008,26,"20081W24","W24",881,18.7,24,11.853125,3.08375,8,4,0,72
986,"TC58515",2005,23,"20051EX14A","EX14A",366,18.4,25,13.409375,1.83875,10,1,0,69
987,"TC58521",2005,23,"20051CP5","CP5",350,19.1,23,12.40625,1.3225,9,1,1,69
988,"TC58534",2006,24,"20061EX38","EX38",397,18.3,24,13.403125,0.77625,3,2,1,70
989,"TC58559",2005,23,"20051EX12A","EX12A",362,18.4,32,13.45625,1.88625,8,1,0,69
990,"TC58563",2006,24,"20061W60","W60",921,17.9,37,13.9375,0.40625,8,2,0,70
991,"TC58574",2005,23,"20051W14","W14",870,19.2,23,11.51875,1.07,6,1,1,69
992,"TC58577",2005,23,"20051W42","W42",899,17.4,25,12.525,1.44,9,1,0,69
992,"TC58577",2006,24,"20061W38","W38",895,17.5,26,11.475,3.008125,10,2,0,70
992,"TC58577",2007,25,"20071W44","W44",901,17.1,17,12.465625,3.92,12,3,0,71
992,"TC58577",2008,26,"20081W49","W49",905,17.8,34,13.79375,4.449375,5,4,0,72
992,"TC58577",2009,27,"20091W44","W44",901,18.7,16,11.890625,2.655625,8,5,0,73
993,"TC58580",2005,23,"20051EX51","EX51",432,18,32,13.865625,1.13,12,1,0,69
994,"TC58583",2005,23,"20051W96","W96",958,17.8,22,11.946875,1.07,8,1,0,69
994,"TC58583",2006,24,"20061W93","W93",955,18,24,11.521875,3.5975,5,2,0,70
994,"TC58583",2007,25,"20071W95","W95",957,18.2,13,12.046875,4.174375,6,3,0,71
995,"TC58585",2005,23,"20051CP10","CP10",309,17.7,23,12.021875,1.191875,8,1,0,69
996,"TC58613",2009,27,"20091CP36","CP36",339,18,36,13.8125,2.065,6,2,1,83
997,"TC58622",2008,26,"20081EX29","EX29",383,18.2,31,12.953125,4.094375,5,1,0,82
998,"TC58624",2008,26,"20081EX10A","EX10A",359,19.6,28,12.48125,2.959375,8,1,1,82
999,"TC58628",2008,26,"20081SW63","SW63",826,17.6,37,14.034375,4.383125,7,1,1,82
999,"TC58628",2009,27,"20091P15","P15",714,17.2,19,11.890625,2.655625,10,2,1,83
999,"TC58628",2010,28,"20101P16","P16",715,19.5,21,13.06875,0.58875,11,3,1,84
1000,"TC58631",2008,26,"20081B76","B76",161,18.4,36,13.79375,4.449375,8,1,1,82
1000,"TC58631",2009,27,"20091B76","B76",161,19.2,9,11.078125,1.72375,7,2,1,83
1001,"TC58632",2008,26,"20081EX62G","EX62G",456,18.4,30,12.703125,3.6325,6,1,0,82
1001,"TC58632",2009,27,"20091EX62G","EX62G",456,19.1,17,12.871875,1.565,5,2,0,83
1001,"TC58632",2010,28,"20101EX62E","EX62E",454,19.5,15,10.83125,0.263125,8,3,0,84
1002,"TC58648",2008,26,"20081B89","B89",173,17.8,27,12.703125,3.6325,6,1,1,82
1002,"TC58648",2009,27,"20091B89","B89",173,18.3,19,11.25,2.231875,6,2,1,83
1002,"TC58648",2010,28,"20101B90","B90",174,18.3,21,12.490625,0.1975,9,3,1,84
1003,"TC58655",2008,26,"20081C54","C54",293,18.1,12,13.6875,0.28,7,1,0,82
1003,"TC58655",2009,27,"20091C53","C53",292,18.4,10,10.909375,2.00375,10,2,0,83
1003,"TC58655",2010,28,"20101C53","C53",292,18.6,17,11.696875,0.0975,9,3,0,84
1004,"TC58698",2008,26,"20081W58","W58",918,18.3,25,11.9625,3.085,7,1,1,82
1005,"TC58781",2006,24,"20061EX43","EX43",413,17.3,27,11.475,3.008125,10,1,0,74
1005,"TC58781",2007,25,"20071EX43C","EX43C",416,17.8,15,12.0875,4.113125,10,2,0,75
1006,"TC58785",2006,24,"20061W69","W69",932,19.1,26,11.475,3.008125,9,1,1,74
1007,"TC58788",2006,24,"20061W36","W36",893,19.1,29,12.28125,1.256875,9,1,1,74
1008,"TC58791",2006,24,"20061CP8","CP8",355,18.6,26,12.053125,3.684375,6,1,1,74
1009,"TC58792",2006,24,"20061W45","W45",902,18.4,22,11.865625,3.72875,9,1,1,74
1010,"TC58795",2006,24,"20061CP8","CP8",355,18.5,26,12.053125,3.684375,6,1,0,74
1011,"TC58797",2007,25,"20071CP40A","CP40A",346,18.8,13,12.046875,4.174375,11,2,0,75
1012,"TC58812",2006,24,"20061SW86","SW86",852,18.3,22,12.271875,3.86875,7,1,0,74
1012,"TC58812",2007,25,"20071SW89","SW89",855,18,14,11.9625,4.174375,6,2,0,75
1013,"TC58817",2006,24,"20061EX51D","EX51D",436,19,39,15.034375,0.66125,8,1,0,74
1014,"TC58826",2007,25,"20071EX48A","EX48A",425,19.6,17,12.19375,3.989375,10,2,1,75
1015,"TC58827",2006,24,"20061W63","W63",924,19.7,29,11.475,3.008125,6,1,1,74
1015,"TC58827",2007,25,"20071W64","W64",925,18.6,21,12.546875,3.125625,7,2,1,75
1016,"TC58837",2006,24,"20061W18","W18",874,19.4,25,11.521875,3.5975,4,1,1,74
1016,"TC58837",2007,25,"20071W18","W18",874,19.4,19,12.19375,3.989375,9,2,1,75
1016,"TC58837",2008,26,"20081W18","W18",874,19.9,26,11.853125,3.08375,9,3,1,76
1017,"TC58868",2006,24,"20061MP71","MP71",559,19.9,24,12.13125,3.636875,8,1,1,74
1017,"TC58868",2008,26,"20081MP11","MP11",494,18.9,28,12.48125,2.959375,8,3,1,76
1018,"TC58902",2005,23,"20051B225","B225",112,18.8,28,13.409375,1.83875,8,1,1,69
1019,"TC58907",2005,23,"20051B105","B105",8,18.2,29,12.525,1.44,6,1,1,69
1020,"TC58911",2005,23,"20051EX84","EX84",482,17.9,29,13.61875,1.41625,11,1,0,69
1021,"TC58930",2008,26,"20081P23","P23",722,18.9,31,12.953125,4.094375,6,1,0,82
1022,"TC58932",2009,27,"20091P13","P13",712,20,15,11.459375,2.199375,8,2,0,83
1022,"TC58932",2010,28,"20101P13","P13",712,19.5,18,11.696875,0.0975,9,3,0,84
1023,"TC58947",2008,26,"20081O55","O55",662,18.5,17,13.040625,0.445625,9,1,1,82
1024,"TC58964",2009,27,"20091MP1","MP1",492,19.5,17,11.146875,2.243125,8,2,1,83
1025,"TC58975",2009,27,"20091W44","W44",901,19.5,16,11.890625,2.655625,8,2,1,83
1025,"TC58975",2010,28,"20101W49","W49",905,19.6,16,10.83125,0.263125,9,3,1,84
1026,"TC59009",2006,24,"20061EX10A","EX10A",359,18.5,32,11.715625,2.271875,8,1,1,74
1027,"TC59019",2007,25,"20071CP16","CP16",317,18.7,12,11.91875,4.13875,9,2,0,75
1028,"TC59023",2007,25,"20071EX71","EX71",468,17.6,17,12.659375,3.490625,10,2,0,75
1029,"TC59028",2007,25,"20071CP16","CP16",317,18.7,12,11.91875,4.13875,9,2,1,75
1030,"TC59041",2006,24,"20061O63","O63",672,18,27,11.865625,3.72875,6,1,1,74
1031,"TC59093",2006,24,"20061W34","W34",891,20,26,11.475,3.220625,10,1,1,74
1031,"TC59093",2007,25,"20071W54","W54",914,20.6,14,11.9625,4.174375,8,2,1,75
1031,"TC59093",2009,27,"20091W32","W32",889,19.1,15,11.146875,2.243125,7,4,1,77
1032,"TC59098",2006,24,"20061W14","W14",870,18.6,39,14.371875,0.41,5,1,1,74
1033,"TC59159",2009,27,"20091O104","O104",594,18.1,17,11.74375,2.59875,11,3,1,80
1033,"TC59159",2010,28,"20101O104","O104",594,17.9,22,13.178125,0.60375,10,4,1,81
1034,"TC59161",2007,25,"20071B36","B36",129,18.5,21,12.546875,3.125625,8,1,1,78
1035,"TC59163",2007,25,"20071SW43","SW43",802,18.3,19,12.465625,3.92,7,1,1,78
1036,"TC59180",2007,25,"20071C62","C62",302,18.4,28,12.16875,3.471875,8,1,1,78
1037,"TC59182",2007,25,"20071SW15","SW15",772,19.9,14,11.721875,4.12,6,1,1,78
1038,"TC59195",2007,25,"20071EX62D","EX62D",453,18.8,20,12.465625,3.92,8,1,1,78
1038,"TC59195",2008,26,"20081EX62D","EX62D",453,18.6,27,12.2625,2.990625,8,2,1,79
1038,"TC59195",2009,27,"20091EX62C","EX62C",452,18.7,17,11.25,2.231875,7,3,1,80
1038,"TC59195",2010,28,"20101EX62E","EX62E",454,18.9,15,10.83125,0.263125,8,4,1,81
1039,"TC59198",2007,25,"20071CP43","CP43",349,19.2,14,11.9625,4.174375,9,1,1,78
1040,"TC59291",2006,24,"20061C62","C62",302,17.9,29,11.475,3.220625,7,1,0,74
1041,"TC59307",2007,25,"20071P8","P8",728,17.2,19,12.19375,3.989375,8,1,0,78
1041,"TC59307",2008,26,"20081P9","P9",729,17,27,11.9625,3.085,8,2,0,79
1042,"TC59312",2007,25,"20071SW131","SW131",767,20.3,17,12.0875,4.113125,8,1,0,78
1043,"TC59320",2007,25,"20071O82","O82",697,18,17,12.05,4.179375,8,1,0,78
1043,"TC59320",2008,26,"20081O82","O82",697,19.1,19,13.040625,0.445625,6,2,0,79
1043,"TC59320",2009,27,"20091O108","O108",598,18.8,18,11.25,2.231875,8,3,0,80
1044,"TC59340",2008,26,"20081SW116","SW116",750,20.5,17,13.040625,0.445625,8,2,1,79
1045,"TC59352",2009,27,"20091O27A","O27A",628,18.6,15,11.275,2.251875,7,3,1,80
1046,"TC59357",2007,25,"20071O57","O57",664,17.6,19,12.465625,3.92,8,1,0,78
1047,"TC59363",2007,25,"20071CP1","CP1",308,19.6,21,12.546875,3.125625,9,1,0,78
1048,"TC59370",2007,25,"20071O50","O50",657,18.7,16,12.19375,3.989375,9,1,1,78
1049,"TC59394",2007,25,"20071W52","W52",912,18.4,11,12.546875,3.125625,7,1,0,78
1050,"TC59396",2008,26,"20081EX5A","EX5A",445,18.3,23,11.853125,3.08375,7,2,1,79
1051,"TC59399",2007,25,"20071W103","W103",863,18.4,24,12.171875,4.8325,7,1,1,78
1052,"TC59401",2006,24,"20061O102","O102",592,18.3,26,11.475,3.008125,9,1,1,74
1053,"TC59481",2007,25,"20071W3","W3",887,18.6,20,12.465625,3.92,7,1,0,78
1053,"TC59481",2008,26,"20081W4A","W4A",906,19.9,27,12.2625,2.990625,8,2,0,79
1054,"TC59485",2007,25,"20071P11","P11",710,18.5,21,12.415625,4.52875,11,1,1,78
1054,"TC59485",2008,26,"20081P11","P11",710,18,27,12.703125,3.6325,9,2,1,79
1055,"TC59491",2007,25,"20071CP3","CP3",332,18.3,18,12.0875,4.113125,8,1,1,78
1056,"TC59500",2008,26,"20081O68","O68",677,18.8,15,13.428125,0.28125,7,2,1,79
1056,"TC59500",2009,27,"20091O61","O61",670,18.5,18,11.459375,2.199375,9,3,1,80
1056,"TC59500",2010,28,"20101O61","O61",670,18.2,15,10.83125,0.263125,9,4,1,81
1057,"TC59601",2007,25,"20071EX68","EX68",464,17.5,21,12.19375,3.989375,6,1,0,78
1058,"TC59607",2007,25,"20071EX29","EX29",383,14.6,20,12.659375,3.490625,8,1,0,78
1058,"TC59607",2008,26,"20081EX28","EX28",382,18.5,24,11.9625,3.085,9,2,0,79
1058,"TC59607",2009,27,"20091EX28","EX28",382,19.4,16,11.25,2.231875,10,3,0,80
1059,"TC59608",2007,25,"20071W98","W98",960,18.1,21,12.465625,3.92,7,1,0,78
1060,"TC59612",2007,25,"20071EX11","EX11",360,20.1,21,12.659375,3.490625,8,1,0,78
1060,"TC59612",2009,27,"20091EX36","EX36",395,18.4,17,11.459375,2.199375,7,3,0,80
1061,"TC59613",2007,25,"20071W57","W57",917,19.4,22,12.546875,3.125625,6,1,1,78
1062,"TC59631",2007,25,"20071B72","B72",160,17.5,19,12.659375,3.490625,9,1,0,78
1062,"TC59631",2008,26,"20081B140","B140",37,18,28,12.48125,2.959375,9,2,0,79
1062,"TC59631",2009,27,"20091B67","B67",154,18.3,14,11.25,2.231875,9,3,0,80
1063,"TC59633",2007,25,"20071EX15","EX15",368,19.4,17,12.0875,4.113125,10,1,1,78
1063,"TC59633",2009,27,"20091EX16","EX16",369,17.6,17,11.459375,2.199375,9,3,1,80
1064,"TC59635",2007,25,"20071CP40","CP40",345,19.1,20,12.465625,3.92,8,1,0,78
1065,"TC59637",2007,25,"20071SW31","SW31",789,18.7,19,12.659375,3.490625,7,1,1,78
1066,"TC59645",2007,25,"20071SW15","SW15",772,18.5,14,11.721875,4.12,6,1,0,78
1067,"TC59676",2007,25,"20071CP41","CP41",347,19.2,21,12.659375,3.490625,8,1,1,78
1067,"TC59676",2010,28,"20101CP40A","CP40A",346,19.6,11,9.834375,0.499375,10,4,1,81
1068,"TC59691",2007,25,"20071O76","O76",690,17.5,13,12.05,4.179375,10,1,0,78
1069,"TC59692",2007,25,"20071O93","O93",704,17.5,15,12.19375,3.989375,11,1,1,78
1070,"TC59701",2007,25,"20071EX4","EX4",403,17.4,21,12.659375,3.490625,5,1,0,78
1070,"TC59701",2008,26,"20081EX4","EX4",403,17.3,27,12.703125,3.6325,6,2,0,79
1071,"TC59703",2007,25,"20071EX12","EX12",361,18.1,23,12.546875,3.125625,5,1,1,78
1072,"TC59708",2007,25,"20071SW6","SW6",821,21,24,12.546875,3.125625,5,1,1,78
1072,"TC59708",2009,27,"20091SW4","SW4",798,18.3,19,12.353125,2.66625,11,3,1,80
1073,"TC59717",2007,25,"20071W99","W99",961,18.5,19,12.19375,3.989375,7,1,1,78
1073,"TC59717",2008,26,"20081W100","W100",860,18.6,18,13.2125,0.400625,8,2,1,79
1074,"TC59718",2008,26,"20081O114","O114",605,18.6,28,12.703125,3.6325,9,2,1,79
1075,"TC59723",2007,25,"20071W98","W98",960,18.2,21,12.465625,3.92,7,1,1,78
1076,"TC59725",2007,25,"20071EX62H","EX62H",457,18.1,23,12.546875,3.125625,7,1,0,78
1077,"TC59744",2008,26,"20081W24","W24",881,19.4,24,11.853125,3.08375,8,2,1,79
1078,"TC59749",2007,25,"20071W74","W74",937,18.9,19,12.465625,3.92,8,1,0,78
1078,"TC59749",2008,26,"20081W52","W52",912,19.2,22,11.76875,2.538125,8,2,0,79
1078,"TC59749",2009,27,"20091W53","W53",913,17.8,13,11.28125,2.20375,11,3,0,80
1079,"TC59751",2007,25,"20071EX2","EX2",375,17.9,21,12.415625,4.52875,10,1,1,78
1080,"TC59757",2008,26,"20081EX16","EX16",369,19.1,29,12.703125,3.6325,8,2,1,79
1081,"TC59761",2007,25,"20071W97","W97",959,19.1,17,12.0875,4.113125,8,1,0,78
1081,"TC59761",2008,26,"20081W97","W97",959,19.7,18,12.3875,1.77125,7,2,0,79
1081,"TC59761",2009,27,"20091W97","W97",959,18.2,8,10.909375,2.00375,11,3,0,80
1082,"TC59783",2008,26,"20081W2","W2",876,17.3,30,12.703125,3.6325,8,2,0,79
1083,"TC59784",2007,25,"20071EX62H","EX62H",457,17.7,23,12.546875,3.125625,7,1,1,78
1084,"TC59802",2007,25,"20071W103","W103",863,18.3,24,12.171875,4.8325,7,1,0,78
1085,"TC59808",2007,25,"20071B91","B91",175,17.2,19,12.659375,3.490625,9,1,0,78
1085,"TC59808",2009,27,"20091B15","B15",48,18.5,11,11.146875,2.243125,9,3,0,80
1086,"TC59842",2007,25,"20071EX47A","EX47A",423,18.2,24,12.415625,4.52875,6,1,0,78
1086,"TC59842",2008,26,"20081EX48","EX48",424,18.4,42,14.39375,2.636875,7,2,0,79
1087,"TC59873",2007,25,"20071B215","B215",103,17.1,25,12.046875,3.6075,6,1,0,78
1088,"TC59875",2007,25,"20071P19","P19",718,18,24,12.171875,4.8325,6,1,1,78
1089,"TC59893",2007,25,"20071W69","W69",932,20.4,20,12.465625,3.92,7,1,0,78
1089,"TC59893",2008,26,"20081W45","W45",902,19,25,11.9625,3.085,9,2,0,79
1090,"TC59916",2007,25,"20071O42","O42",648,18,18,12.19375,3.989375,7,1,0,78
1091,"TC59922",2007,25,"20071CP13","CP13",313,18.3,17,12.0875,4.113125,8,1,1,78
1092,"TC59923",2007,25,"20071EX43A","EX43A",414,17.9,17,12.0875,4.113125,8,1,1,78
1093,"TC59927",2007,25,"20071O52","O52",659,16.7,13,12.046875,4.174375,9,1,1,78
1094,"TC59929",2008,26,"20081O4","O4",645,18.4,25,11.9625,3.085,6,2,1,79
1095,"TC59939",2007,25,"20071O4","O4",645,20.3,17,12.659375,3.490625,7,1,0,78
1096,"TE03611",2016,34,"20161EX10","EX10",358,19,28,12.40625,1.81125,6,2,0,99
1097,"TE03616",2016,34,"20161W60","W60",921,19.4,31,12.56875,1.725625,3,2,1,99
1098,"TE03622",2015,33,"20151O48","O48",654,18,25,11.015625,1.7975,7,1,0,98
1099,"TE03625",2015,33,"20151MP11","MP11",494,18.3,13,10.665625,1.7125,7,1,0,98
1099,"TE03625",2016,34,"20161MP7","MP7",557,17.6,35,12.871875,1.34125,4,2,0,99
1100,"TE03632",2015,33,"20151P5","P5",725,17.7,20,11.159375,1.141875,6,1,0,98
1101,"TE03642",2015,33,"20151EX61","EX61",448,19.2,18,10.95,1.346875,6,1,1,98
1102,"TE79023",2006,24,"20061SW88","SW88",854,18.5,23,11.865625,3.72875,9,1,1,74
1102,"TE79023",2007,25,"20071SW90","SW90",857,19.2,14,11.91875,4.13875,8,2,1,75
1103,"TE79037",2006,24,"20061MP79","MP79",567,17.5,26,11.475,3.220625,10,1,1,74
1103,"TE79037",2007,25,"20071MP79","MP79",567,17.4,11,11.778125,4.12625,4,2,1,75
1104,"TE79039",2006,24,"20061MP53","MP53",539,17.6,20,12.053125,3.684375,10,1,0,74
1104,"TE79039",2007,25,"20071MP57","MP57",543,17.5,12,11.9625,4.174375,9,2,0,75
1104,"TE79039",2008,26,"20081MP53","MP53",539,17.3,14,13.35625,0.281875,7,3,0,76
1104,"TE79039",2009,27,"20091MP56","MP56",542,17.6,11,11.03125,2.155,10,4,0,77
1105,"TE79069",2006,24,"20061MP78","MP78",566,18,23,12.13125,3.636875,8,1,1,74
1106,"TE79083",2006,24,"20061MP92","MP92",581,18.1,25,11.865625,3.72875,8,1,0,74
1107,"TE79105",2007,25,"20071MP7","MP7",557,17.1,22,12.546875,3.125625,8,1,1,78
1108,"TE79107",2007,25,"20071MP47","MP47",532,17.5,13,12.046875,4.174375,10,1,1,78
1109,"TE79151",2007,25,"20071MP78","MP78",566,19,19,12.19375,3.989375,9,1,0,78
1110,"TE79165",2007,25,"20071B206","B206",95,17.2,16,12.0875,4.113125,10,1,0,78
1111,"TE79186",2007,25,"20071B195","B195",85,19.1,20,12.465625,3.92,6,1,1,78
1112,"TE79225",2006,24,"20061CP14A","CP14A",315,19.4,25,11.865625,3.72875,7,1,0,74
1113,"TE79305",2006,24,"20061SW86","SW86",852,18.6,22,12.271875,3.86875,7,1,1,74
1114,"TE79324",2006,24,"20061EX53","EX53",438,17.1,22,12.13125,3.636875,9,1,0,74
1115,"TE79326",2006,24,"20061EX78","EX78",477,18.1,25,11.65625,3.61125,9,1,1,74
1116,"TE79381",2006,24,"20061B89","B89",173,17.5,24,12.053125,3.684375,6,1,0,74
1116,"TE79381",2007,25,"20071B193","B193",82,17.2,18,12.0875,4.113125,7,2,0,75
1117,"TE79387",2006,24,"20061EX48","EX48",424,18.3,27,11.93125,1.595,10,1,0,74
1117,"TE79387",2008,26,"20081EX55","EX55",440,18.1,26,14.234375,2.511875,7,3,0,76
1118,"TE79390",2007,25,"20071EX62D","EX62D",453,18.6,20,12.465625,3.92,8,1,0,78
1118,"TE79390",2008,26,"20081EX62D","EX62D",453,18.9,27,12.2625,2.990625,8,2,0,79
1119,"TE79541",2006,24,"20061CP38","CP38",341,18.1,22,11.865625,3.72875,10,1,0,74
1120,"TE79554",2006,24,"20061P6","P6",726,17.6,20,12.3125,3.76875,7,1,0,74
1121,"TE79569",2006,24,"20061C52","C52",291,17.7,28,11.5875,2.428125,6,1,0,74
1122,"TE79601",2006,24,"20061MP43","MP43",528,18.8,29,11.5875,2.428125,5,1,1,74
1123,"TE79729",2006,24,"20061EX80","EX80",480,17.3,25,11.521875,3.5975,9,1,0,74
1124,"TE79755",2006,24,"20061EX42","EX42",411,18.4,28,11.475,3.008125,8,1,0,74
1125,"TE79766",2008,26,"20081O48","O48",654,19.6,22,12.3875,1.77125,7,3,0,76
1126,"TE79781",2009,27,"20091EX92","EX92",491,19,17,13.309375,2.368125,4,4,1,77
1127,"TE79798",2006,24,"20061EX5A","EX5A",445,18.9,30,11.5875,2.428125,9,1,0,74
1128,"TE79801",2006,24,"20061EX46","EX46",421,18.4,28,11.475,3.220625,7,1,0,74
1128,"TE79801",2007,25,"20071EX47","EX47",422,18.1,15,12.05,4.179375,8,2,0,75
1128,"TE79801",2008,26,"20081EX46","EX46",421,18.2,24,12.953125,4.094375,9,3,0,76
1129,"TE79807",2006,24,"20061EX13A","EX13A",364,18.8,31,12.8625,1.014375,11,1,1,74
1130,"TE79816",2006,24,"20061SW6","SW6",821,17.9,31,11.5875,2.428125,5,1,1,74
1130,"TE79816",2007,25,"20071SW8","SW8",844,18.7,19,12.415625,4.52875,11,2,1,75
1131,"TE79822",2007,25,"20071O44","O44",650,19.5,15,12.465625,3.92,8,2,1,75
1132,"TE79837",2007,25,"20071O16","O16",616,18,15,12.0875,4.113125,10,2,0,75
1132,"TE79837",2008,26,"20081O16","O16",616,17.8,24,12.48125,2.959375,10,3,0,76
1133,"TE79844",2006,24,"20061EX62","EX62",449,16.9,21,12.13125,3.636875,9,1,0,74
1133,"TE79844",2007,25,"20071EX62A","EX62A",450,17.8,14,12.046875,4.174375,10,2,0,75
1134,"TE79870",2006,24,"20061C58","C58",297,17.9,25,12.053125,3.684375,3,1,0,74
1135,"TE79871",2006,24,"20061C141","C141",225,16.9,59,15.659375,0.421875,5,1,0,74
1135,"TE79871",2006,24,"20061C40","C40",279,17.7,27,11.521875,3.5975,8,1,0,74
1135,"TE79871",2007,25,"20071C141","C141",225,17.8,13,11.9625,4.174375,10,2,0,75
1135,"TE79871",2008,26,"20081C40","C40",279,18.2,20,12.3875,1.77125,7,3,0,76
1135,"TE79871",2009,27,"20091C41","C41",280,18.2,17,11.459375,2.199375,7,4,0,77
1136,"TE79897",2006,24,"20061O80","O80",695,20.2,33,12.28125,1.256875,8,1,1,74
1137,"TE79914",2008,26,"20081SW120","SW120",755,20.2,20,11.76875,2.538125,10,1,0,82
1137,"TE79914",2009,27,"20091SW120","SW120",755,20,8,11.078125,1.72375,9,2,0,83
1137,"TE79914",2010,28,"20101SW121","SW121",756,19.5,11,9.346875,0.513125,8,3,0,84
1138,"TE79918",2008,26,"20081EX8","EX8",479,19.4,27,12.703125,3.6325,10,1,0,82
1139,"TE79986",2008,26,"20081EX25","EX25",379,18.5,19,13.040625,0.445625,5,1,1,82
1140,"TE80006",2006,24,"20061EX86","EX86",484,18.8,32,13.9375,0.40625,8,1,0,74
1141,"TE80011",2006,24,"20061B194A","B194A",84,18.2,24,12.053125,3.684375,7,1,0,74
1141,"TE80011",2007,25,"20071B194A","B194A",84,18.2,14,11.91875,4.13875,7,2,0,75
1142,"TE80015",2006,24,"20061O19","O19",619,17.9,26,11.475,3.220625,8,1,1,74
1142,"TE80015",2007,25,"20071O6","O6",668,18.1,16,12.046875,4.174375,8,2,1,75
1142,"TE80015",2008,26,"20081O5","O5",656,17.8,20,13.428125,0.28125,6,3,1,76
1143,"TE80021",2006,24,"20061SW5","SW5",810,18.2,24,11.521875,3.5975,10,1,1,74
1144,"TE80025",2007,25,"20071O25","O25",626,17.4,9,11.778125,4.12625,9,2,1,75
1145,"TE80035",2006,24,"20061SW9","SW9",856,18.5,22,11.865625,3.72875,11,1,0,74
1145,"TE80035",2007,25,"20071SW10","SW10",731,19.7,14,12.046875,4.174375,10,2,0,75
1145,"TE80035",2008,26,"20081SW10","SW10",731,18.7,29,13.321875,4.096875,7,3,0,76
1146,"TE80049",2006,24,"20061O60","O60",669,18.5,24,12.13125,3.636875,6,1,0,74
1146,"TE80049",2007,25,"20071O60","O60",669,18.7,13,11.778125,4.12625,6,2,0,75
1147,"TE80064",2007,25,"20071EX81A","EX81A",481,18.2,21,12.415625,4.52875,9,2,0,75
1148,"TE80069",2007,25,"20071B24","B24",118,18.6,15,12.0875,4.113125,9,2,1,75
1148,"TE80069",2008,26,"20081B125","B125",26,19.4,25,12.2625,2.990625,8,3,1,76
1149,"TE80088",2006,24,"20061O81","O81",696,19,27,11.5875,2.428125,6,1,1,74
1150,"TE80109",2006,24,"20061EX14A","EX14A",366,20.3,28,12.053125,3.684375,5,1,1,74
1150,"TE80109",2007,25,"20071EX14B","EX14B",367,19.7,17,12.0875,4.113125,7,2,1,75
1151,"TE80110",2006,24,"20061EX39A","EX39A",400,19.6,24,11.65625,3.61125,7,1,0,74
1151,"TE80110",2007,25,"20071EX39A","EX39A",400,19.9,17,12.465625,3.92,10,2,0,75
1151,"TE80110",2008,26,"20081EX42A","EX42A",412,18.9,27,12.953125,4.094375,7,3,0,76
1151,"TE80110",2009,27,"20091EX39C","EX39C",402,19.4,19,12.046875,2.669375,3,4,0,77
1152,"TE80115",2007,25,"20071CP36","CP36",339,18.2,15,11.91875,4.13875,5,2,0,75
1152,"TE80115",2008,26,"20081CP36","CP36",339,17.1,17,11.853125,3.08375,7,3,0,76
1153,"TE80123",2006,24,"20061P1","P1",708,17.8,28,11.475,3.008125,9,1,1,74
1154,"TE80125",2006,24,"20061EX62G","EX62G",456,18.5,30,11.93125,1.595,7,1,0,74
1154,"TE80125",2007,25,"20071EX62E","EX62E",454,18.2,14,12.046875,4.174375,10,2,0,75
1155,"TE80127",2006,24,"20061O102","O102",592,17.6,26,11.475,3.008125,9,1,0,74
1156,"TE80144",2006,24,"20061O15","O15",615,17.9,27,11.475,3.008125,8,1,1,74
1156,"TE80144",2007,25,"20071O15","O15",615,17.7,15,12.0875,4.113125,11,2,1,75
1157,"TE80167",2007,25,"20071EX65","EX65",461,19.7,16,11.9625,4.174375,7,2,1,75
1157,"TE80167",2008,26,"20081EX65","EX65",461,19.7,28,13.665625,4.1125,7,3,1,76
1157,"TE80167",2009,27,"20091EX65","EX65",461,19.3,11,11.28125,2.20375,10,4,1,77
1158,"TE80188",2006,24,"20061C2","C2",253,17.4,27,11.475,3.008125,7,1,1,74
1159,"TE80216",2006,24,"20061O25","O25",626,19,27,11.475,3.220625,7,1,0,74
1159,"TE80216",2007,25,"20071O25","O25",626,19.8,9,11.778125,4.12625,9,2,0,75
1160,"TE80249",2006,24,"20061SW54","SW54",815,17.9,25,11.521875,3.5975,7,1,1,74
1161,"TE80258",2006,24,"20061MP15","MP15",498,17.3,18,12.815625,3.53875,8,1,0,74
1162,"TE80266",2006,24,"20061EX20","EX20",376,19,20,12.3125,3.76875,8,1,0,74
1162,"TE80266",2007,25,"20071EX20","EX20",376,19.9,11,11.778125,4.12625,7,2,0,75
1162,"TE80266",2008,26,"20081EX20","EX20",376,19.9,15,13.6875,0.28,6,3,0,76
1163,"TE80267",2007,25,"20071W75A","W75A",939,20.5,20,12.465625,3.92,8,2,1,75
1163,"TE80267",2008,26,"20081W75A","W75A",939,19.7,27,12.2625,2.990625,9,3,1,76
1163,"TE80267",2009,27,"20091W74","W74",937,19,18,11.74375,2.59875,8,4,1,77
1164,"TE80269",2006,24,"20061W99A","W99A",962,18.9,31,11.5875,2.428125,6,1,0,74
1165,"TE80283",2006,24,"20061W105","W105",866,19.4,24,11.521875,3.5975,10,1,1,74
1165,"TE80283",2007,25,"20071W105","W105",866,19.7,14,12.19375,3.989375,13,2,1,75
1166,"TE80290",2006,24,"20061P5","P5",725,19.2,26,11.521875,3.5975,8,1,1,74
1166,"TE80290",2007,25,"20071P4","P4",724,20.3,15,12.046875,4.174375,8,2,1,75
1166,"TE80290",2008,26,"20081P4","P4",724,20.2,28,12.2625,2.990625,8,3,1,76
1167,"TE80294",2006,24,"20061P2","P2",719,18.2,24,11.65625,3.61125,9,1,0,74
1167,"TE80294",2007,25,"20071P12","P12",711,17.3,17,12.0875,4.113125,8,2,0,75
1168,"TE80317",2006,24,"20061W93","W93",955,19.9,24,11.521875,3.5975,5,1,1,74
1168,"TE80317",2007,25,"20071W95","W95",957,20.5,13,12.046875,4.174375,6,2,1,75
1168,"TE80317",2008,26,"20081W95","W95",957,20.5,11,14.459375,0.369375,8,3,1,76
1169,"TE80336",2006,24,"20061W36","W36",893,17.9,29,12.28125,1.256875,9,1,0,74
1170,"TE80338",2007,25,"20071EX43E","EX43E",418,20.4,21,12.171875,4.8325,11,2,1,75
1171,"TE80345",2006,24,"20061EX86","EX86",484,17.9,32,13.9375,0.40625,8,1,1,74
1171,"TE80345",2006,24,"20061O119","O119",610,17.1,27,11.5875,2.428125,8,1,1,74
1172,"TE80347",2006,24,"20061SW71","SW71",835,17.8,23,12.271875,3.86875,5,1,0,74
1173,"TE80356",2007,25,"20071O55","O55",662,18.9,17,12.19375,3.989375,10,2,1,75
1173,"TE80356",2008,26,"20081O29","O29",630,19.5,23,11.853125,3.08375,8,3,1,76
1174,"TE80407",2006,24,"20061CP39","CP39",343,17.9,15,13.625,3.04,8,1,0,74
1174,"TE80407",2007,25,"20071CP39","CP39",343,17.9,10,12.065625,3.195625,8,2,0,75
1175,"TE80428",2006,24,"20061EX69","EX69",465,18.3,27,11.521875,3.5975,7,1,1,74
1175,"TE80428",2008,26,"20081EX74","EX74",472,19,31,13.321875,4.096875,8,3,1,76
1176,"TE80450",2006,24,"20061CP7","CP7",354,19.9,22,12.13125,3.636875,7,1,1,74
1177,"TE80456",2006,24,"20061O58","O58",665,19.1,34,13.403125,0.77625,9,1,0,74
1178,"TE80458",2006,24,"20061EX39","EX39",399,18.7,28,14.371875,0.41,9,1,0,74
1179,"TE80501",2007,25,"20071W92","W92",954,19.1,15,12.05,4.179375,9,2,0,75
1179,"TE80501",2008,26,"20081W91","W91",953,18.9,21,11.76875,2.538125,9,3,0,76
1180,"TE80505",2006,24,"20061O7","O7",679,19.1,22,12.053125,3.684375,9,1,0,74
1181,"TE80522",2006,24,"20061B184","B184",76,17.7,21,12.13125,3.636875,7,1,0,74
1182,"TE80531",2006,24,"20061CP21","CP21",323,18.2,26,11.521875,3.5975,9,1,0,74
1182,"TE80531",2007,25,"20071CP14A","CP14A",315,18.5,15,12.05,4.179375,9,2,0,75
1183,"TE80533",2007,25,"20071EX28","EX28",382,18.5,20,12.546875,3.125625,9,2,1,75
1184,"TE80534",2006,24,"20061W7","W7",933,18.6,25,11.521875,3.5975,7,1,0,74
1184,"TE80534",2007,25,"20071W7","W7",933,18.4,16,12.05,4.179375,9,2,0,75
1185,"TE80535",2006,24,"20061CP43","CP43",349,16.9,23,12.3125,3.76875,4,1,1,74
1185,"TE80535",2007,25,"20071CP42A","CP42A",348,17.2,14,12.05,4.179375,8,2,1,75
1185,"TE80535",2008,26,"20081CP42A","CP42A",348,17.8,15,14.125,0.36375,6,3,1,76
1185,"TE80535",2009,27,"20091CP42A","CP42A",348,17.8,16,11.459375,2.199375,9,4,1,77
1186,"TE80538",2007,25,"20071EX25","EX25",379,18.4,17,12.546875,3.125625,7,2,1,75
1187,"TE80544",2006,24,"20061EX71","EX71",468,17.8,22,12.13125,3.636875,8,1,0,74
1188,"TE80553",2006,24,"20061O20","O20",621,18.9,25,11.65625,3.61125,8,1,0,74
1189,"TE80558",2006,24,"20061W39","W39",896,19.3,32,11.715625,2.271875,9,1,0,74
1190,"TE80569",2006,24,"20061EX69","EX69",465,18.6,27,11.521875,3.5975,7,1,0,74
1191,"TE80603",2006,24,"20061W11","W11",867,18.8,30,11.715625,2.271875,8,1,1,74
1191,"TE80603",2007,25,"20071W13","W13",869,19,17,12.0875,4.113125,7,2,1,75
1192,"TE80606",2006,24,"20061EX51B","EX51B",434,19.3,27,11.475,3.220625,7,1,0,74
1193,"TE80607",2006,24,"20061EX41E","EX41E",410,18.8,25,11.475,3.008125,8,1,1,74
1194,"TE80611",2006,24,"20061W29","W29",886,18.6,27,11.475,3.008125,7,1,0,74
1195,"TE80613",2006,24,"20061W75A","W75A",939,19.5,31,11.5875,2.428125,5,1,1,74
1196,"TE80618",2006,24,"20061CP20","CP20",322,19.5,21,12.13125,3.636875,7,1,0,74
1197,"TE80622",2006,24,"20061EX51B","EX51B",434,20.1,27,11.475,3.220625,7,1,1,74
1197,"TE80622",2007,25,"20071EX51A","EX51A",433,20.8,17,12.19375,3.989375,10,2,1,75
1197,"TE80622",2008,26,"20081EX51A","EX51A",433,21.2,28,12.953125,4.094375,8,3,1,76
1198,"TE80635",2006,24,"20061W52","W52",912,18.3,27,11.521875,3.5975,7,1,0,74
1198,"TE80635",2007,25,"20071W61","W61",922,18.4,18,12.19375,3.989375,8,2,0,75
1199,"TE80637",2007,25,"20071EX8","EX8",479,16.4,18,12.659375,3.490625,10,2,0,75
1200,"TE80640",2007,25,"20071W101","W101",861,19.5,21,12.659375,3.490625,6,2,1,75
1200,"TE80640",2008,26,"20081W103","W103",863,18.2,16,13.35625,0.281875,5,3,1,76
1201,"TE80677",2006,24,"20061W87","W87",950,17.9,24,11.65625,3.61125,8,1,0,74
1201,"TE80677",2007,25,"20071W89","W89",951,19.2,18,12.0875,4.113125,8,2,0,75
1201,"TE80677",2008,26,"20081W87","W87",950,17.9,25,12.2625,2.990625,8,3,0,76
1202,"TE80680",2006,24,"20061W52","W52",912,20.1,27,11.521875,3.5975,7,1,1,74
1202,"TE80680",2007,25,"20071W61","W61",922,19.4,18,12.19375,3.989375,8,2,1,75
1202,"TE80680",2008,26,"20081W60","W60",921,18.8,22,11.76875,2.538125,8,3,1,76
1203,"TE80684",2006,24,"20061W72","W72",935,19,36,14.371875,0.41,10,1,1,74
1204,"TE80717",2006,24,"20061W22","W22",879,19.1,24,11.521875,3.5975,8,1,0,74
1204,"TE80717",2007,25,"20071W22","W22",879,20,17,12.0875,4.113125,9,2,0,75
1205,"TE80773",2019,37,"20191C152","C152",236,19,14,9.915625,1.638125,8,1,1,105
1206,"TE80832",2021,39,"20211B79","B79",163,17.4,22,10.878125,3.039375,5,2,1,108
1207,"TE80906",2021,39,"20211MP12","MP12",495,18.1,17,10.478125,3.565625,7,2,1,108
1208,"TE80930",2020,38,"20201B161","B161",58,18.8,15,11.14375,0.256875,8,1,1,107
1209,"TJ24022",2008,26,"20081W62","W62",923,17.4,31,13.321875,4.096875,4,1,0,82
1209,"TJ24022",2009,27,"20091W50","W50",909,17.2,15,11.275,2.251875,9,2,0,83
1210,"TJ24269",2008,26,"20081O38A","O38A",642,19.7,25,12.48125,2.959375,7,1,1,82
1211,"TJ24350",2008,26,"20081EX39A","EX39A",400,17.2,27,12.2625,2.990625,5,1,0,82
1212,"TJ24378",2009,27,"20091EX39C","EX39C",402,18.9,19,12.046875,2.669375,3,2,1,83
1213,"TJ24503",2009,27,"20091SW76","SW76",840,17.5,15,11.146875,2.243125,10,1,1,85
1214,"TJ24511",2010,28,"20101P21","P21",720,18.5,19,10.83125,0.263125,7,2,0,86
1214,"TJ24511",2011,29,"20111P21","P21",720,19.1,19,12.796875,0.83375,7,3,0,87
1215,"TJ24516",2009,27,"20091CP7","CP7",354,17,9,11.078125,1.72375,10,1,1,85
1215,"TJ24516",2010,28,"20101CP7","CP7",354,17.6,9,8.35625,0.561875,8,2,1,86
1216,"TJ24530",2009,27,"20091W87","W87",950,17.8,19,11.459375,2.199375,10,1,1,85
1217,"TJ24564",2009,27,"20091W102","W102",862,18.6,13,11.275,2.251875,11,1,1,85
1218,"TJ24598",2009,27,"20091CP7","CP7",354,17.6,9,11.078125,1.72375,10,1,0,85
1218,"TJ24598",2010,28,"20101CP7","CP7",354,18.2,9,8.35625,0.561875,8,2,0,86
1219,"TJ24614",2015,33,"20151SW32","SW32",790,18.8,17,10.95,1.346875,6,1,0,98
1220,"TJ24622",2015,33,"20151EX7","EX7",466,18.9,13,10.79375,1.4725,13,1,1,98
1220,"TJ24622",2016,34,"20161EX8","EX8",479,18.6,22,12.159375,1.38625,9,2,1,99
1221,"TJ24630",2016,34,"20161O12","O12",611,19.5,39,12.51875,1.5025,1,2,0,99
1222,"TJ24655",2015,33,"20151EX12","EX12",361,17.6,15,10.584375,1.6375,9,1,1,98
1223,"TJ24668",2015,33,"20151O2","O2",620,18.2,25,10.834375,2.11375,8,1,1,98
1223,"TJ24668",2016,34,"20161O1","O1",588,18.4,38,14.715625,1.501875,5,2,1,99
1224,"TJ24672",2015,33,"20151B201","B201",91,18.6,22,10.821875,1.29125,8,1,0,98
1224,"TJ24672",2016,34,"20161P9","P9",729,18.1,40,15.165625,2.43375,4,2,0,99
1225,"TJ24715",2010,28,"20101EX36","EX36",395,17.5,15,10.83125,0.263125,9,1,0,88
1226,"TJ24718",2010,28,"20101W9","W9",952,19.1,26,13.325,0.72,8,1,1,88
1227,"TJ24719",2010,28,"20101W39","W39",896,17.3,19,12.16875,0.16125,10,1,1,88
1228,"TJ24728",2012,30,"20121EX61","EX61",448,17.7,15,11.06875,1.145,5,3,0,90
1229,"TJ24747",2010,28,"20101EX51B","EX51B",434,18.7,15,11.696875,0.0975,10,1,1,88
1229,"TJ24747",2011,29,"20111EX51B","EX51B",434,18.6,9,12.315625,0.75,9,2,1,89
1230,"TJ24751",2010,28,"20101O55","O55",662,18.4,21,12.16875,0.16125,9,1,0,88
1231,"TJ24754",2010,28,"20101EX11","EX11",360,17.5,13,9.834375,0.499375,10,1,1,88
1232,"TJ24770",2010,28,"20101W16","W16",872,17.6,22,12.490625,0.1975,10,1,1,88
1233,"TJ24778",2010,28,"20101W47","W47",904,18.7,19,11.696875,0.0975,9,1,1,88
1234,"TJ24786",2010,28,"20101W54","W54",914,18.5,19,10.83125,0.263125,7,1,1,88
1235,"TJ24809",2010,28,"20101W41","W41",898,17.9,21,11.95,0.17625,9,1,1,88
1236,"TJ24810",2010,28,"20101W65","W65",928,18.2,22,12.16875,0.16125,8,1,1,88
1236,"TJ24810",2011,29,"20111W85","W85",949,19.1,22,12.590625,1.66625,4,2,1,89
1237,"TJ24832",2010,28,"20101CP2","CP2",321,20.2,25,13.178125,0.60375,6,1,1,88
1237,"TJ24832",2011,29,"20111CP2","CP2",321,21.1,13,12.653125,0.785,7,2,1,89
1238,"TJ24834",2010,28,"20101W32","W32",889,19.5,17,14.10625,1.135,7,1,0,88
1238,"TJ24834",2011,29,"20111W54","W54",914,20.4,16,12.85625,0.786875,7,2,0,89
1239,"TJ24837",2010,28,"20101W19","W19",875,18.2,19,11.696875,0.0975,6,1,1,88
1240,"TJ24855",2010,28,"20101W81","W81",946,18.3,22,12.16875,0.16125,6,1,1,88
1241,"TJ24861",2010,28,"20101EX79","EX79",478,19.4,16,11.696875,0.0975,11,1,1,88
1242,"TJ24864",2010,28,"20101W41","W41",898,18.1,21,11.95,0.17625,9,1,0,88
1242,"TJ24864",2011,29,"20111W39","W39",896,19.2,14,12.31875,0.75,6,2,0,89
1242,"TJ24864",2012,30,"20121W39","W39",896,18.5,22,11.84375,0.501875,6,3,0,90
1243,"TJ24871",2010,28,"20101EX18","EX18",371,18.4,18,11.95,0.17625,9,1,1,88
1244,"TJ24873",2010,28,"20101O85","O85",700,17.3,18,10.83125,0.263125,8,1,1,88
1244,"TJ24873",2011,29,"20111O108","O108",598,17.2,17,12.284375,0.408125,10,2,1,89
1244,"TJ24873",2012,30,"20121O85","O85",700,17,15,10.68125,1.210625,8,3,1,90
1245,"TJ24874",2010,28,"20101CP2","CP2",321,17.3,25,13.178125,0.60375,6,1,0,88
1246,"TJ24877",2010,28,"20101W10","W10",859,18,13,10.2625,0.480625,10,1,1,88
1247,"TJ24880",2010,28,"20101W74","W74",937,18.8,24,12.765625,0.5475,7,1,1,88
1247,"TJ24880",2011,29,"20111W78","W78",942,19.3,12,12.521875,0.784375,9,2,1,89
1248,"TJ24902",2010,28,"20101EX41A","EX41A",406,19.5,28,14.10625,1.135,12,1,1,88
1248,"TJ24902",2011,29,"20111EX41C","EX41C",408,20.3,21,12.015625,0.399375,8,2,1,89
1249,"TJ24945",2010,28,"20101EX51A","EX51A",433,19,20,12.16875,0.16125,7,1,0,88
1250,"TJ24961",2010,28,"20101W58","W58",918,18,18,11.696875,0.0975,8,1,0,88
1250,"TJ24961",2012,30,"20121W57","W57",917,19.1,12,10.68125,1.210625,7,3,0,90
1251,"TJ25269",2009,27,"20091O13","O13",612,17.8,16,11.275,2.251875,8,1,0,85
1251,"TJ25269",2010,28,"20101O13A","O13A",613,18.9,13,9.346875,0.513125,4,2,0,86
1252,"TJ25282",2011,29,"20111CP39","CP39",343,18.6,9,12.353125,0.711875,7,3,0,87
1253,"TJ25288",2009,27,"20091CP29","CP29",331,19.1,16,11.146875,2.243125,8,1,0,85
1253,"TJ25288",2010,28,"20101CP29","CP29",331,19.6,15,10.2625,0.480625,8,2,0,86
1254,"TJ25293",2010,28,"20101W6","W6",920,18.3,21,11.696875,0.0975,6,2,1,86
1255,"TJ26069",2008,26,"20081B89","B89",173,17.4,27,12.703125,3.6325,6,1,0,82
1255,"TJ26069",2009,27,"20091B90","B90",174,16.9,14,11.146875,2.243125,8,2,0,83
1256,"TJ26089",2009,27,"20091MP89","MP89",578,19,17,11.74375,2.59875,12,1,0,85
1257,"TJ26128",2010,28,"20101MP18","MP18",501,19.1,18,10.2625,0.480625,6,2,1,86
1257,"TJ26128",2011,29,"20111MP18","MP18",501,18.6,11,12.315625,0.75,9,3,1,87
1258,"TJ26145",2010,28,"20101SW63","SW63",826,18.9,13,10.83125,0.263125,12,2,1,86
1259,"TJ26150",2009,27,"20091C34","C34",270,19.2,11,11.275,2.251875,2,1,1,85
1260,"TJ26161",2009,27,"20091O86","O86",701,18.7,16,11.28125,2.20375,8,1,0,85
1261,"TJ26165",2009,27,"20091C109","C109",193,19.7,14,10.909375,2.00375,7,1,1,85
1261,"TJ26165",2010,28,"20101C9","C9",306,18.4,17,9.346875,0.513125,7,2,1,86
1262,"TJ26190",2009,27,"20091O64","O64",673,21,18,11.25,2.231875,8,1,0,85
1262,"TJ26190",2010,28,"20101O61","O61",670,20.2,15,10.83125,0.263125,9,2,0,86
1263,"TJ26196",2010,28,"20101O67","O67",676,18.4,18,11.696875,0.0975,7,2,0,86
1264,"TJ26240",2009,27,"20091O56","O56",663,17.4,18,11.74375,2.59875,9,1,0,85
1264,"TJ26240",2010,28,"20101O54","O54",661,18.2,15,11.95,0.17625,11,2,0,86
1264,"TJ26240",2011,29,"20111O54","O54",661,17.7,13,12.85625,0.786875,8,3,0,87
1265,"TJ26252",2009,27,"20091P5","P5",725,17.5,20,11.74375,2.59875,8,1,0,85
1265,"TJ26252",2010,28,"20101P5","P5",725,18.3,22,11.696875,0.0975,6,2,0,86
1265,"TJ26252",2011,29,"20111P12","P12",711,17.1,13,12.653125,0.785,10,3,0,87
1266,"TJ26502",2008,26,"20081MP73","MP73",561,18.2,21,11.96875,2.36,10,1,0,82
1267,"TJ26504",2008,26,"20081B27","B27",120,19.3,19,12.740625,0.92625,5,1,0,82
1268,"TJ26506",2008,26,"20081MP40","MP40",525,18.2,26,12.2625,2.990625,9,1,0,82
1269,"TJ26523",2010,28,"20101B158","B158",55,19.8,22,12.490625,0.1975,7,3,1,84
1270,"TJ26665",2008,26,"20081MP54","MP54",540,18.8,16,13.6875,0.28,5,1,0,82
1270,"TJ26665",2009,27,"20091MP41","MP41",526,19.1,9,11.159375,1.6775,9,2,0,83
1271,"TJ26685",2008,26,"20081MP34A","MP34A",519,17.8,27,12.2625,2.990625,8,1,1,82
1272,"TJ26753",2008,26,"20081MP18","MP18",501,18.5,28,12.2625,2.990625,8,1,0,82
1272,"TJ26753",2009,27,"20091MP87","MP87",576,18.3,16,11.146875,2.243125,9,2,0,83
1272,"TJ26753",2010,28,"20101MP18","MP18",501,19,18,10.2625,0.480625,6,3,0,84
1273,"TJ26765",2008,26,"20081MP69","MP69",556,17.7,12,14.48125,0.376875,7,1,0,82
1274,"TJ26850",2020,38,"20201SW5","SW5",810,19.5,17,11.53125,0.27875,9,2,1,106
1275,"TJ26872",2019,37,"20191C117","C117",201,18.3,3,9.290625,1.89625,6,1,1,105
1276,"TJ26880",2020,38,"20201SW35","SW35",793,18.3,19,11.946875,0.283125,8,2,0,106
1277,"TJ26883",2019,37,"20191O42","O42",648,19.8,21,11.784375,0.45,7,1,0,105
1278,"TJ26895",2019,37,"20191B215","B215",103,16.6,18,10.971875,1.51625,8,1,1,105
1279,"TJ27445",2008,26,"20081EX51","EX51",432,18.7,26,12.2625,2.990625,8,1,0,82
1280,"TJ27463",2008,26,"20081O27","O27",627,19,24,12.48125,2.959375,11,1,1,82
1281,"TJ27501",2008,26,"20081W42","W42",899,18.7,27,12.2625,2.990625,7,1,1,82
1282,"TJ27510",2008,26,"20081W57","W57",917,18.6,25,11.9625,3.085,7,1,0,82
1282,"TJ27510",2009,27,"20091W26","W26",883,19.9,17,11.146875,2.243125,4,2,0,83
1283,"TJ27516",2008,26,"20081EX46","EX46",421,19.1,24,12.953125,4.094375,9,1,1,82
1284,"TJ27526",2008,26,"20081EX39C","EX39C",402,19,28,12.953125,4.094375,7,1,1,82
1285,"TJ27562",2009,27,"20091W67","W67",930,18.5,15,11.28125,2.20375,9,2,1,83
1285,"TJ27562",2010,28,"20101W67","W67",930,17.5,20,11.371875,0.104375,7,3,1,84
1286,"TJ27563",2008,26,"20081EX14B","EX14B",367,18,25,11.9625,3.085,8,1,0,82
1286,"TJ27563",2009,27,"20091EX14B","EX14B",367,17.6,16,11.146875,2.243125,11,2,0,83
1286,"TJ27563",2010,28,"20101EX18A","EX18A",372,18.2,14,12.490625,0.1975,7,3,0,84
1287,"TJ27564",2008,26,"20081O21","O21",622,18,18,13.040625,0.445625,6,1,0,82
1288,"TJ27582",2008,26,"20081W69","W69",932,18,26,11.9625,3.085,6,1,0,82
1288,"TJ27582",2009,27,"20091W67","W67",930,19.2,15,11.28125,2.20375,9,2,0,83
1288,"TJ27582",2010,28,"20101W67","W67",930,18.2,20,11.371875,0.104375,7,3,0,84
1289,"TJ27586",2008,26,"20081O35","O35",638,18.5,24,11.853125,3.08375,8,1,0,82
1289,"TJ27586",2009,27,"20091O46","O46",652,17,17,11.146875,2.243125,9,2,0,83
1289,"TJ27586",2010,28,"20101O30","O30",632,18.3,19,11.371875,0.104375,4,3,0,84
1290,"TJ27613",2008,26,"20081EX90","EX90",489,17.2,29,12.953125,4.094375,10,1,0,82
1291,"TJ27677",2008,26,"20081EX53","EX53",438,17.8,15,13.6875,0.28,6,1,1,82
1291,"TJ27677",2009,27,"20091EX53","EX53",438,18.6,15,11.275,2.251875,9,2,1,83
1292,"TJ27682",2008,26,"20081B217","B217",105,17.6,25,11.76875,2.538125,8,1,0,82
1293,"TJ27702",2008,26,"20081B32","B32",125,17.4,32,13.665625,4.1125,6,1,0,82
1294,"TJ27740",2010,28,"20101W21","W21",878,18.7,25,13.553125,0.704375,4,3,0,84
1295,"TJ27759",2008,26,"20081EX43E","EX43E",418,18.8,38,13.790625,4.551875,5,1,1,82
1296,"TJ27780",2009,27,"20091EX9","EX9",488,19.1,16,12.871875,1.565,11,2,1,83
1297,"TJ27801",2008,26,"20081O30","O30",632,19.3,26,11.9625,3.085,7,1,1,82
1298,"TJ27864",2008,26,"20081EX68","EX68",464,18.3,28,12.2625,2.990625,7,1,0,82
1299,"TJ27872",2008,26,"20081W46","W46",903,19.6,30,13.321875,4.096875,3,1,1,82
1300,"TJ27899",2008,26,"20081CP24","CP24",326,17.4,34,13.790625,4.551875,9,1,0,82
1301,"TJ27901",2009,27,"20091W47","W47",904,17.9,10,11.03125,2.155,12,2,1,83
1301,"TJ27901",2010,28,"20101W37","W37",894,18,21,12.490625,0.1975,11,3,1,84
1302,"TJ27904",2008,26,"20081EX18","EX18",371,19.1,21,11.76875,2.538125,9,1,0,82
1303,"TJ27916",2008,26,"20081O16","O16",616,17.8,24,12.48125,2.959375,10,1,1,82
1303,"TJ27916",2009,27,"20091O57","O57",664,17.4,21,12.703125,2.436875,10,2,1,83
1303,"TJ27916",2010,28,"20101O15","O15",615,18.5,27,13.553125,0.704375,9,3,1,84
1304,"TJ27951",2008,26,"20081O35","O35",638,19.2,24,11.853125,3.08375,8,1,1,82
1305,"TK25538",2008,26,"20081MP13","MP13",496,17.1,23,11.9625,3.085,9,2,0,79
1306,"TK25571",2007,25,"20071C135","C135",219,17.3,14,12.046875,4.174375,8,1,0,78
1306,"TK25571",2008,26,"20081C58","C58",297,18.2,21,11.76875,2.538125,8,2,0,79
1306,"TK25571",2009,27,"20091C61A","C61A",301,17.2,41,13.309375,2.368125,7,3,0,80
1307,"TK25574",2007,25,"20071C61A","C61A",301,16.4,20,12.19375,3.989375,6,1,0,78
1308,"TK25601",2007,25,"20071B39","B39",131,17.6,20,12.659375,3.490625,9,1,0,78
1308,"TK25601",2008,26,"20081B38","B38",130,17.4,34,12.703125,3.6325,7,2,0,79
1308,"TK25601",2009,27,"20091B139","B139",35,17.8,16,11.459375,2.199375,8,3,0,80
1309,"TK25603",2007,25,"20071MP30","MP30",514,17,16,12.05,4.179375,7,1,0,78
1310,"TK25612",2007,25,"20071MP2","MP2",503,18.4,17,12.19375,3.989375,9,1,0,78
1311,"TK25619",2007,25,"20071MP51","MP51",537,17.8,15,11.91875,4.13875,3,1,1,78
1311,"TK25619",2008,26,"20081MP51","MP51",537,18.2,25,11.853125,3.08375,7,2,1,79
1312,"TK25624",2007,25,"20071MP46","MP46",531,19.1,18,12.0875,4.113125,8,1,0,78
1312,"TK25624",2008,26,"20081MP50","MP50",536,18.5,16,13.428125,0.28125,6,2,0,79
1312,"TK25624",2010,28,"20101MP46","MP46",531,18.2,20,12.765625,0.5475,9,4,0,81
1313,"TK25625",2008,26,"20081SW59","SW59",820,18.4,40,14.38125,3.2125,6,2,0,79
1314,"TK25631",2007,25,"20071MP70","MP70",558,18.7,15,11.9625,4.174375,6,1,1,78
1314,"TK25631",2008,26,"20081MP70","MP70",558,19.3,17,11.96875,2.36,4,2,1,79
1315,"TK25648",2007,25,"20071MP63","MP63",550,18,14,12.05,4.179375,11,1,0,78
1316,"TK25654",2007,25,"20071O2","O2",620,17.3,19,12.659375,3.490625,5,1,0,78
1317,"TK25658",2007,25,"20071MP26","MP26",510,20,15,12.05,4.179375,7,1,1,78
1317,"TK25658",2008,26,"20081MP32","MP32",516,20.4,22,12.3875,1.77125,6,2,1,79
1318,"TK25667",2007,25,"20071SW36","SW36",794,19,21,12.546875,3.125625,9,1,1,78
1319,"TK25674",2007,25,"20071B80","B80",166,18,16,12.0875,4.113125,5,1,0,78
1320,"TK25676",2007,25,"20071MP97","MP97",586,18.1,13,12.0875,4.113125,8,1,0,78
1320,"TK25676",2008,26,"20081MP98","MP98",587,19.4,19,12.3875,1.77125,7,2,0,79
1320,"TK25676",2009,27,"20091MP97","MP97",586,18.3,14,11.275,2.251875,10,3,0,80
1320,"TK25676",2010,28,"20101MP98","MP98",587,18.8,15,11.95,0.17625,9,4,0,81
1321,"TK25698",2008,26,"20081SW34","SW34",792,18.2,23,13.79375,4.449375,6,2,0,79
1321,"TK25698",2009,27,"20091P6","P6",726,18.5,17,11.74375,2.59875,9,3,0,80
1321,"TK25698",2010,28,"20101P7","P7",727,19.1,20,11.95,0.17625,5,4,0,81
1322,"TK25701",2007,25,"20071B127","B127",27,18.1,15,12.19375,3.989375,8,1,0,78
1323,"TK25707",2007,25,"20071MP7","MP7",557,18.3,22,12.546875,3.125625,8,1,0,78
1324,"TK25709",2007,25,"20071MP93","MP93",582,18.5,11,11.721875,4.12,7,1,1,78
1324,"TK25709",2008,26,"20081MP94","MP94",583,19,15,13.35625,0.281875,6,2,1,79
1325,"TK25711",2007,25,"20071SW120","SW120",755,19.5,16,12.0875,4.113125,10,1,1,78
1325,"TK25711",2008,26,"20081SW120","SW120",755,20,20,11.76875,2.538125,10,2,1,79
1325,"TK25711",2009,27,"20091SW120","SW120",755,21.2,8,11.078125,1.72375,9,3,1,80
1325,"TK25711",2010,28,"20101SW121","SW121",756,19.2,11,9.346875,0.513125,8,4,1,81
1326,"TK25745",2007,25,"20071EX14A","EX14A",366,19.4,16,12.465625,3.92,10,1,1,78
1327,"TK25760",2007,25,"20071MP26","MP26",510,17.5,15,12.05,4.179375,7,1,0,78
1328,"TK25761",2007,25,"20071B121","B121",23,16.5,18,12.0875,4.113125,8,1,1,78
1329,"TK25763",2007,25,"20071B229","B229",116,19.3,21,12.659375,3.490625,8,1,1,78
1330,"TK25769",2007,25,"20071B87","B87",171,18.2,18,12.05,4.179375,7,1,0,78
1330,"TK25769",2009,27,"20091B188","B188",78,18.4,15,11.275,2.251875,6,3,0,80
1331,"TK25782",2007,25,"20071MP52","MP52",538,18.2,13,11.9625,4.174375,8,1,1,78
1331,"TK25782",2008,26,"20081MP52","MP52",538,18.1,14,13.6875,0.28,8,2,1,79
1332,"TK25787",2007,25,"20071B193","B193",82,17.5,18,12.0875,4.113125,7,1,1,78
1333,"TK25805",2007,25,"20071B85","B85",169,18.2,21,12.546875,3.125625,7,1,0,78
1334,"TK25806",2007,25,"20071EX36","EX36",395,19.9,19,12.19375,3.989375,7,1,1,78
1335,"TK25815",2007,25,"20071EX74","EX74",472,20,18,12.0875,4.113125,8,1,1,78
1336,"TK25817",2007,25,"20071EX73","EX73",470,18.7,21,12.546875,3.125625,9,1,1,78
1337,"TK25822",2007,25,"20071C138","C138",222,18.1,8,11.778125,4.12625,10,1,1,78
1338,"TK25825",2007,25,"20071CP7","CP7",354,18.6,19,12.0875,4.113125,6,1,1,78
1339,"TK25834",2007,25,"20071CP14A","CP14A",315,18.6,15,12.05,4.179375,9,1,1,78
1340,"TK25841",2008,26,"20081O68","O68",677,18.7,15,13.428125,0.28125,7,2,0,79
1341,"TK25845",2007,25,"20071C61A","C61A",301,18.5,20,12.19375,3.989375,6,1,1,78
1342,"TK25848",2007,25,"20071MP59","MP59",545,18.2,14,11.91875,4.13875,8,1,0,78
1342,"TK25848",2008,26,"20081MP56","MP56",542,19.6,25,11.76875,2.538125,6,2,0,79
1343,"TK25851",2007,25,"20071W99","W99",961,18.6,19,12.19375,3.989375,7,1,0,78
1344,"TK25860",2008,26,"20081W105","W105",866,18.9,26,11.9625,3.085,6,2,1,79
1345,"TK25862",2007,25,"20071W5","W5",908,18.8,22,12.465625,3.92,5,1,0,78
1346,"TK25863",2007,25,"20071W7","W7",933,19.3,16,12.05,4.179375,9,1,1,78
1346,"TK25863",2008,26,"20081W12","W12",868,19.4,26,11.9625,3.085,6,2,1,79
1346,"TK25863",2009,27,"20091W10","W10",859,19.2,15,11.74375,2.59875,14,3,1,80
1346,"TK25863",2010,28,"20101W29","W29",886,19.5,16,11.371875,0.104375,11,4,1,81
1347,"TK25873",2007,25,"20071W81","W81",946,17.4,14,11.9625,4.174375,9,1,0,78
1348,"TK25875",2007,25,"20071EX14A","EX14A",366,17.8,16,12.465625,3.92,10,1,0,78
1349,"TK25877",2007,25,"20071W74","W74",937,18.4,19,12.465625,3.92,8,1,1,78
1350,"TK25880",2007,25,"20071W64","W64",925,17.8,21,12.546875,3.125625,7,1,0,78
1350,"TK25880",2008,26,"20081W63","W63",924,16.6,21,11.96875,2.36,7,2,0,79
1351,"TK25881",2007,25,"20071W27","W27",884,19.5,17,12.19375,3.989375,10,1,1,78
1351,"TK25881",2008,26,"20081W26","W26",883,18.7,22,11.96875,2.36,6,2,1,79
1352,"TK25890",2007,25,"20071O16","O16",616,19.1,15,12.0875,4.113125,10,1,1,78
1353,"TK26041",2007,25,"20071P10","P10",709,18.4,16,12.0875,4.113125,8,1,0,78
1353,"TK26041",2008,26,"20081P11","P11",710,18.5,27,12.703125,3.6325,9,2,0,79
1354,"TK26049",2007,25,"20071EX78","EX78",477,18.3,20,12.465625,3.92,9,1,0,78
1355,"TK26061",2008,26,"20081EX10A","EX10A",359,17.9,28,12.48125,2.959375,8,2,0,79
1356,"TK26065",2007,25,"20071EX43C","EX43C",416,19.4,15,12.0875,4.113125,10,1,1,78
1357,"TK26067",2007,25,"20071EX34A","EX34A",392,19.1,19,12.465625,3.92,10,1,1,78
1357,"TK26067",2008,26,"20081EX14B","EX14B",367,19.4,25,11.9625,3.085,8,2,1,79
1358,"TK26071",2008,26,"20081B86","B86",170,19.3,21,12.740625,0.92625,7,2,1,79
1359,"TK26078",2007,25,"20071EX48A","EX48A",425,19.2,17,12.19375,3.989375,10,1,0,78
1359,"TK26078",2008,26,"20081EX47","EX47",422,19.4,26,11.9625,3.085,6,2,0,79
1359,"TK26078",2009,27,"20091EX48A","EX48A",425,20,17,11.74375,2.59875,10,3,0,80
1359,"TK26078",2010,28,"20101EX48","EX48",424,19.1,18,11.95,0.17625,11,4,0,81
1360,"TK26079",2007,25,"20071SW78","SW78",842,18.3,15,12.046875,4.174375,7,1,0,78
1360,"TK26079",2008,26,"20081SW78","SW78",842,18,28,12.703125,3.6325,9,2,0,79
1360,"TK26079",2009,27,"20091SW79","SW79",843,18.4,31,14.053125,0.646875,9,3,0,80
1360,"TK26079",2010,28,"20101SW76","SW76",840,18.4,18,11.371875,0.104375,8,4,0,81
1361,"TK26114",2007,25,"20071SW3","SW3",787,19.2,12,11.778125,4.12625,9,1,1,78
1362,"TK26120",2007,25,"20071SW26","SW26",783,19.1,20,12.659375,3.490625,7,1,1,78
1363,"TK26131",2007,25,"20071B16","B16",57,18.1,15,12.05,4.179375,6,1,1,78
1363,"TK26131",2008,26,"20081B16","B16",57,18.3,26,11.853125,3.08375,8,2,1,79
1363,"TK26131",2009,27,"20091B18","B18",73,18,15,11.275,2.251875,8,3,1,80
1364,"TK26133",2007,25,"20071EX90","EX90",489,19.5,18,12.465625,3.92,1,1,1,78
1364,"TK26133",2008,26,"20081EX90","EX90",489,19.2,29,12.953125,4.094375,10,2,1,79
1365,"TK26136",2007,25,"20071O93","O93",704,18,15,12.19375,3.989375,11,1,0,78
1366,"TK26141",2007,25,"20071O33","O33",636,15.5,18,12.0875,4.113125,5,1,0,78
1367,"TK26156",2007,25,"20071SW133","SW133",769,17.8,17,12.0875,4.113125,7,1,0,78
1367,"TK26156",2008,26,"20081SW133","SW133",769,18.5,28,13.321875,4.096875,9,2,0,79
1368,"TK26158",2007,25,"20071EX29","EX29",383,17.5,20,12.659375,3.490625,8,1,1,78
1369,"TK26172",2008,26,"20081CP16","CP16",317,19.2,23,12.2625,2.990625,6,2,1,79
1370,"TK26181",2008,26,"20081EX19","EX19",373,17.8,21,11.76875,2.538125,8,2,1,79
1371,"TK26210",2007,25,"20071W21","W21",878,18.5,18,12.465625,3.92,7,1,0,78
1372,"TK26224",2007,25,"20071EX44","EX44",419,19.6,18,12.19375,3.989375,9,1,0,78
1372,"TK26224",2009,27,"20091EX31A","EX31A",388,18.4,26,13.5375,1.126875,6,3,0,80
1372,"TK26224",2010,28,"20101W11","W11",867,18.7,23,13.178125,0.60375,8,4,0,81
1373,"TK26227",2007,25,"20071CP35","CP35",338,17.5,17,12.05,4.179375,8,1,0,78
1374,"TK26233",2007,25,"20071W83","W83",947,18.6,13,12.046875,4.174375,10,1,0,78
1374,"TK26233",2008,26,"20081W83","W83",947,19.4,15,13.040625,0.445625,8,2,0,79
1374,"TK26233",2009,27,"20091W76","W76",940,19.1,45,12.946875,3.088125,6,3,0,80
1374,"TK26233",2009,27,"20091W83","W83",947,19.9,10,11.28125,2.20375,7,3,0,80
1375,"TK26234",2007,25,"20071EX48","EX48",424,17.2,16,12.0875,4.113125,9,1,0,78
1376,"TK26235",2007,25,"20071EX41E","EX41E",410,17.6,19,12.415625,4.52875,11,1,1,78
1376,"TK26235",2008,26,"20081EX41C","EX41C",408,17.6,35,13.665625,4.1125,3,2,1,79
1377,"TK26250",2007,25,"20071B80","B80",166,19.4,16,12.0875,4.113125,5,1,1,78
1377,"TK26250",2008,26,"20081B79","B79",163,19.7,24,12.2625,2.990625,9,2,1,79
1378,"TK26251",2007,25,"20071CP38","CP38",341,19.7,18,12.05,4.179375,7,1,0,78
1379,"TK26257",2007,25,"20071CP37","CP37",340,18.5,25,12.046875,3.6075,7,1,1,78
1379,"TK26257",2008,26,"20081CP37","CP37",340,18.4,18,13.35625,0.281875,8,2,1,79
1380,"TK26264",2007,25,"20071CP37","CP37",340,19.4,25,12.046875,3.6075,7,1,0,78
1380,"TK26264",2009,27,"20091CP33","CP33",336,20.8,21,12.046875,2.669375,6,3,0,80
1381,"TK26267",2007,25,"20071EX28","EX28",382,19.1,20,12.546875,3.125625,9,1,0,78
1382,"TK26287",2007,25,"20071CP8","CP8",355,18.7,21,12.659375,3.490625,7,1,0,78
1382,"TK26287",2008,26,"20081CP9","CP9",356,18.6,30,12.953125,4.094375,8,2,0,79
1383,"TK26300",2007,25,"20071EX48","EX48",424,19.4,16,12.0875,4.113125,9,1,1,78
1383,"TK26300",2008,26,"20081EX48","EX48",424,19.1,42,14.39375,2.636875,7,2,1,79
1383,"TK26300",2009,27,"20091EX48A","EX48A",425,19.3,17,11.74375,2.59875,10,3,1,80
1384,"TK26302",2007,25,"20071W15","W15",871,17.4,16,12.19375,3.989375,9,1,0,78
1385,"TK26310",2007,25,"20071CP31","CP31",334,17.5,21,12.659375,3.490625,7,1,0,78
1385,"TK26310",2008,26,"20081CP31","CP31",334,18,25,12.2625,2.990625,7,2,0,79
1386,"TK26331",2007,25,"20071O56","O56",663,19,17,12.19375,3.989375,10,1,0,78
1386,"TK26331",2008,26,"20081O56","O56",663,19,27,12.48125,2.959375,3,2,0,79
1387,"TK26332",2008,26,"20081O56","O56",663,19.7,27,12.48125,2.959375,3,2,1,79
1388,"TK26344",2007,25,"20071O36","O36",639,17.2,19,12.415625,4.52875,11,1,0,78
1388,"TK26344",2008,26,"20081O27","O27",627,18.4,24,12.48125,2.959375,11,2,0,79
1389,"TK26348",2007,25,"20071CP33","CP33",336,19.4,17,12.0875,4.113125,9,1,1,78
1390,"TK26353",2007,25,"20071W80","W80",945,19.2,16,11.9625,4.174375,6,1,1,78
1390,"TK26353",2008,26,"20081W80","W80",945,19.4,20,11.76875,2.538125,7,2,1,79
1390,"TK26353",2009,27,"20091W80","W80",945,18.4,19,11.459375,2.199375,9,3,1,80
1390,"TK26353",2010,28,"20101W66","W66",929,18.5,17,10.83125,0.263125,5,4,1,81
1391,"TK26361",2009,27,"20091EX77","EX77",476,19.5,22,12.703125,2.436875,10,3,1,80
1392,"TK26376",2007,25,"20071EX62G","EX62G",456,18.7,23,12.546875,3.125625,7,1,1,78
1393,"TK26382",2007,25,"20071O109","O109",599,17.5,19,12.659375,3.490625,10,1,0,78
1393,"TK26382",2008,26,"20081O109","O109",599,17.9,27,12.953125,4.094375,9,2,0,79
1394,"TK26384",2007,25,"20071SW120","SW120",755,16.5,16,12.0875,4.113125,10,1,0,78
1395,"TK26389",2007,25,"20071CP9","CP9",356,19,20,12.546875,3.125625,8,1,0,78
1396,"TK26519",2007,25,"20071W56","W56",916,18.1,18,12.546875,3.125625,5,1,1,78
1397,"TK26521",2007,25,"20071W93","W93",955,19.6,13,11.91875,4.13875,8,1,0,78
1397,"TK26521",2008,26,"20081W95","W95",957,19.5,11,14.459375,0.369375,8,2,0,79
1397,"TK26521",2009,27,"20091W92","W92",954,19.6,6,11.159375,1.6775,5,3,0,80
1397,"TK26521",2010,28,"20101W83","W83",947,20,11,9.346875,0.513125,9,4,0,81
1398,"TK26525",2007,25,"20071EX31","EX31",387,20,18,12.19375,3.989375,5,1,1,78
1399,"TK26526",2007,25,"20071CP35","CP35",338,18.9,17,12.05,4.179375,8,1,1,78
1400,"TK26531",2007,25,"20071SW107","SW107",739,17.5,19,12.19375,3.989375,9,1,0,78
1400,"TK26531",2009,27,"20091SW109A","SW109A",742,17.5,15,11.146875,2.243125,9,3,0,80
1401,"TK26533",2007,25,"20071O75B","O75B",687,18,15,12.0875,4.113125,9,1,0,78
1402,"TK26542",2007,25,"20071CP1","CP1",308,19.4,21,12.546875,3.125625,9,1,1,78
1402,"TK26542",2008,26,"20081W4B","W4B",907,20.1,37,13.790625,4.551875,2,2,1,79
1403,"TK26581",2008,26,"20081W1","W1",858,18,24,11.9625,3.085,7,2,0,79
1404,"TK26608",2007,25,"20071CP13","CP13",313,19,17,12.0875,4.113125,8,1,0,78
1405,"TK26609",2007,25,"20071EX78","EX78",477,19.5,20,12.465625,3.92,9,1,1,78
1405,"TK26609",2009,27,"20091EX78","EX78",477,18.7,16,11.25,2.231875,9,3,1,80
1406,"TK26637",2008,26,"20081P1","P1",708,19,29,12.953125,4.094375,7,1,0,82
1407,"TK26669",2009,27,"20091CP40A","CP40A",346,19.1,17,11.74375,2.59875,7,1,0,85
1407,"TK26669",2010,28,"20101CP40A","CP40A",346,19.4,11,9.834375,0.499375,10,2,0,86
1408,"TK26692",2009,27,"20091O23","O23",624,18.5,16,11.275,2.251875,8,1,0,85
1409,"TK26716",2008,26,"20081MP84","MP84",573,17.5,29,12.2625,2.990625,6,1,0,82
1410,"TK26867",2009,27,"20091O37","O37",640,19.3,17,12.046875,2.669375,10,2,1,83
1410,"TK26867",2010,28,"20101O36","O36",639,19.3,23,12.490625,0.1975,7,3,1,84
1411,"TK26893",2008,26,"20081C15","C15",233,18.2,28,12.703125,3.6325,8,1,0,82
1412,"TK26899",2008,26,"20081B189","B189",79,17.8,26,11.9625,3.085,9,1,0,82
1413,"TK26910",2008,26,"20081SW12","SW12",754,20,31,13.321875,4.096875,7,1,1,82
1413,"TK26910",2009,27,"20091SW10","SW10",731,20.3,19,12.046875,2.669375,10,2,1,83
1414,"TK26923",2008,26,"20081O69","O69",678,18.9,17,12.3875,1.77125,7,1,0,82
1414,"TK26923",2010,28,"20101O70","O70",680,19,13,10.83125,0.263125,9,3,0,84
1415,"TK26924",2009,27,"20091SW18","SW18",775,18.8,13,11.28125,2.20375,8,2,1,83
1415,"TK26924",2010,28,"20101SW131","SW131",767,20,18,12.16875,0.16125,9,3,1,84
1416,"TK26931",2008,26,"20081CP6","CP6",353,17.7,21,11.76875,2.538125,10,1,0,82
1417,"TK26950",2010,28,"20101SW66","SW66",829,18.7,50,14.071875,1.358125,9,3,0,84
1417,"TK26950",2010,28,"20101SW63","SW63",826,17.9,13,10.83125,0.263125,12,3,0,84
1418,"TK26952",2008,26,"20081O43","O43",649,17.5,18,13.35625,0.281875,9,1,0,82
1419,"TK26967",2008,26,"20081W75","W75",938,18.9,27,11.9625,3.085,7,1,1,82
1420,"TK26979",2008,26,"20081CP5A","CP5A",351,18.5,28,12.48125,2.959375,7,1,0,82
1420,"TK26979",2009,27,"20091W4B","W4B",907,18.5,16,11.25,2.231875,8,2,0,83
1420,"TK26979",2010,28,"20101W3","W3",887,18.6,19,11.696875,0.0975,5,3,0,84
1421,"TK26987",2008,26,"20081B63","B63",150,17.3,25,11.9625,3.085,8,1,0,82
1422,"TK26991",2008,26,"20081C152","C152",236,18.1,13,14.459375,0.369375,6,1,0,82
1422,"TK26991",2009,27,"20091C52","C52",291,17.5,9,10.86875,1.944375,10,2,0,83
1423,"TK26998",2008,26,"20081O75","O75",685,16.6,16,13.35625,0.281875,8,1,0,82
1423,"TK26998",2008,26,"20081SW112","SW112",746,19.1,10,14.4125,0.399375,6,1,1,82
1424,"TK27015",2007,25,"20071B168","B168",63,19.5,22,12.546875,3.125625,8,1,1,78
1425,"TK27017",2007,25,"20071SW78","SW78",842,17,15,12.046875,4.174375,7,1,1,78
1425,"TK27017",2008,26,"20081SW78","SW78",842,16.9,28,12.703125,3.6325,9,2,1,79
1425,"TK27017",2009,27,"20091SW79","SW79",843,18.5,31,14.053125,0.646875,9,3,1,80
1425,"TK27017",2010,28,"20101SW76","SW76",840,18.1,18,11.371875,0.104375,8,4,1,81
1426,"TK27018",2007,25,"20071P17","P17",716,18.5,19,12.415625,4.52875,10,1,1,78
1426,"TK27018",2008,26,"20081P15","P15",714,19,24,12.2625,2.990625,8,2,1,79
1426,"TK27018",2009,27,"20091P19","P19",718,17.9,18,11.890625,2.655625,8,3,1,80
1427,"TK27019",2008,26,"20081SW47","SW47",806,17.7,37,14.284375,3.90375,9,2,1,79
1427,"TK27019",2009,27,"20091SW47","SW47",806,18.3,16,11.146875,2.243125,9,3,1,80
1427,"TK27019",2010,28,"20101SW49","SW49",808,18.9,15,10.2625,0.480625,10,4,1,81
1428,"TK27024",2007,25,"20071SW71","SW71",835,18.6,17,12.465625,3.92,7,1,1,78
1429,"TK27031",2007,25,"20071SW101A","SW101A",733,19.5,15,11.91875,4.13875,4,1,1,78
1429,"TK27031",2008,26,"20081SW101","SW101",732,19.7,27,11.9625,3.085,5,2,1,79
1430,"TK27045",2007,25,"20071B90","B90",174,17.8,16,12.0875,4.113125,9,1,0,78
1431,"TK27048",2009,27,"20091O104","O104",594,19.7,17,11.74375,2.59875,11,3,0,80
1432,"TK27050",2010,28,"20101CP5A","CP5A",351,17.4,25,14.025,1.56,3,4,0,81
1433,"TK27052",2007,25,"20071SW6","SW6",821,19.5,24,12.546875,3.125625,5,1,0,78
1434,"TK27056",2007,25,"20071P8","P8",728,18.7,19,12.19375,3.989375,8,1,1,78
1434,"TK27056",2008,26,"20081P9","P9",729,17,27,11.9625,3.085,8,2,1,79
1435,"TK27058",2007,25,"20071B91","B91",175,19.2,19,12.659375,3.490625,9,1,1,78
1435,"TK27058",2008,26,"20081B20","B20",90,19,17,13.428125,0.28125,5,2,1,79
1435,"TK27058",2009,27,"20091B21","B21",98,19.3,11,10.909375,2.00375,9,3,1,80
1436,"TK27122",2007,25,"20071MP93","MP93",582,19,11,11.721875,4.12,7,1,0,78
1437,"TK27124",2007,25,"20071SW72","SW72",836,20.5,21,12.171875,4.8325,10,1,1,78
1438,"TK27125",2007,25,"20071MP83","MP83",572,17.4,20,12.465625,3.92,8,1,0,78
1438,"TK27125",2008,26,"20081MP34A","MP34A",519,17.3,27,12.2625,2.990625,8,2,0,79
1439,"TK27141",2008,26,"20081B217","B217",105,17.7,25,11.76875,2.538125,8,2,1,79
1440,"TK27143",2007,25,"20071C25","C25",261,18.2,13,12.0875,4.113125,9,1,1,78
1441,"TK27148",2007,25,"20071B93","B93",177,18.9,17,12.0875,4.113125,8,1,0,78
1441,"TK27148",2008,26,"20081B20","B20",90,19,17,13.428125,0.28125,5,2,0,79
1441,"TK27148",2009,27,"20091B21","B21",98,18.9,11,10.909375,2.00375,9,3,0,80
1441,"TK27148",2010,28,"20101B92","B92",176,19.8,16,10.83125,0.263125,7,4,0,81
1442,"TK27149",2007,25,"20071B225","B225",112,18.7,19,12.465625,3.92,8,1,1,78
1442,"TK27149",2008,26,"20081B225","B225",112,19.4,14,13.2125,0.400625,8,2,1,79
1443,"TK27150",2007,25,"20071B87","B87",171,18.8,18,12.05,4.179375,7,1,1,78
1443,"TK27150",2008,26,"20081B188","B188",78,19.3,25,11.96875,2.36,6,2,1,79
1443,"TK27150",2009,27,"20091B188","B188",78,19,15,11.275,2.251875,6,3,1,80
1443,"TK27150",2010,28,"20101B89","B89",173,18.7,13,10.2625,0.480625,6,4,1,81
1444,"TK27152",2007,25,"20071SW71","SW71",835,18.2,17,12.465625,3.92,7,1,0,78
1445,"TK27162",2007,25,"20071MP43","MP43",528,17.1,22,12.465625,3.92,8,1,0,78
1446,"TK27163",2008,26,"20081B222","B222",110,17.4,25,12.2625,2.990625,9,2,1,79
1447,"TK27169",2007,25,"20071C114","C114",199,17.6,15,11.9625,4.174375,7,1,0,78
1447,"TK27169",2008,26,"20081C14","C14",223,18.2,15,14.125,0.36375,6,2,0,79
1447,"TK27169",2009,27,"20091C15","C15",233,17.8,12,10.909375,2.00375,8,3,0,80
1448,"TK27170",2007,25,"20071SW35","SW35",793,17.9,15,12.046875,4.174375,9,1,0,78
1448,"TK27170",2008,26,"20081SW35","SW35",793,17.4,27,12.48125,2.959375,9,2,0,79
1448,"TK27170",2009,27,"20091SW35","SW35",793,18.2,13,11.03125,2.155,10,3,0,80
1448,"TK27170",2010,28,"20101SW34","SW34",792,17.5,15,9.834375,0.499375,10,4,0,81
1449,"TK27173",2007,25,"20071B146","B146",44,18.2,23,12.171875,4.8325,6,1,1,78
1450,"TK27225",2009,27,"20091B7","B7",157,18.5,13,11.275,2.251875,10,2,1,83
1451,"TK27252",2008,26,"20081O52","O52",659,18.6,24,11.9625,3.085,7,1,0,82
1452,"TK27253",2008,26,"20081O4","O4",645,17.7,25,11.9625,3.085,6,1,0,82
1453,"TK27297",2008,26,"20081CP41","CP41",347,19.3,15,13.6875,0.28,8,1,0,82
1454,"TK27331",2015,33,"20151CP43","CP43",349,18.9,11,10.76875,2.25,8,1,0,98
1455,"TK27335",2015,33,"20151EX57","EX57",442,17.5,14,10.853125,2.409375,8,1,0,98
1456,"TK27374",2016,34,"20161CP6","CP6",353,18.6,32,12.7125,1.45,8,2,1,99
1457,"TK27393",2016,34,"20161EX47A","EX47A",423,18.5,34,13.41875,1.238125,5,1,0,100
1458,"TK27402",2007,25,"20071CP6","CP6",353,18.5,21,12.546875,3.125625,8,1,1,78
1459,"TK27403",2007,25,"20071CP33","CP33",336,17.4,17,12.0875,4.113125,9,1,0,78
1460,"TK27405",2007,25,"20071EX59","EX59",444,17.5,23,12.546875,3.125625,8,1,0,78
1460,"TK27405",2008,26,"20081EX59","EX59",444,17.9,28,12.703125,3.6325,10,2,0,79
1460,"TK27405",2009,27,"20091EX60","EX60",447,17.1,19,12.046875,2.669375,7,3,0,80
1460,"TK27405",2010,28,"20101EX60","EX60",447,17.4,18,11.95,0.17625,4,4,0,81
1461,"TK27406",2007,25,"20071EX49","EX49",426,18.1,17,12.19375,3.989375,9,1,0,78
1462,"TK27410",2007,25,"20071W54","W54",914,18,14,11.9625,4.174375,8,1,0,78
1462,"TK27410",2008,26,"20081W54","W54",914,17.7,23,11.76875,2.538125,6,2,0,79
1463,"TK27423",2008,26,"20081EX51D","EX51D",436,18.6,24,11.9625,3.085,10,2,0,79
1464,"TK27426",2007,25,"20071B180","B180",74,17.5,19,12.659375,3.490625,7,1,0,78
1464,"TK27426",2008,26,"20081B79","B79",163,17.4,24,12.2625,2.990625,9,2,0,79
1465,"TK27429",2007,25,"20071O83","O83",698,18.5,15,12.05,4.179375,9,1,1,78
1466,"TK27434",2007,25,"20071SW44","SW44",803,17.2,17,12.19375,3.989375,9,1,0,78
1467,"TK27438",2007,25,"20071O61","O61",670,17.5,16,12.19375,3.989375,8,1,0,78
1467,"TK27438",2008,26,"20081O60","O60",669,17.5,14,13.6875,0.28,7,2,0,79
1468,"TK27442",2007,25,"20071SW101A","SW101A",733,18.5,15,11.91875,4.13875,4,1,0,78
1468,"TK27442",2008,26,"20081SW101","SW101",732,18.7,27,11.9625,3.085,5,2,0,79
1468,"TK27442",2009,27,"20091SW32","SW32",790,20.3,25,12.046875,2.669375,5,3,0,80
1469,"TK27447",2007,25,"20071SW86","SW86",852,19.4,18,12.05,4.179375,7,1,1,78
1470,"TK27475",2008,26,"20081O75A","O75A",686,17.4,17,13.2125,0.400625,7,2,0,79
1471,"TK27481",2007,25,"20071EX5A","EX5A",445,19.9,18,12.19375,3.989375,9,1,1,78
1472,"TK27488",2007,25,"20071SW128","SW128",763,18.5,33,12.875,2.991875,8,1,1,78
1472,"TK27488",2008,26,"20081O116","O116",607,19,17,13.6875,0.28,5,2,1,79
1473,"TK27495",2007,25,"20071SW42","SW42",801,18.5,19,12.19375,3.989375,7,1,1,78
1474,"TK27500",2007,25,"20071O81","O81",696,18.5,18,12.465625,3.92,9,1,1,78
1475,"TK27505",2007,25,"20071SW116","SW116",750,18,14,12.0875,4.113125,10,1,0,78
1475,"TK27505",2008,26,"20081SW116","SW116",750,18.8,17,13.040625,0.445625,8,2,0,79
1476,"TK27513",2009,27,"20091O101","O101",591,19.2,18,11.74375,2.59875,10,3,1,80
1477,"TK27533",2007,25,"20071O22","O22",623,18.5,16,12.19375,3.989375,11,1,1,78
1478,"TK27537",2007,25,"20071O70","O70",680,17.5,18,12.19375,3.989375,9,1,0,78
1478,"TK27537",2008,26,"20081O70","O70",680,17.5,24,11.853125,3.08375,10,2,0,79
1479,"TK27538",2007,25,"20071W22","W22",879,19.1,17,12.0875,4.113125,9,1,1,78
1479,"TK27538",2008,26,"20081W22","W22",879,19.5,18,13.2125,0.400625,8,2,1,79
1480,"TK27555",2008,26,"20081O53","O53",660,18.6,23,11.9625,3.085,8,2,0,79
1481,"TK27588",2007,25,"20071O69","O69",678,19,16,12.0875,4.113125,9,1,1,78
1481,"TK27588",2008,26,"20081O69","O69",678,19.1,17,12.3875,1.77125,7,2,1,79
1481,"TK27588",2010,28,"20101O70","O70",680,18.3,13,10.83125,0.263125,9,4,1,81
1482,"TK27596",2007,25,"20071SW33","SW33",791,19,16,12.0875,4.113125,10,1,1,78
1483,"TK27611",2008,26,"20081CP37","CP37",340,18.9,18,13.35625,0.281875,8,2,0,79
1483,"TK27611",2009,27,"20091EX53","EX53",438,19.2,15,11.275,2.251875,9,3,0,80
1484,"TK27628",2007,25,"20071SW113","SW113",747,18.5,17,12.19375,3.989375,10,1,1,78
1485,"TK27631",2008,26,"20081P6","P6",726,18,30,13.665625,4.1125,9,2,1,79
1485,"TK27631",2009,27,"20091P6","P6",726,18.4,17,11.74375,2.59875,9,3,1,80
1486,"TK27665",2007,25,"20071B16","B16",57,19.1,15,12.05,4.179375,6,1,0,78
1487,"TK27679",2009,27,"20091O37","O37",640,18.2,17,12.046875,2.669375,10,3,0,80
1488,"TK27681",2007,25,"20071O109","O109",599,19,19,12.659375,3.490625,10,1,1,78
1488,"TK27681",2008,26,"20081O109","O109",599,19,27,12.953125,4.094375,9,2,1,79
1489,"TK27697",2007,25,"20071B20","B20",90,18.7,20,12.659375,3.490625,8,1,1,78
1489,"TK27697",2009,27,"20091B119","B119",21,17.9,14,11.146875,2.243125,6,3,1,80
1490,"TK27704",2007,25,"20071W29","W29",886,19.1,17,12.19375,3.989375,9,1,1,78
1491,"TK27716",2007,25,"20071B121","B121",23,19.2,18,12.0875,4.113125,8,1,0,78
1492,"TK27724",2007,25,"20071O68","O68",677,20,15,12.0875,4.113125,10,1,1,78
1493,"TK27738",2007,25,"20071O85","O85",700,18,20,12.659375,3.490625,7,1,1,78
1494,"TK27746",2008,26,"20081O94","O94",705,17,28,12.48125,2.959375,4,1,0,82
1495,"TK27757",2008,26,"20081C23","C23",256,18.5,18,13.2125,0.400625,6,1,0,82
1495,"TK27757",2009,27,"20091C37","C37",274,18.1,7,11.159375,1.6775,6,2,0,83
1495,"TK27757",2010,28,"20101C57","C57",296,18.4,16,11.371875,0.104375,8,3,0,84
1496,"TK27758",2008,26,"20081O82","O82",697,19.4,19,13.040625,0.445625,6,1,1,82
1496,"TK27758",2009,27,"20091O108","O108",598,19.3,18,11.25,2.231875,8,2,1,83
1497,"TK27782",2010,28,"20101SW16","SW16",773,18.3,21,12.16875,0.16125,8,3,1,84
1498,"TK27784",2008,26,"20081SW125","SW125",760,16.4,30,12.703125,3.6325,7,1,0,82
1499,"TK27817",2007,25,"20071O42","O42",648,18.5,18,12.19375,3.989375,7,1,1,78
1499,"TK27817",2009,27,"20091O46","O46",652,19,17,11.146875,2.243125,9,3,1,80
1500,"TK27821",2007,25,"20071EX43D","EX43D",417,19.4,18,12.19375,3.989375,8,1,1,78
1500,"TK27821",2008,26,"20081EX43D","EX43D",417,19.1,27,13.665625,4.1125,13,2,1,79
1501,"TK27855",2008,26,"20081SW102","SW102",734,18.7,20,11.853125,3.08375,8,1,0,82
1502,"TK27856",2009,27,"20091O48","O48",654,19,16,11.146875,2.243125,8,2,0,83
1503,"TK27867",2008,26,"20081B10","B10",2,18.2,16,11.76875,2.538125,7,1,0,82
1504,"TK27889",2008,26,"20081SW117","SW117",751,18.5,30,12.953125,4.094375,8,1,0,82
1504,"TK27889",2009,27,"20091SW110","SW110",744,18.5,22,12.353125,2.66625,10,2,0,83
1505,"TK27930",2008,26,"20081B79A","B79A",164,19,26,11.853125,3.08375,4,1,0,82
1505,"TK27930",2009,27,"20091B81","B81",168,19.4,11,10.909375,2.00375,6,2,0,83
1506,"TL36058",2015,33,"20151MP98","MP98",587,19.1,24,10.803125,1.665625,8,2,1,96
1507,"TL36065",2014,32,"20141EX74","EX74",472,18.4,15,13.11875,3.574375,7,1,1,95
1508,"TL36083",2015,33,"20151MP30","MP30",514,19.6,18,10.95,1.346875,8,2,0,96
1508,"TL36083",2016,34,"20161MP29","MP29",512,19.7,38,14.203125,1.37375,5,3,0,97
1509,"TL36085",2015,33,"20151MP98","MP98",587,18.4,24,10.803125,1.665625,8,2,0,96
1510,"TL36205",2013,31,"20131SW23","SW23",781,18.8,31,10.95625,1.780625,5,1,1,94
1511,"TL36246",2013,31,"20131O76","O76",690,19.6,41,12.0875,1.00625,3,1,1,94
1512,"TL36277",2013,31,"20131CP40A","CP40A",346,18.2,32,10.95625,1.780625,6,1,1,94
1513,"TL36340",2009,27,"20091CP6","CP6",353,18,16,11.459375,2.199375,9,1,1,85
1514,"TL36342",2009,27,"20091CP5A","CP5A",351,16.4,22,12.353125,2.66625,7,1,1,85
1515,"TL36351",2009,27,"20091W40","W40",897,18.9,17,11.275,2.251875,9,1,1,85
1516,"TL36368",2010,28,"20101EX5A","EX5A",445,18.9,15,10.2625,0.480625,9,2,0,86
1517,"TL36390",2009,27,"20091O15","O15",615,17.8,19,11.890625,2.655625,10,1,0,85
1518,"TL36393",2009,27,"20091EX38A","EX38A",398,19.7,19,12.353125,2.66625,8,1,1,85
1519,"TL36407",2009,27,"20091W95","W95",957,18.5,14,11.03125,2.155,8,1,0,85
1520,"TL36408",2010,28,"20101EX20","EX20",376,18.2,22,13.06875,0.58875,10,2,0,86
1521,"TL36466",2009,27,"20091B11","B11",12,18.3,22,11.890625,2.655625,7,1,0,85
1521,"TL36466",2010,28,"20101B10","B10",2,17.8,21,12.16875,0.16125,7,2,0,86
1522,"TL36477",2009,27,"20091EX62","EX62",449,17.8,16,11.25,2.231875,10,1,1,85
1523,"TL37017",2009,27,"20091W15","W15",871,18.9,16,11.275,2.251875,10,1,0,85
1524,"TL37033",2009,27,"20091O21","O21",622,17.7,16,11.275,2.251875,7,1,1,85
1524,"TL37033",2010,28,"20101O1","O1",588,19.3,15,11.371875,0.104375,7,2,1,86
1525,"TL37034",2009,27,"20091W53","W53",913,17.6,13,11.28125,2.20375,11,1,1,85
1526,"TL37054",2009,27,"20091SW134","SW134",770,17.5,14,11.275,2.251875,8,1,0,85
1527,"TL37063",2009,27,"20091SW35","SW35",793,19,13,11.03125,2.155,10,1,1,85
1528,"TL37067",2009,27,"20091C109","C109",193,16.9,14,10.909375,2.00375,7,1,0,85
1528,"TL37067",2010,28,"20101C9","C9",306,16.3,17,9.346875,0.513125,7,2,0,86
1529,"TL37069",2009,27,"20091C25","C25",261,17.2,13,11.03125,2.155,9,1,1,85
1530,"TL37072",2009,27,"20091O61","O61",670,18.9,18,11.459375,2.199375,9,1,0,85
1531,"TL37131",2009,27,"20091O21","O21",622,17.2,16,11.275,2.251875,7,1,0,85
1532,"TL37132",2009,27,"20091EX51","EX51",432,18.2,23,12.703125,2.436875,10,1,1,85
1532,"TL37132",2010,28,"20101EX58","EX58",443,19.8,14,10.83125,0.263125,10,2,1,86
1532,"TL37132",2011,29,"20111EX51","EX51",432,18.6,16,12.85625,0.786875,8,3,1,87
1533,"TL37151",2009,27,"20091O59","O59",666,18.2,16,11.275,2.251875,8,1,0,85
1533,"TL37151",2010,28,"20101O59","O59",666,18.5,18,11.95,0.17625,8,2,0,86
1533,"TL37151",2011,29,"20111O61","O61",670,18.3,15,12.653125,0.785,6,3,0,87
1534,"TL37155",2009,27,"20091O5A","O5A",667,18,29,14.053125,0.646875,4,1,0,85
1534,"TL37155",2010,28,"20101O5","O5",656,18.2,12,10.2625,0.480625,11,2,0,86
1535,"TL37158",2009,27,"20091W10","W10",859,18.5,15,11.74375,2.59875,14,1,0,85
1535,"TL37158",2010,28,"20101W29","W29",886,18,16,11.371875,0.104375,11,2,0,86
1535,"TL37158",2011,29,"20111W28","W28",885,18.9,15,12.85625,0.786875,9,3,0,87
1536,"TL37284",2017,35,"20171MP90","MP90",580,18.7,13,11.684375,2.988125,8,1,1,102
1537,"TL37353",2015,33,"20151MP76","MP76",564,18.1,13,10.853125,2.409375,8,1,0,98
1538,"TL37358",2015,33,"20151CP17","CP17",318,18.8,23,10.840625,1.153125,7,1,1,98
1539,"TL37408",2009,27,"20091MP21","MP21",505,19.3,17,11.25,2.231875,9,1,1,85
1540,"TL37422",2009,27,"20091SW72","SW72",836,18.5,16,11.25,2.231875,9,1,0,85
1541,"TL37449",2009,27,"20091P13","P13",712,17,15,11.459375,2.199375,8,1,1,85
1542,"TL37455",2009,27,"20091SW102","SW102",734,18,17,11.25,2.231875,8,1,1,85
1543,"TL37482",2009,27,"20091B31","B31",124,17.6,19,12.871875,1.565,10,1,0,85
1544,"TL37495",2009,27,"20091C9A","C9A",307,17.6,10,11.078125,1.72375,7,1,0,85
1545,"TL37508",2009,27,"20091C163","C163",249,19.3,14,10.909375,2.00375,8,1,0,85
1546,"TL37522",2009,27,"20091C3B","C3B",277,18.3,13,11.078125,1.72375,7,1,1,85
1547,"TL37524",2009,27,"20091C102","C102",186,18.4,16,11.25,2.231875,10,1,0,85
1548,"TL37528",2009,27,"20091SW22","SW22",780,17.6,18,11.25,2.231875,7,1,1,85
1549,"TL37531",2009,27,"20091C123","C123",208,18.7,17,11.25,2.231875,9,1,1,85
1550,"TL37538",2009,27,"20091C147","C147",230,17.9,10,10.909375,2.00375,12,1,1,85
1550,"TL37538",2010,28,"20101C46","C46",285,17.1,13,10.2625,0.480625,9,2,1,86
1550,"TL37538",2011,29,"20111C48","C48",286,18.7,17,12.653125,0.785,10,3,1,87
1551,"TL37539",2009,27,"20091C59","C59",298,18.7,24,12.871875,1.565,10,1,0,85
1551,"TL37539",2010,28,"20101C160A","C160A",245,18.9,23,12.490625,0.1975,8,2,0,86
1552,"TL37582",2009,27,"20091B207","B207",96,17.1,14,11.146875,2.243125,9,1,0,85
1553,"TL37593",2009,27,"20091EX78","EX78",477,17.9,16,11.25,2.231875,9,1,0,85
1554,"TL37607",2009,27,"20091B89","B89",173,17.8,19,11.25,2.231875,6,1,0,85
1554,"TL37607",2010,28,"20101B89","B89",173,18,13,10.2625,0.480625,6,2,0,86
1555,"TL37614",2010,28,"20101B99","B99",182,18.3,15,11.95,0.17625,9,1,1,88
1556,"TL37628",2010,28,"20101MP68","MP68",555,18.1,14,10.2625,0.480625,8,1,0,88
1557,"TL37630",2010,28,"20101B16","B16",57,18.5,21,12.16875,0.16125,8,1,0,88
1557,"TL37630",2011,29,"20111B16","B16",57,17.4,13,12.521875,0.784375,8,2,0,89
1558,"TL37639",2010,28,"20101B227","B227",114,17.8,14,10.83125,0.263125,11,1,1,88
1559,"TL37646",2010,28,"20101MP22","MP22",506,19.9,14,9.346875,0.513125,8,1,1,88
1559,"TL37646",2011,29,"20111MP85","MP85",574,19.4,6,12.54375,0.601875,8,2,1,89
1560,"TL37660",2010,28,"20101MP47","MP47",532,18.5,24,12.765625,0.5475,8,1,0,88
1560,"TL37660",2011,29,"20111MP41","MP41",526,17.7,11,12.31875,0.75,9,2,0,89
1561,"TL37665",2010,28,"20101MP96","MP96",585,19.6,14,10.83125,0.263125,8,1,1,88
1562,"TL37674",2010,28,"20101SW83","SW83",849,18.7,14,9.834375,0.499375,10,1,1,88
1563,"TL37690",2010,28,"20101B121","B121",23,17.6,15,11.371875,0.104375,11,1,1,88
1564,"TL37733",2010,28,"20101B123","B123",25,18.3,19,11.95,0.17625,9,1,1,88
1565,"TL37734",2010,28,"20101MP17","MP17",500,19,20,11.696875,0.0975,10,1,1,88
1566,"TL37735",2010,28,"20101B189","B189",79,17.6,22,11.696875,0.0975,6,1,1,88
1567,"TL37748",2010,28,"20101W71","W71",934,18.6,18,11.371875,0.104375,7,1,0,88
1567,"TL37748",2011,29,"20111W75A","W75A",939,19.7,10,12.521875,0.675,8,2,0,89
1567,"TL37748",2012,30,"20121W75A","W75A",939,18.6,11,8.996875,1.9875,5,3,0,90
1568,"TL37749",2010,28,"20101SW49","SW49",808,19.5,15,10.2625,0.480625,10,1,0,88
1568,"TL37749",2011,29,"20111SW52","SW52",813,17.9,13,12.653125,0.785,7,2,0,89
1569,"TL37753",2010,28,"20101MP83","MP83",572,18.7,19,11.95,0.17625,11,1,1,88
1570,"TL37756",2010,28,"20101W9","W9",952,18.7,26,13.325,0.72,8,1,0,88
1571,"TL37775",2010,28,"20101P1","P1",708,17.7,17,10.83125,0.263125,8,1,1,88
1572,"TL37779",2011,29,"20111P6","P6",726,18.8,11,12.521875,0.784375,9,2,1,89
1573,"TL37791",2010,28,"20101B131","B131",31,17.4,19,11.696875,0.0975,8,1,1,88
1574,"TL37793",2010,28,"20101MP78","MP78",566,18.5,19,11.95,0.17625,8,1,1,88
1575,"TL37825",2010,28,"20101MP64","MP64",551,17.3,16,11.371875,0.104375,9,1,1,88
1575,"TL37825",2011,29,"20111MP64","MP64",551,18.3,5,12.490625,0.579375,12,2,1,89
1576,"TL37866",2010,28,"20101C122","C122",207,18.3,15,10.83125,0.263125,9,1,1,88
1576,"TL37866",2011,29,"20111C20","C20",254,18.4,11,12.796875,0.83375,10,2,1,89
1577,"TL38004",2009,27,"20091CP37","CP37",340,18.1,16,11.146875,2.243125,8,1,1,85
1577,"TL38004",2010,28,"20101CP35","CP35",338,18.2,41,14.275,2.783125,9,2,1,86
1578,"TL38067",2009,27,"20091EX51C","EX51C",435,18.8,18,11.459375,2.199375,9,1,1,85
1579,"TL38179",2009,27,"20091EX43","EX43",413,17.4,15,11.459375,2.199375,11,1,1,85
1579,"TL38179",2010,28,"20101EX43A","EX43A",414,16.7,13,10.2625,0.480625,11,2,1,86
1580,"TL38224",2010,28,"20101EX44","EX44",419,18.5,15,11.696875,0.0975,11,2,0,86
1581,"TL38226",2010,28,"20101EX78","EX78",477,18.3,16,11.696875,0.0975,11,2,1,86
1581,"TL38226",2011,29,"20111EX78","EX78",477,18.5,11,12.31875,0.75,10,3,1,87
1582,"TL38247",2009,27,"20091EX50","EX50",431,18.8,16,11.146875,2.243125,10,1,1,85
1582,"TL38247",2010,28,"20101EX49A","EX49A",427,19.1,21,12.16875,0.16125,10,2,1,86
1583,"TL38496",2020,38,"20201SW9","SW9",856,17.6,22,11.925,0.2725,7,1,1,107
1584,"TL38650",2020,38,"20201W37","W37",894,19.2,18,10.80625,0.256875,4,1,1,107
1585,"TL38771",2010,28,"20101W11","W11",867,18.7,23,13.178125,0.60375,8,1,1,88
1586,"TL38772",2010,28,"20101O49","O49",655,19.7,18,10.83125,0.263125,8,1,0,88
1587,"TL38784",2010,28,"20101W42","W42",899,18.5,22,11.95,0.17625,8,1,1,88
1588,"TL38786",2011,29,"20111CP27","CP27",329,19.1,11,12.31875,0.75,10,2,0,89
1589,"TL38788",2010,28,"20101W83","W83",947,19.3,11,9.346875,0.513125,9,1,1,88
1589,"TL38788",2011,29,"20111W77","W77",941,20.9,11,12.653125,0.785,9,2,1,89
1590,"TL38790",2010,28,"20101W47","W47",904,18.1,19,11.696875,0.0975,9,1,0,88
1591,"TL38816",2010,28,"20101W71","W71",934,18.1,18,11.371875,0.104375,7,1,1,88
1592,"TL38822",2010,28,"20101CP6","CP6",353,18.2,15,11.696875,0.0975,10,1,1,88
1593,"TL38845",2010,28,"20101W23","W23",880,18.2,25,13.325,0.72,10,1,1,88
1594,"TL38938",2020,38,"20201O115","O115",606,18.2,17,11.53125,0.27875,8,1,0,107
1595,"TL38985",2020,38,"20201W87","W87",950,18.6,18,11.53125,0.27875,8,1,0,107
1596,"TL38991",2021,39,"20211EX47A","EX47A",423,19.2,64,14.609375,2.488125,7,2,0,108
1597,"TL39008",2009,27,"20091SW32","SW32",790,18,25,12.046875,2.669375,5,1,1,85
1597,"TL39008",2010,28,"20101C61","C61",300,17.2,18,10.83125,0.263125,7,2,1,86
1598,"TL39013",2009,27,"20091O34","O34",637,18.1,19,11.74375,2.59875,9,1,1,85
1599,"TL39031",2009,27,"20091O106","O106",596,18.9,20,12.353125,2.66625,9,1,0,85
1599,"TL39031",2010,28,"20101O105","O105",595,18.5,22,12.490625,0.1975,7,2,0,86
1600,"TL39041",2009,27,"20091SW106","SW106",738,19,26,12.703125,2.436875,7,1,1,85
1601,"TL39047",2009,27,"20091C3B","C3B",277,18.7,13,11.078125,1.72375,7,1,0,85
1602,"TL39052",2009,27,"20091SW47","SW47",806,18,16,11.146875,2.243125,9,1,0,85
1603,"TL39061",2009,27,"20091SW104","SW104",736,17.5,10,11.159375,1.6775,8,1,0,85
1604,"TL39062",2009,27,"20091SW3","SW3",787,18.6,18,11.74375,2.59875,8,1,1,85
1605,"TL39065",2009,27,"20091C123","C123",208,18,17,11.25,2.231875,9,1,0,85
1606,"TL39075",2009,27,"20091C2","C2",253,20.2,15,11.459375,2.199375,10,1,0,85
1606,"TL39075",2010,28,"20101C128","C128",211,20.1,54,14.371875,0.576875,6,2,0,86
1606,"TL39075",2010,28,"20101C27","C27",263,18.5,15,11.371875,0.104375,9,2,0,86
1607,"TL39083",2009,27,"20091P2","P2",719,17.9,18,11.890625,2.655625,12,1,1,85
1607,"TL39083",2010,28,"20101P12","P12",711,21.2,13,9.834375,0.499375,9,2,1,86
1607,"TL39083",2011,29,"20111P12","P12",711,18.1,13,12.653125,0.785,10,3,1,87
1608,"TL39089",2009,27,"20091O66","O66",675,20.2,19,11.74375,2.59875,9,1,0,85
1609,"TL39110",2009,27,"20091B31","B31",124,19,19,12.871875,1.565,10,1,1,85
1610,"TL39115",2009,27,"20091MP52","MP52",538,18.3,16,11.275,2.251875,8,1,1,85
1611,"TL39116",2009,27,"20091MP75","MP75",563,18,14,11.146875,2.243125,11,1,1,85
1611,"TL39116",2010,28,"20101MP75","MP75",563,17.8,14,9.346875,0.513125,8,2,1,86
1612,"TL39117",2009,27,"20091MP56","MP56",542,18.3,11,11.03125,2.155,10,1,1,85
1613,"TL39121",2009,27,"20091EX14B","EX14B",367,17.8,16,11.146875,2.243125,11,1,1,85
1613,"TL39121",2010,28,"20101EX36","EX36",395,18.5,15,10.83125,0.263125,9,2,1,86
1613,"TL39121",2011,29,"20111EX35A","EX35A",394,18.9,11,12.31875,0.75,8,3,1,87
1614,"TL39126",2009,27,"20091O13","O13",612,17.9,16,11.275,2.251875,8,1,1,85
1615,"TL39138",2009,27,"20091MP41","MP41",526,19,9,11.159375,1.6775,9,1,1,85
1616,"TL39141",2009,27,"20091MP49","MP49",534,17.9,13,11.275,2.251875,10,1,0,85
1617,"TL39154",2009,27,"20091MP46","MP46",531,18.2,19,11.25,2.231875,8,1,1,85
1618,"TL39183",2009,27,"20091MP65","MP65",552,17.9,20,11.74375,2.59875,8,1,0,85
1619,"TL39206",2009,27,"20091O5A","O5A",667,17.9,29,14.053125,0.646875,4,1,1,85
1620,"TL39277",2009,27,"20091SW131","SW131",767,18,16,11.25,2.231875,9,1,1,85
1621,"TL39280",2009,27,"20091B36","B36",129,17.8,20,11.25,2.231875,6,1,0,85
1622,"TL39419",2011,29,"20111SW42","SW42",801,17.3,17,12.796875,0.83375,7,1,0,91
1623,"TL39440",2011,29,"20111C61A","C61A",301,17.3,13,12.521875,0.784375,9,1,0,91
1623,"TL39440",2012,30,"20121C61","C61",300,18.7,5,9.328125,4.09625,4,2,0,92
1624,"TL39445",2011,29,"20111SW112","SW112",746,18.6,18,12.796875,0.83375,8,1,1,91
1624,"TL39445",2012,30,"20121SW113","SW113",747,19.6,11,9.125,2.253125,4,2,1,92
1625,"TL39458",2011,29,"20111O103","O103",593,19.2,18,12.015625,0.399375,8,1,0,91
1626,"TL39459",2011,29,"20111EX63","EX63",459,19,17,12.284375,0.408125,9,1,1,91
1627,"TL39461",2011,29,"20111O105","O105",595,19,15,12.85625,0.786875,9,1,1,91
1628,"TL39462",2011,29,"20111C144","C144",227,19.6,15,12.85625,0.786875,5,1,1,91
1629,"TL39473",2011,29,"20111C8","C8",305,17.4,13,12.521875,0.784375,10,1,0,91
1630,"TL39479",2011,29,"20111EX48","EX48",424,19.1,19,11.875,0.37,9,1,1,91
1631,"TL39491",2009,27,"20091SW59","SW59",820,16.7,18,11.74375,2.59875,7,1,1,85
1631,"TL39491",2010,28,"20101SW59","SW59",820,17.5,15,10.2625,0.480625,9,2,1,86
1632,"TL39552",2009,27,"20091EX43D","EX43D",417,18.4,19,12.046875,2.669375,11,1,0,85
1632,"TL39552",2010,28,"20101EX49A","EX49A",427,18.5,21,12.16875,0.16125,10,2,0,86
1632,"TL39552",2011,29,"20111EX49A","EX49A",427,19.2,13,12.653125,0.785,10,3,0,87
1633,"TL39605",2009,27,"20091O56","O56",663,17.2,18,11.74375,2.59875,9,1,1,85
1634,"TL39730",2015,33,"20151B11","B11",12,17.9,27,11.1875,1.368125,6,2,0,96
1635,"TL39911",2013,31,"20131CP6","CP6",353,18.8,39,12.73125,0.8425,6,1,1,94
1636,"TL39959",2013,31,"20131SW16","SW16",773,18,26,10.565625,2.009375,5,1,0,94
1637,"TP25026",2010,28,"20101W60","W60",921,18.8,21,12.16875,0.16125,9,1,0,88
1637,"TP25026",2011,29,"20111W60","W60",921,19.2,12,12.31875,0.75,11,2,0,89
1638,"TP25040",2010,28,"20101EX56","EX56",441,17.9,55,14.371875,0.576875,4,1,1,88
1639,"TP25044",2010,28,"20101O66","O66",675,17.4,20,12.16875,0.16125,8,1,0,88
1639,"TP25044",2011,29,"20111O65","O65",674,18.6,21,11.734375,0.704375,8,2,0,89
1640,"TP25060",2010,28,"20101EX79","EX79",478,19,16,11.696875,0.0975,11,1,0,88
1641,"TP25062",2010,28,"20101O8","O8",694,19.6,15,10.2625,0.480625,7,1,0,88
1642,"TP25066",2010,28,"20101O85","O85",700,18.4,18,10.83125,0.263125,8,1,0,88
1643,"TP25068",2010,28,"20101C33","C33",269,17,20,11.696875,0.0975,4,1,0,88
1644,"TP25097",2010,28,"20101O65","O65",674,19,19,11.95,0.17625,7,1,0,88
1644,"TP25097",2011,29,"20111O71","O71",681,18.7,12,12.315625,0.75,8,2,0,89
1645,"TP25108",2010,28,"20101O5","O5",656,18.9,12,10.2625,0.480625,11,1,1,88
1646,"TP25114",2010,28,"20101EX72","EX72",469,17.7,53,14.071875,1.358125,6,1,0,88
1647,"TP25121",2010,28,"20101EX42","EX42",411,20,17,11.371875,0.104375,10,1,0,88
1648,"TP25124",2010,28,"20101O82","O82",697,19.6,21,12.490625,0.1975,8,1,1,88
1649,"TP25126",2010,28,"20101W10","W10",859,19.8,13,10.2625,0.480625,10,1,0,88
1650,"TP25153",2010,28,"20101C24B","C24B",259,18.1,18,11.696875,0.0975,8,1,0,88
1651,"TP25156",2010,28,"20101O86","O86",701,17.8,15,9.834375,0.499375,8,1,1,88
1652,"TP25167",2010,28,"20101O65","O65",674,19.8,19,11.95,0.17625,7,1,1,88
1653,"TP25168",2010,28,"20101O105","O105",595,16.8,22,12.490625,0.1975,7,1,1,88
1654,"TP25193",2010,28,"20101B177","B177",71,18.2,13,10.2625,0.480625,9,1,1,88
1655,"TP25430",2010,28,"20101W100","W100",860,17.7,19,11.95,0.17625,9,1,0,88
1655,"TP25430",2011,29,"20111W103","W103",863,18.9,14,12.653125,0.785,10,2,0,89
1656,"TP25475",2010,28,"20101W59","W59",919,18.2,25,13.325,0.72,10,1,0,88
1657,"TP25494",2011,29,"20111W77","W77",941,19.2,11,12.653125,0.785,9,2,0,89
1657,"TP25494",2012,30,"20121W77","W77",941,19.5,10,11.53125,0.56125,6,3,0,90
1658,"TP25501",2010,28,"20101C122","C122",207,18.8,15,10.83125,0.263125,9,1,0,88
1659,"TP25504",2010,28,"20101CP6","CP6",353,19.1,15,11.696875,0.0975,10,1,0,88
1660,"TP25509",2010,28,"20101O80","O80",695,17.4,24,13.06875,0.58875,7,1,1,88
1661,"TP25511",2011,29,"20111O59","O59",666,18.7,17,12.796875,0.83375,8,2,1,89
1662,"TP25523",2010,28,"20101B90","B90",174,17.9,21,12.490625,0.1975,9,1,0,88
1662,"TP25523",2011,29,"20111B192","B192",81,17.2,13,12.521875,0.784375,10,2,0,89
1663,"TP25530",2010,28,"20101C4","C4",278,18.4,55,14.709375,0.568125,6,1,1,88
1663,"TP25530",2010,28,"20101C3B","C3B",277,17.8,18,10.83125,0.263125,9,1,1,88
1664,"TP25533",2010,28,"20101C110","C110",195,18.3,20,11.696875,0.0975,8,1,0,88
1664,"TP25533",2012,30,"20121C113","C113",198,18.9,11,9.0125,2.12875,7,3,0,90
1665,"TP25552",2010,28,"20101O60","O60",669,17.1,20,12.16875,0.16125,9,1,0,88
1665,"TP25552",2011,29,"20111O60","O60",669,17.8,16,12.559375,0.785,7,2,0,89
1666,"TP25559",2010,28,"20101C33","C33",269,16.4,20,11.696875,0.0975,4,1,1,88
1667,"TP25560",2012,30,"20121C109","C109",193,17.9,9,9.24375,3.788125,6,3,1,90
1668,"TP25567",2010,28,"20101O36","O36",639,17.2,23,12.490625,0.1975,7,1,0,88
1669,"TP25585",2010,28,"20101O78","O78",692,18.2,21,12.16875,0.16125,6,1,0,88
1670,"TP25604",2010,28,"20101O28","O28",629,19.7,21,12.16875,0.16125,7,1,0,88
1670,"TP25604",2011,29,"20111O2","O2",620,19.5,22,11.7875,0.675625,6,2,0,89
1671,"TP25617",2010,28,"20101B189","B189",79,18.2,22,11.696875,0.0975,6,1,0,88
1672,"TP25627",2010,28,"20101C19","C19",252,18.2,35,13.8375,2.01625,6,1,1,88
1673,"TP25628",2010,28,"20101C52","C52",291,19.2,23,12.490625,0.1975,8,1,1,88
1674,"TP25642",2010,28,"20101SW28","SW28",785,18.5,10,8.75,0.51375,10,1,0,88
1675,"TP25647",2010,28,"20101P1","P1",708,18.8,17,10.83125,0.263125,8,1,0,88
1676,"TP25654",2010,28,"20101O86","O86",701,18.2,15,9.834375,0.499375,8,1,0,88
1677,"TP25670",2010,28,"20101O112","O112",603,18.2,21,12.490625,0.1975,6,1,0,88
1677,"TP25670",2011,29,"20111O112","O112",603,21,11,12.521875,0.784375,2,2,0,89
1678,"TP25671",2010,28,"20101O75B","O75B",687,18.3,15,9.834375,0.499375,9,1,1,88
1678,"TP25671",2011,29,"20111O75C","O75C",688,20.1,8,12.54375,0.601875,8,2,1,89
1679,"TP25673",2010,28,"20101O30","O30",632,17.6,19,11.371875,0.104375,4,1,1,88
1680,"TP25700",2010,28,"20101SW5","SW5",810,17.9,22,12.490625,0.1975,10,1,0,88
1680,"TP25700",2011,29,"20111SW5","SW5",810,18.5,13,12.653125,0.785,9,2,0,89
1681,"TP25703",2010,28,"20101C26","C26",262,16.5,17,11.371875,0.104375,7,1,1,88
1682,"TP25704",2010,28,"20101SW107","SW107",739,18.8,48,14.421875,2.646875,7,1,1,88
1683,"TP25747",2010,28,"20101C27","C27",263,17.1,15,11.371875,0.104375,9,1,1,88
1683,"TP25747",2010,28,"20101C128","C128",211,18.4,54,14.371875,0.576875,6,1,1,88
1684,"TP25748",2010,28,"20101C26","C26",262,17.9,17,11.371875,0.104375,7,1,0,88
1685,"TP25806",2010,28,"20101O49","O49",655,19.6,18,10.83125,0.263125,8,1,1,88
1686,"TP25808",2010,28,"20101O59","O59",666,19.5,18,11.95,0.17625,8,1,1,88
1687,"TP25860",2010,28,"20101EX10","EX10",358,17.1,21,11.95,0.17625,7,1,0,88
1688,"TP25863",2010,28,"20101O73","O73",683,18.6,24,13.325,0.72,11,1,1,88
1689,"TP25935",2015,33,"20151P8","P8",728,17.9,23,11.09375,1.13875,6,1,0,98
1690,"TP27003",2016,34,"20161O101","O101",591,17.5,36,13.0875,1.2275,5,1,0,100
1691,"TP27016",2017,35,"20171SW56","SW56",817,17.5,15,12.309375,3.336875,6,2,0,101
1692,"TP27032",2016,34,"20161EX50","EX50",431,16.9,32,12.871875,1.34125,5,1,0,100
1692,"TP27032",2017,35,"20171EX49B","EX49B",428,18.5,13,12.53125,3.336875,7,2,0,101
1693,"TP27057",2017,35,"20171EX51C","EX51C",435,18.5,23,14.259375,3.343125,4,2,0,101
1694,"TP27065",2017,35,"20171W69","W69",932,18.8,12,11.303125,0.795,7,2,1,101
1695,"TP27066",2017,35,"20171W41","W41",898,17.8,13,11.6625,2.21,9,2,1,101
1696,"TP27067",2017,35,"20171CP19","CP19",320,18.9,10,11.85625,3.105,6,2,1,101
1697,"TP27216",2017,35,"20171EX49C","EX49C",429,19.1,12,11.85625,3.105,7,2,1,101
1698,"TP27246",2016,34,"20161EX43","EX43",413,17.5,33,12.871875,1.34125,7,1,0,100
1699,"TP27247",2017,35,"20171EX63","EX63",459,17.5,12,11.6625,2.21,7,2,0,101
1700,"TP27259",2016,34,"20161EX21","EX21",377,19,19,12.565625,1.8575,5,1,0,100
1701,"TP27260",2016,34,"20161W6","W6",920,18.8,31,12.7125,1.45,4,1,1,100
1702,"TP27356",2017,35,"20171MP77","MP77",565,17.8,6,10.759375,0.66625,6,2,0,101
1703,"TP27389",2016,34,"20161EX40","EX40",404,16.9,34,13.0875,1.2275,7,1,0,100
1703,"TP27389",2017,35,"20171EX39C","EX39C",402,17,15,12.53125,3.336875,7,2,0,101
1704,"TP27397",2017,35,"20171SW5","SW5",810,18.2,10,11.6625,2.21,9,2,1,101
1705,"TP27407",2016,34,"20161B39","B39",131,17.5,24,12.565625,1.8575,4,3,0,97
1706,"TP27415",2016,34,"20161O71","O71",681,17.6,36,13.41875,1.238125,7,3,0,97
1707,"TP27416",2016,34,"20161B201","B201",91,18.5,42,15.165625,2.43375,5,3,1,97
1708,"TP27421",2014,32,"20141P13","P13",712,16.9,14,12.63125,2.226875,6,1,1,95
1708,"TP27421",2015,33,"20151P13","P13",712,17.1,18,10.79375,1.4725,7,2,1,96
1709,"TP27429",2014,32,"20141MP16","MP16",499,16.9,8,11.19375,2.3475,10,1,0,95
1710,"TP27445",2014,32,"20141EX79","EX79",478,18.6,18,13.084375,3.6225,7,1,1,95
1711,"TP27459",2014,32,"20141SW115","SW115",749,17,17,13.084375,3.6225,7,1,0,95
1712,"TP27639",2016,34,"20161EX26","EX26",380,20,25,12.159375,1.38625,7,2,1,99
1713,"TP27824",2013,31,"20131EX49","EX49",426,17.9,39,12.83125,0.764375,8,1,0,94
1714,"TP27907",2015,33,"20151EX11","EX11",360,17.7,19,11.09375,1.13875,8,1,1,98
1715,"TP27950",2015,33,"20151EX39B","EX39B",401,17.2,14,10.584375,1.6375,9,1,0,98
1715,"TP27950",2016,34,"20161EX39B","EX39B",401,16.9,20,11.85,0.9075,8,2,0,99
1716,"TP27951",2015,33,"20151EX41B","EX41B",407,17.8,17,11.159375,1.141875,10,1,0,98
1717,"TP27958",2015,33,"20151EX38A","EX38A",398,18.9,17,10.584375,1.6375,6,1,1,98
1718,"TP27977",2016,34,"20161W16","W16",872,19.2,36,13.878125,1.3125,8,2,1,99
1719,"TP27978",2015,33,"20151EX43B","EX43B",415,17.7,18,11.09375,1.13875,10,1,1,98
1720,"TP28090",2011,29,"20111SW70","SW70",834,18,21,11.875,0.37,7,1,0,91
1721,"TP28114",2011,29,"20111MP89","MP89",578,17.4,12,12.31875,0.75,9,1,1,91
1722,"TP28135",2011,29,"20111MP89","MP89",578,18.1,12,12.31875,0.75,9,1,0,91
1723,"TP28136",2011,29,"20111CP20","CP20",322,17,9,12.315625,0.75,8,1,0,91
1724,"TP28204",2011,29,"20111SW133","SW133",769,17,16,12.796875,0.83375,9,1,0,91
1725,"TP28256",2011,29,"20111SW68","SW68",831,18.4,22,11.734375,0.704375,10,1,1,91
1726,"TP28262",2012,30,"20121P10","P10",709,18.8,16,11.06875,1.145,7,2,0,92
1727,"TP28268",2012,30,"20121B99","B99",182,16.9,5,9.125,2.253125,8,2,0,92
1728,"TP28311",2016,34,"20161SW30","SW30",788,18.7,26,12.565625,1.8575,6,2,0,99
1729,"TP28312",2015,33,"20151SW110","SW110",744,18.1,27,11.421875,1.261875,4,1,0,98
1730,"TP28315",2015,33,"20151C25","C25",261,18.9,20,10.803125,1.665625,7,1,1,98
1731,"TP28493",2011,29,"20111EX8","EX8",479,18,13,12.85625,0.786875,10,1,0,91
1732,"TP28496",2011,29,"20111EX77","EX77",476,18.6,16,12.796875,0.83375,8,1,0,91
1733,"TP28604",2010,28,"20101EX46","EX46",421,17.4,19,12.490625,0.1975,10,1,1,88
1734,"TP28610",2010,28,"20101O25","O25",626,18.7,16,10.83125,0.263125,8,1,0,88
1735,"TP28611",2012,30,"20121EX64","EX64",460,19.1,13,14.740625,3.478125,7,3,1,90
1736,"TP28615",2010,28,"20101O38","O38",641,18.3,22,13.178125,0.60375,7,1,0,88
1737,"TP28619",2010,28,"20101O1","O1",588,17.6,15,11.371875,0.104375,7,1,0,88
1738,"TP28632",2011,29,"20111CP8","CP8",355,18.9,23,11.80625,0.684375,7,2,1,89
1739,"TP28633",2010,28,"20101EX62C","EX62C",452,18.2,14,10.2625,0.480625,7,1,0,88
1740,"TP28634",2010,28,"20101W18","W18",874,18.5,22,13.06875,0.58875,12,1,0,88
1741,"TP28638",2010,28,"20101EX62C","EX62C",452,19,14,10.2625,0.480625,7,1,1,88
1742,"TP28662",2010,28,"20101W75","W75",938,18.4,21,13.06875,0.58875,9,1,1,88
1743,"TP28698",2010,28,"20101C140","C140",224,18.8,16,10.2625,0.480625,9,1,0,88
1744,"TP28712",2012,30,"20121C109","C109",193,18.9,9,9.24375,3.788125,6,3,0,90
1745,"TP28721",2010,28,"20101CP29","CP29",331,18.7,15,10.2625,0.480625,8,1,1,88
1746,"TP28736",2010,28,"20101W44","W44",901,17.6,26,13.325,0.72,10,1,1,88
1747,"TP28737",2010,28,"20101EX49B","EX49B",428,17.5,21,12.16875,0.16125,10,1,0,88
1747,"TP28737",2011,29,"20111EX49B","EX49B",428,17.9,12,12.521875,0.784375,9,2,0,89
1748,"TP28738",2010,28,"20101EX25","EX25",379,18.3,21,12.16875,0.16125,7,1,0,88
1749,"TP28740",2010,28,"20101W34","W34",891,17.7,24,12.765625,0.5475,9,1,1,88
1749,"TP28740",2011,29,"20111W40","W40",897,19.3,14,12.521875,0.784375,9,2,1,89
1750,"TP28752",2010,28,"20101W34","W34",891,17.6,24,12.765625,0.5475,9,1,0,88
1751,"TP28753",2010,28,"20101SW122","SW122",757,19.2,23,12.765625,0.5475,9,1,1,88
1752,"TP28755",2010,28,"20101EX48","EX48",424,19.1,18,11.95,0.17625,11,1,1,88
1753,"TP28756",2010,28,"20101EX30","EX30",386,18.5,14,9.834375,0.499375,9,1,0,88
1754,"TP28778",2010,28,"20101W64","W64",925,19,15,10.2625,0.480625,9,1,1,88
1755,"TP28779",2010,28,"20101W94","W94",956,20.2,19,12.16875,0.16125,12,1,0,88
1755,"TP28779",2011,29,"20111W78","W78",942,19.9,12,12.521875,0.784375,9,2,0,89
1756,"TP28791",2010,28,"20101W31","W31",888,18.2,23,12.765625,0.5475,7,1,0,88
1757,"TP28841",2010,28,"20101B179","B179",72,17.8,16,10.2625,0.480625,7,1,0,88
1758,"TP28846",2010,28,"20101MP96","MP96",585,17.5,14,10.83125,0.263125,8,1,0,88
1759,"TP28851",2010,28,"20101O6","O6",668,18.6,15,9.834375,0.499375,7,1,0,88
1759,"TP28851",2012,30,"20121O5","O5",656,18.2,13,9.0125,2.12875,5,3,0,90
1760,"TP28859",2010,28,"20101EX28","EX28",382,18.3,17,11.371875,0.104375,11,1,0,88
1761,"TP28877",2011,29,"20111W105","W105",866,18.7,20,12.284375,0.408125,6,2,1,89
1762,"TP41505",2010,28,"20101MP88","MP88",577,17.5,19,11.696875,0.0975,9,1,1,88
1763,"TP41543",2010,28,"20101SW10","SW10",731,19.3,14,10.2625,0.480625,9,1,1,88
1763,"TP41543",2011,29,"20111SW12","SW12",754,19.5,8,12.315625,0.75,10,2,1,89
1763,"TP41543",2012,30,"20121SW10","SW10",731,19,5,11.06875,1.145,7,3,1,90
1764,"TP41544",2010,28,"20101B142","B142",39,17.6,26,13.325,0.72,6,1,0,88
1764,"TP41544",2011,29,"20111B142","B142",39,18.7,17,12.559375,0.785,7,2,0,89
1765,"TP41546",2010,28,"20101B182","B182",75,19.1,19,11.371875,0.104375,8,1,0,88
1766,"TP41548",2010,28,"20101B112","B112",15,17.8,17,11.371875,0.104375,5,1,1,88
1766,"TP41548",2011,29,"20111B92","B92",176,17.6,15,12.796875,0.83375,8,2,1,89
1767,"TP41557",2010,28,"20101MP86","MP86",575,17.8,18,11.95,0.17625,10,1,1,88
1768,"TP41574",2010,28,"20101O38","O38",641,18.7,22,13.178125,0.60375,7,1,1,88
1769,"TP41623",2010,28,"20101MP2","MP2",503,18,19,12.490625,0.1975,10,1,0,88
1770,"TP41627",2010,28,"20101MP64","MP64",551,18.4,16,11.371875,0.104375,9,1,0,88
1770,"TP41627",2011,29,"20111MP64","MP64",551,17,5,12.490625,0.579375,12,2,0,89
1771,"TP41633",2010,28,"20101EX62","EX62",449,18.2,14,10.83125,0.263125,8,1,0,88
1772,"TP41640",2010,28,"20101O79","O79",693,18.7,25,13.06875,0.58875,6,1,0,88
1772,"TP41640",2011,29,"20111O79","O79",693,19.4,12,12.521875,0.784375,9,2,0,89
1773,"TP41649",2010,28,"20101MP33","MP33",517,18.9,14,9.834375,0.499375,9,1,1,88
1773,"TP41649",2011,29,"20111MP33","MP33",517,19.4,7,12.353125,0.711875,9,2,1,89
1774,"TP41653",2010,28,"20101B158","B158",55,18.4,22,12.490625,0.1975,7,1,0,88
1774,"TP41653",2011,29,"20111B56","B56",145,17.5,13,12.521875,0.784375,8,2,0,89
1775,"TP41671",2010,28,"20101SW55","SW55",816,18.5,14,8.75,0.51375,8,1,1,88
1776,"TP41680",2010,28,"20101MP10","MP10",493,18.6,20,11.95,0.17625,8,1,1,88
1776,"TP41680",2011,29,"20111MP14","MP14",497,19.5,9,12.353125,0.711875,10,2,1,89
1776,"TP41680",2012,30,"20121MP15","MP15",498,18.9,9,9.1875,1.71625,9,3,1,90
1777,"TP41686",2010,28,"20101O6","O6",668,19,15,9.834375,0.499375,7,1,1,88
1778,"TP41695",2010,28,"20101EX46","EX46",421,16.6,19,12.490625,0.1975,10,1,0,88
1779,"TP41702",2010,28,"20101W60","W60",921,17.7,21,12.16875,0.16125,9,1,1,88
1780,"TP41712",2010,28,"20101EX10","EX10",358,17.8,21,11.95,0.17625,7,1,1,88
1781,"TP41729",2010,28,"20101MP11","MP11",494,18.2,16,10.83125,0.263125,10,1,1,88
1782,"TP41732",2010,28,"20101B91","B91",175,19.2,18,11.696875,0.0975,7,1,0,88
1783,"TP41744",2011,29,"20111W12","W12",868,18.8,13,11.7875,0.675625,10,1,0,91
1784,"TP41758",2011,29,"20111SW22","SW22",780,18.5,14,12.653125,0.785,10,1,1,91
1785,"TP41766",2011,29,"20111O46","O46",652,18.8,12,12.653125,0.785,10,1,1,91
1786,"TP41767",2011,29,"20111O113","O113",604,18.3,10,12.31875,0.75,9,1,1,91
1787,"TP41816",2010,28,"20101MP2","MP2",503,18.4,19,12.490625,0.1975,10,1,1,88
1788,"TP41818",2010,28,"20101MP83","MP83",572,19,19,11.95,0.17625,11,1,0,88
1789,"TP41819",2010,28,"20101SW37","SW37",795,18.2,20,11.95,0.17625,8,1,1,88
1790,"TP41846",2010,28,"20101MP68","MP68",555,16.6,14,10.2625,0.480625,8,1,1,88
1791,"TP41854",2010,28,"20101MP33","MP33",517,19,14,9.834375,0.499375,9,1,0,88
1791,"TP41854",2011,29,"20111MP33","MP33",517,17.9,7,12.353125,0.711875,9,2,0,89
1792,"TP41864",2010,28,"20101B112","B112",15,19.1,17,11.371875,0.104375,5,1,0,88
1793,"TP41889",2010,28,"20101B121","B121",23,17.5,15,11.371875,0.104375,11,1,0,88
1793,"TP41889",2012,30,"20121B228","B228",115,17.3,10,9.29375,1.686875,6,3,0,90
1794,"TP41899",2010,28,"20101MP37","MP37",522,18,23,12.765625,0.5475,9,1,1,88
1795,"TP42045",2011,29,"20111W64B","W64B",927,18.5,18,12.559375,0.785,10,1,0,91
1795,"TP42045",2012,30,"20121W85","W85",949,19.5,12,8.996875,1.9875,4,2,0,92
1796,"TP42049",2011,29,"20111EX4","EX4",403,17.7,7,12.478125,0.638125,9,1,1,91
1797,"TP42059",2011,29,"20111EX62E","EX62E",454,17.5,12,12.521875,0.784375,9,1,1,91
1798,"TP42079",2011,29,"20111CP33","CP33",336,18.1,11,12.315625,0.75,9,1,0,91
1799,"TP42081",2012,30,"20121EX13","EX13",363,20.6,15,10.1625,1.66375,1,2,0,92
1800,"TP42094",2012,30,"20121EX62A","EX62A",450,17.4,18,13.734375,0.530625,6,2,1,92
1801,"TP42106",2011,29,"20111EX9","EX9",488,18,10,12.315625,0.75,8,1,1,91
1802,"TP42246",2017,35,"20171W102","W102",862,18.7,8,11.6625,2.21,8,2,1,101
1803,"TP42251",2017,35,"20171EX54","EX54",439,18.4,47,14.890625,2.1125,5,2,1,101
1804,"TP42290",2016,34,"20161EX65","EX65",461,18.3,36,13.878125,1.3125,7,1,1,100
1804,"TP42290",2017,35,"20171EX65","EX65",461,18.9,6,11.303125,0.795,9,2,1,101
1805,"TP42292",2016,34,"20161EX21","EX21",377,18.8,19,12.565625,1.8575,5,1,1,100
1806,"TP42510",2015,33,"20151C9A","C9A",307,20.3,19,10.95,1.346875,5,1,1,98
1807,"TP42521",2015,33,"20151C41","C41",280,16.1,22,10.803125,1.665625,7,1,0,98
1808,"TP42709",2014,32,"20141SW51","SW51",812,17.4,22,13.2,4.451875,6,1,0,95
1808,"TP42709",2015,33,"20151SW45","SW45",804,18.7,21,10.840625,1.153125,4,2,0,96
1809,"TP42722",2014,32,"20141SW1","SW1",730,18.3,14,13.0875,3.781875,9,1,1,95
1810,"TP42743",2014,32,"20141B122","B122",24,17.8,20,13.403125,4.255625,6,1,0,95
1811,"TP42746",2014,32,"20141SW59","SW59",820,16.8,25,13.20625,4.34625,6,1,0,95
1811,"TP42746",2015,33,"20151SW62","SW62",825,17.9,35,11.884375,1.208125,4,2,0,96
1812,"TP42750",2015,33,"20151SW9","SW9",856,17.6,19,10.840625,1.153125,7,2,0,96
1813,"TP42754",2014,32,"20141C3A","C3A",276,19.8,4,11.125,1.83375,4,1,0,95
1814,"TP42844",2015,33,"20151W40","W40",897,18.8,46,11.78125,1.20375,5,1,0,98
1815,"TP42883",2016,34,"20161EX62E","EX62E",454,18.2,35,13.41875,1.238125,6,1,1,100
1816,"TP42888",2017,35,"20171EX9","EX9",488,17.7,20,13.078125,3.336875,6,2,0,101
1817,"TR40031",2011,29,"20111B107","B107",10,18.1,21,11.875,0.37,7,1,1,91
1817,"TR40031",2012,30,"20121B107","B107",10,18.6,27,13.734375,0.530625,6,2,1,92
1818,"TR40045",2011,29,"20111O78","O78",692,18.6,13,12.521875,0.784375,9,1,1,91
1819,"TR40051",2011,29,"20111B212","B212",100,18.6,14,12.521875,0.784375,8,1,0,91
1820,"TR40055",2011,29,"20111C140","C140",224,17.6,14,12.521875,0.784375,8,1,1,91
1820,"TR40055",2012,30,"20121C140","C140",224,18.6,2,8.665625,4.544375,5,2,1,92
1821,"TR40093",2011,29,"20111EX62C","EX62C",452,19.7,17,12.559375,0.785,10,1,0,91
1822,"TR40108",2012,30,"20121B69","B69",156,20,10,8.996875,1.9875,5,2,0,92
1823,"TR40119",2011,29,"20111MP41","MP41",526,18.8,11,12.31875,0.75,9,1,1,91
1824,"TR40164",2012,30,"20121MP74","MP74",562,19.5,5,9.125,2.253125,1,2,1,92
1825,"TR40179",2011,29,"20111B222","B222",110,18.4,20,11.875,0.37,6,1,1,91
1826,"TR40183",2011,29,"20111B214","B214",102,18.6,11,12.653125,0.785,8,1,0,91
1827,"TR40243",2011,29,"20111MP83","MP83",572,18.6,11,12.315625,0.75,9,1,0,91
1827,"TR40243",2012,30,"20121MP83","MP83",572,19.3,3,9.125,2.253125,7,2,0,92
1828,"TR40257",2011,29,"20111MP29","MP29",512,18.8,17,12.796875,0.83375,5,1,1,91
1829,"TR40261",2011,29,"20111MP92","MP92",581,17.4,8,12.521875,0.675,10,1,0,91
1830,"TR40263",2011,29,"20111B216","B216",104,18.8,12,12.521875,0.784375,6,1,0,91
1830,"TR40263",2012,30,"20121B199","B199",89,19.6,15,11.06875,1.145,5,2,0,92
1831,"TR40266",2012,30,"20121B228","B228",115,18.5,10,9.29375,1.686875,6,2,1,92
1832,"TR40328",2011,29,"20111SW55","SW55",816,17.3,23,11.80625,0.684375,7,1,0,91
1833,"TR40336",2011,29,"20111O45","O45",651,16.8,13,12.521875,0.784375,7,1,0,91
1834,"TR40339",2011,29,"20111O46","O46",652,18.3,12,12.653125,0.785,10,1,0,91
1835,"TR40348",2011,29,"20111W4B","W4B",907,17.8,16,12.85625,0.786875,10,1,1,91
1836,"TR40363",2011,29,"20111O18","O18",618,15.8,16,12.85625,0.786875,7,1,0,91
1837,"TR40735",2011,29,"20111EX43A","EX43A",414,19.5,14,12.85625,0.786875,9,1,1,91
1838,"TR40740",2011,29,"20111O18","O18",618,19.7,16,12.85625,0.786875,7,1,1,91
1839,"TR40742",2011,29,"20111EX67","EX67",463,18.5,13,12.85625,0.786875,10,1,1,91
1840,"TR40743",2011,29,"20111SW1","SW1",730,17.1,15,12.85625,0.786875,10,1,1,91
1841,"TR40750",2012,30,"20121SW104","SW104",736,21.6,3,8.665625,4.544375,6,2,1,92
1842,"TR40757",2012,30,"20121O75C","O75C",688,18.3,7,9.40625,2.94,8,2,0,92
1843,"TR40759",2011,29,"20111EX79","EX79",478,19,13,12.521875,0.784375,10,1,1,91
1844,"TR40792",2011,29,"20111W11","W11",867,17.9,18,12.284375,0.408125,7,1,1,91
1845,"TR40796",2011,29,"20111EX46","EX46",421,19.6,13,12.796875,0.83375,11,1,1,91
1846,"TR42058",2011,29,"20111EX60","EX60",447,18.5,12,12.31875,0.75,9,1,0,91
1847,"TR42059",2011,29,"20111EX49B","EX49B",428,19.4,12,12.521875,0.784375,9,1,1,91
1848,"TR42071",2011,29,"20111EX41C","EX41C",408,18,21,12.015625,0.399375,8,1,0,91
1849,"TR42079",2011,29,"20111W31","W31",888,19,12,12.31875,0.75,11,1,1,91
1850,"TR42087",2011,29,"20111EX76","EX76",475,19.7,13,12.796875,0.83375,10,1,1,91
1851,"TR42091",2011,29,"20111C48","C48",286,17.9,17,12.653125,0.785,10,1,0,91
1852,"TR42098",2011,29,"20111C8","C8",305,18.2,13,12.521875,0.784375,10,1,1,91
1853,"TR42115",2011,29,"20111O31","O31",634,17.3,13,12.653125,0.785,9,1,0,91
1854,"TR42129",2011,29,"20111W15","W15",871,17.6,13,12.85625,0.786875,11,1,0,91
1855,"TR42163",2011,29,"20111W71","W71",934,20.2,14,12.521875,0.784375,8,1,1,91
1856,"TR42170",2011,29,"20111EX43B","EX43B",415,17.9,11,12.521875,0.784375,9,1,0,91
1857,"TR42199",2011,29,"20111W33","W33",890,19.1,13,12.653125,0.785,11,1,1,91
1858,"TR42233",2011,29,"20111CP36","CP36",339,18.6,16,11.734375,0.704375,10,1,0,91
1859,"TR42235",2011,29,"20111W62","W62",923,18.5,14,12.85625,0.786875,11,1,1,91
1860,"TR42288",2011,29,"20111O8","O8",694,18.2,17,12.559375,0.785,9,1,0,91
1861,"TR42294",2012,30,"20121W100","W100",860,19.2,13,8.996875,1.9875,7,2,1,92
1862,"TR42305",2011,29,"20111W6","W6",920,18.5,16,12.85625,0.786875,11,1,0,91
1863,"TR42336",2011,29,"20111B107","B107",10,18.9,21,11.875,0.37,7,1,0,91
1863,"TR42336",2012,30,"20121B107","B107",10,18.4,27,13.734375,0.530625,6,2,0,92
1864,"TR42379",2011,29,"20111W50","W50",909,18.7,14,12.653125,0.785,11,1,1,91
1865,"TR42460",2012,30,"20121SW126","SW126",761,18.7,24,14.915625,1.3275,5,1,0,93
1866,"TR42474",2012,30,"20121SW131","SW131",767,18.9,13,11.84375,0.501875,3,1,0,93
1867,"TR42550",2011,29,"20111W58","W58",918,18.9,13,12.85625,0.786875,6,1,1,91
1868,"TR42565",2011,29,"20111EX12","EX12",361,18,12,12.521875,0.784375,8,1,0,91
1869,"TR42570",2011,29,"20111EX76","EX76",475,16.9,13,12.796875,0.83375,10,1,0,91
1870,"TR42636",2011,29,"20111W25","W25",882,17.1,15,12.85625,0.786875,11,1,1,91
1870,"TR42636",2012,30,"20121W37","W37",894,18.2,11,8.996875,1.9875,6,2,1,92
1871,"TR42654",2011,29,"20111EX63","EX63",459,17.1,17,12.284375,0.408125,9,1,0,91
1872,"TR42713",2011,29,"20111MP35","MP35",520,18.4,16,12.796875,0.83375,10,1,1,91
1873,"TR42719",2011,29,"20111MP68","MP68",555,17.4,8,12.521875,0.675,9,1,0,91
1873,"TR42719",2012,30,"20121MP68","MP68",555,18.4,4,9.25,3.585625,9,2,0,92
1874,"TR42721",2011,29,"20111B214","B214",102,19.9,11,12.653125,0.785,8,1,1,91
1875,"TR43102",2012,30,"20121SW56","SW56",817,18.1,13,12.309375,0.463125,6,1,1,93
1876,"TR43131",2012,30,"20121C1","C1",183,19.7,15,9.0125,2.12875,3,1,1,93
1877,"TR43185",2015,33,"20151MP20","MP20",504,18.1,20,10.840625,1.153125,7,1,1,98
1878,"TR43187",2015,33,"20151MP64","MP64",551,17,61,14.709375,0.900625,4,1,0,98
1878,"TR43187",2015,33,"20151MP71","MP71",559,17.9,13,10.940625,2.57875,5,1,0,98
1878,"TR43187",2016,34,"20161MP69","MP69",556,17.7,35,12.51875,1.5025,3,2,0,99
1879,"TR43214",2020,38,"20201W62","W62",923,19,13,10.80625,0.256875,10,2,0,106
1880,"TR43259",2019,37,"20191SW27","SW27",784,18.1,15,10.640625,1.5575,10,1,1,105
1881,"TR43266",2019,37,"20191B218","B218",106,16.5,18,10.971875,1.51625,5,1,0,105
1881,"TR43266",2020,38,"20201B27","B27",120,17.5,19,11.909375,0.27875,8,2,0,106
1882,"TR43373",2023,41,"20231CP7","CP7",354,18,26,12.95625,0.079375,5,1,0,111
1883,"TR43388",2024,42,"20241EX26","EX26",380,19.5,18,14.740625,3.420625,6,2,1,112
1884,"TR43484",2014,32,"20141C20","C20",254,20.9,7,11.196875,2.365,8,1,0,95
1884,"TR43484",2015,33,"20151C20","C20",254,17,13,10.853125,2.409375,8,2,0,96
1885,"TR43485",2014,32,"20141SW122","SW122",757,17.9,20,13.084375,3.6225,6,1,1,95
1886,"TR43544",2012,30,"20121EX49C","EX49C",429,19.2,27,14.015625,3.660625,9,2,0,92
1887,"TR43554",2011,29,"20111B161","B161",58,17.7,16,12.85625,0.786875,9,1,0,91
1888,"TR43585",2011,29,"20111W12","W12",868,18.6,13,11.7875,0.675625,10,1,1,91
1889,"TR43588",2011,29,"20111MP29","MP29",512,17.5,17,12.796875,0.83375,5,1,0,91
1890,"TR43589",2011,29,"20111SW28","SW28",785,16.8,15,12.559375,0.785,10,1,0,91
1891,"TR43591",2011,29,"20111SW105","SW105",737,17.5,15,12.653125,0.785,6,1,0,91
1891,"TR43591",2012,30,"20121SW104","SW104",736,19,3,8.665625,4.544375,6,2,0,92
1892,"TR43611",2011,29,"20111CP19","CP19",320,19,15,12.521875,0.784375,7,1,0,91
1892,"TR43611",2012,30,"20121CP19","CP19",320,20.1,12,8.996875,1.9875,6,2,0,92
1893,"TR43640",2011,29,"20111CP27","CP27",329,18.2,11,12.31875,0.75,10,1,1,91
1894,"TR43643",2011,29,"20111W69","W69",932,18.8,14,12.85625,0.786875,8,1,1,91
1895,"TR43661",2011,29,"20111EX71","EX71",468,17,18,12.85625,0.786875,10,1,0,91
1895,"TR43661",2012,30,"20121EX76","EX76",475,17.9,16,10.1625,1.66375,7,2,0,92
1896,"TR43666",2011,29,"20111CP36","CP36",339,18.1,16,11.734375,0.704375,10,1,1,91
1897,"TR44083",2015,33,"20151EX22","EX22",378,18,18,10.79375,1.4725,7,2,0,96
1898,"TR44084",2014,32,"20141MP69","MP69",556,17.6,10,11.56875,2.208125,9,1,0,95
1899,"TR44095",2015,33,"20151B76","B76",161,18.3,24,10.834375,2.11375,6,2,1,96
1900,"TR44112",2011,29,"20111SW62","SW62",825,18.6,16,12.796875,0.83375,7,1,1,91
1901,"TR44120",2011,29,"20111SW28","SW28",785,18.4,15,12.559375,0.785,10,1,1,91
1902,"TR44157",2011,29,"20111O110","O110",601,18.2,8,12.315625,0.75,10,1,0,91
1903,"TR44220",2016,34,"20161EX15","EX15",368,17.6,36,13.41875,1.238125,7,3,1,97
1904,"TR44232",2015,33,"20151EX22","EX22",378,19.4,18,10.79375,1.4725,7,2,1,96
1905,"TR44250",2015,33,"20151O86","O86",701,18.2,24,10.803125,1.665625,7,2,0,96
1906,"TR44256",2014,32,"20141CP41","CP41",347,17.1,11,12.003125,2.2075,8,1,0,95
1907,"TR44436",2017,35,"20171B215","B215",103,18.7,16,12.53125,3.336875,7,2,0,101
1908,"TR44486",2017,35,"20171W43","W43",900,17.4,9,11.06875,0.699375,5,2,0,101
1909,"TR44501",2012,30,"20121SW111","SW111",745,19.9,16,9.0125,2.12875,5,1,0,93
1910,"TR44526",2012,30,"20121EX12A","EX12A",362,18.4,15,11.53125,0.56125,8,1,1,93
1911,"TR44532",2012,30,"20121C1","C1",183,18.5,15,9.0125,2.12875,3,1,0,93
1912,"TR44601",2017,35,"20171C104","C104",188,17.1,14,11.684375,2.988125,6,2,1,101
1913,"TR44612",2016,34,"20161O37","O37",640,19.5,20,12.08125,1.005625,3,1,1,100
1914,"TR44613",2016,34,"20161EX76","EX76",475,17.9,38,14.715625,1.501875,4,1,0,100
1915,"TS43075",2015,33,"20151B213","B213",101,18.3,20,10.79375,1.4725,5,1,0,98
1916,"TS43228",2014,32,"20141SW90","SW90",857,18.3,7,11.196875,2.365,7,1,0,95
1917,"TS43230",2014,32,"20141B190","B190",80,17.9,11,13.0875,3.781875,6,1,0,95
1918,"TS43234",2014,32,"20141SW50","SW50",811,17.7,19,13.11875,3.574375,4,1,0,95
1919,"TS43259",2015,33,"20151B43","B43",134,18.4,36,11.471875,1.20875,3,2,0,96
1920,"TS43260",2014,32,"20141B46","B46",136,17.5,19,13.090625,3.865625,6,1,1,95
1921,"TS43261",2015,33,"20151B107","B107",10,19.3,30,11.421875,1.261875,7,2,0,96
1922,"TS43344",2012,30,"20121CP40A","CP40A",346,17.2,39,14.740625,3.478125,7,1,1,93
1923,"TS43428",2017,35,"20171CP119","CP119",311,17.4,21,14.259375,3.343125,6,2,1,101
1924,"TS43561",2012,30,"20121EX8","EX8",479,18.6,5,9.125,2.253125,9,1,1,93
1925,"TS43887",2015,33,"20151SW43","SW43",802,17.3,26,10.884375,1.795,6,1,1,98
1926,"TS44206",2013,31,"20131CP6","CP6",353,17,39,12.73125,0.8425,6,1,0,94
1927,"TS44497",2015,33,"20151B49","B49",138,18.5,24,10.803125,1.665625,5,1,1,98
1928,"TS44659",2019,37,"20191O20","O20",621,18.4,10,9.565625,1.9275,8,1,0,105
1928,"TS44659",2020,38,"20201O56","O56",663,19.1,15,11.14375,0.256875,8,2,0,106
1929,"TS44697",2019,37,"20191W10","W10",859,20.2,14,10.29375,1.5575,3,1,1,105
1930,"TS44712",2012,30,"20121MP89","MP89",578,16.8,23,14.915625,1.3275,6,1,0,93
1931,"TS44940",2012,30,"20121MP25","MP25",509,19.5,13,9.0125,2.12875,5,1,0,93
1932,"TS45004",2012,30,"20121B141","B141",38,16.7,35,14.425,3.54625,8,1,0,93
1933,"TS45014",2012,30,"20121B199","B199",89,19.2,15,11.06875,1.145,5,1,1,93
1934,"TS45107",2015,33,"20151SW105","SW105",737,18.5,20,11.09375,1.13875,8,1,1,98
1935,"TS45148",2015,33,"20151EX35","EX35",393,19.4,17,10.79375,1.4725,9,1,0,98
1936,"TS45152",2015,33,"20151B79","B79",163,18.9,16,10.665625,1.7125,5,1,0,98
1936,"TS45152",2016,34,"20161B201","B201",91,18.4,42,15.165625,2.43375,5,2,0,99
1937,"TS45156",2016,34,"20161EX47","EX47",422,18.5,19,12.56875,1.725625,6,2,0,99
1938,"TS45163",2016,34,"20161EX80","EX80",480,18.2,29,12.565625,1.8575,6,2,0,99
1939,"TS45165",2015,33,"20151SW22","SW22",780,18.8,19,11.159375,1.141875,8,1,0,98
1940,"TS45191",2016,34,"20161O61","O61",670,17.8,33,12.51875,1.5025,6,1,0,100
1941,"TS45217",2012,30,"20121MP40","MP40",525,18.9,12,9.1875,1.71625,8,1,1,93
1942,"TS45441",2016,34,"20161MP94","MP94",583,16.5,22,11.940625,0.913125,6,1,0,100
1943,"TS45470",2017,35,"20171SW21","SW21",779,16.8,14,11.9375,3.339375,7,2,1,101
1944,"TS45536",2012,30,"20121C25","C25",261,18.5,8,9.125,2.253125,9,1,1,93
1945,"TS45561",2012,30,"20121SW2","SW2",777,18.8,25,14.140625,0.558125,2,1,1,93
1946,"TS45597",2012,30,"20121C44","C44",283,17,17,11.84375,0.501875,8,1,0,93
1947,"TS45626",2012,30,"20121O2","O2",620,19.5,10,9.0125,2.12875,4,1,0,93
1948,"TS45634",2012,30,"20121CP34","CP34",337,19,14,9.29375,1.686875,7,1,0,93
1949,"TS45682",2015,33,"20151MP93","MP93",582,18,14,11.078125,2.474375,6,2,0,96
1950,"TS45695",2015,33,"20151CP27","CP27",329,16.9,18,11.159375,1.141875,8,2,0,96
1951,"TS45698",2014,32,"20141B150","B150",49,17.1,17,13.0875,3.781875,8,1,0,95
1952,"TS45699",2015,33,"20151B64","B64",151,17.5,26,10.834375,2.11375,8,2,0,96
1953,"TS45709",2012,30,"20121C6","C6",299,18.5,10,9.371875,2.475,6,1,0,93
1954,"TS45751",2012,30,"20121CP27","CP27",329,18.2,21,12.309375,0.463125,7,1,0,93
1955,"TS45775",2012,30,"20121EX49","EX49",426,18.3,16,9.671875,1.675,6,1,1,93
1956,"TS45845",2012,30,"20121O105","O105",595,18.9,24,12.309375,0.463125,5,1,1,93
1957,"TS45875",2019,37,"20191EX8","EX8",479,18.4,5,9.046875,2.05,8,1,0,105
1958,"TS45925",2012,30,"20121CP42A","CP42A",348,18.7,11,9.0125,2.12875,6,1,1,93
1959,"TS45932",2012,30,"20121EX50","EX50",431,17.9,24,14.915625,1.3275,7,1,1,93
1960,"TS45998",2017,35,"20171SW134","SW134",770,19.6,12,10.759375,0.66625,7,1,1,102
1961,"TS46096",2015,33,"20151B81","B81",168,18.1,26,10.884375,1.795,5,1,1,98
1962,"TS46148",2012,30,"20121CP34","CP34",337,18,14,9.29375,1.686875,7,1,1,93
1963,"TS46199",2012,30,"20121O62","O62",671,18.2,23,11.84375,0.501875,5,1,0,93
1964,"TS46419",2012,30,"20121C24","C24",257,18.4,16,11.06875,1.145,7,1,0,93
1965,"TS46427",2012,30,"20121SW38","SW38",796,17.2,24,14.915625,1.3275,7,1,0,93
1966,"TS46455",2012,30,"20121W75","W75",938,16.6,27,14.8125,2.0125,7,1,0,93
1967,"TS46630",2017,35,"20171W103A","W103A",864,19.8,14,11.765625,3.35,8,1,1,102
1968,"TS46864",2016,34,"20161EX26","EX26",380,18.3,25,12.159375,1.38625,7,2,0,99
1969,"TS46880",2015,33,"20151SW12","SW12",754,19,18,11.159375,1.141875,8,1,1,98
1970,"TS46889",2015,33,"20151CP41","CP41",347,19.4,13,10.553125,2.261875,5,1,1,98
1971,"TS47014",2013,31,"20131C110","C110",195,16.9,26,14.046875,1.56125,5,1,0,94
1972,"TS47015",2013,31,"20131SW44","SW44",803,17.4,29,11.946875,0.999375,2,1,0,94
1973,"TS47057",2013,31,"20131CP21","CP21",323,17.6,41,12.75625,0.76875,6,1,0,94
1974,"TS47124",2014,32,"20141EX66","EX66",462,18,20,13.084375,3.6225,7,1,0,95
1975,"TS47130",2015,33,"20151SW38","SW38",796,18.2,20,10.840625,1.153125,9,2,0,96
1976,"TS47145",2015,33,"20151EX62D","EX62D",453,18.5,21,10.884375,1.795,8,2,1,96
1976,"TS47145",2016,34,"20161EX62C","EX62C",452,17.2,34,13.41875,1.238125,7,3,1,97
1977,"TS47167",2016,34,"20161W17","W17",873,19.7,36,12.871875,1.34125,5,3,1,97
1978,"TS47173",2015,33,"20151EX16","EX16",369,18.2,18,11.09375,1.13875,9,2,1,96
1979,"TS47198",2015,33,"20151MP60","MP60",547,18.2,15,10.584375,1.6375,9,2,0,96
1979,"TS47198",2016,34,"20161MP64","MP64",551,17.8,17,12.08125,1.005625,8,3,0,97
1980,"TS47205",2015,33,"20151SW34","SW34",792,18.1,19,11.09375,1.13875,9,2,0,96
1981,"TS47218",2015,33,"20151W66","W66",929,19,16,10.79375,1.4725,9,2,1,96
1982,"TS47230",2014,32,"20141O45","O45",651,17.6,19,13.11875,3.574375,7,1,0,95
1983,"TS47257",2014,32,"20141CP25","CP25",327,16.9,20,13.20625,4.34625,4,1,0,95
1984,"TS47266",2015,33,"20151SW49A","SW49A",809,19.6,21,11.09375,1.13875,5,2,0,96
1985,"TS47410",2015,33,"20151W77","W77",941,17.5,19,11.09375,1.13875,6,2,1,96
1986,"TS47411",2016,34,"20161O29","O29",630,18.7,39,14.971875,2.06125,7,3,0,97
1987,"TS47477",2014,32,"20141P21","P21",720,17.9,25,13.478125,4.256875,6,1,0,95
1987,"TS47477",2015,33,"20151P21","P21",720,17.7,39,12.3125,1.91625,5,2,0,96
1987,"TS47477",2016,34,"20161P22","P22",721,17.5,38,14.203125,1.37375,6,3,0,97
1988,"TS47486",2014,32,"20141EX29","EX29",383,19.1,14,13.05625,3.505,7,1,1,95
1989,"TS47518",2013,31,"20131O73","O73",683,19.4,34,12.0875,1.00625,6,1,1,94
1990,"TS47531",2013,31,"20131O79","O79",693,17.5,33,11.628125,1.188125,3,1,1,94
1991,"TS47562",2013,31,"20131EX62C","EX62C",452,18.1,41,12.83125,0.764375,7,1,0,94
1992,"TS47597",2013,31,"20131O76","O76",690,17.2,41,12.0875,1.00625,3,1,0,94
1993,"TS47615",2016,34,"20161SW108","SW108",740,18.1,39,14.203125,1.37375,5,2,1,99
1994,"TS47627",2015,33,"20151O25","O25",626,18,17,10.840625,1.153125,8,1,0,98
1995,"TS47739",2016,34,"20161SW61A","SW61A",824,17.3,27,13.41875,1.238125,8,2,1,99
1996,"TS47741",2015,33,"20151B64","B64",151,18.4,26,10.834375,2.11375,8,1,1,98
1997,"TS47754",2015,33,"20151P15","P15",714,18.1,23,10.821875,1.29125,4,1,1,98
1997,"TS47754",2016,34,"20161P17","P17",716,18.2,25,12.51875,1.5025,6,2,1,99
1998,"TV44021",2017,35,"20171W34","W34",891,18.2,17,11.9375,3.339375,7,2,0,101
1999,"TV44024",2016,34,"20161MP86","MP86",575,17.8,17,13.1875,1.80625,6,1,1,100
2000,"TV44030",2017,35,"20171MP30","MP30",514,17.4,9,11.303125,0.795,9,2,1,101
2001,"TV44031",2016,34,"20161MP65","MP65",552,18.8,25,11.78125,0.9125,6,1,0,100
2002,"TV44129",2017,35,"20171MP66","MP66",553,18,5,10.759375,0.66625,8,2,1,101
2003,"TV44148",2016,34,"20161P9","P9",729,18.8,40,15.165625,2.43375,4,1,1,100
2004,"TV44174",2016,34,"20161MP3","MP3",513,17.1,48,16.021875,3.978125,5,1,0,100
2005,"TV44250",2016,34,"20161MP7","MP7",557,17.7,35,12.871875,1.34125,4,1,1,100
2006,"TV44271",2019,37,"20191C148","C148",231,19.7,18,10.640625,1.5575,8,1,1,105
2007,"TV44285",2019,37,"20191CP29","CP29",331,18.1,12,10.29375,1.5575,7,1,0,105
2008,"TV44289",2019,37,"20191SW2","SW2",777,18.8,45,13.384375,4.22375,10,1,1,105
2009,"TV44349",2018,36,"20181EX5A","EX5A",445,17.8,22,14.015625,1.816875,9,1,0,103
2009,"TV44349",2019,37,"20191EX6","EX6",446,18,-1,9.096875,2.165,9,2,0,104
2010,"TV44376",2018,36,"20181EX2","EX2",375,17.9,22,13.271875,1.83625,7,1,1,103
2011,"TV44468",2019,37,"20191O94","O94",705,17.2,11,9.475,1.8925,7,2,0,104
2012,"TV44507",2019,37,"20191O61","O61",670,19.9,4,9.725,1.72,8,2,0,104
2013,"TV44513",2018,36,"20181O15","O15",615,18.7,31,16.025,2.50125,9,1,1,103
2014,"TV44539",2018,36,"20181EX75A","EX75A",474,18.9,27,15.434375,2.485,6,1,1,103
2015,"TV44569",2019,37,"20191O73","O73",683,18.3,31,13.715625,0.741875,3,1,1,105
2016,"TV44590",2019,37,"20191C163","C163",249,19,12,9.290625,1.89625,4,1,0,105
2017,"TV44593",2019,37,"20191SW111","SW111",745,17.9,15,9.565625,1.9275,8,1,1,105
2018,"TV44675",2019,37,"20191SW6","SW6",821,18.2,8,9.475,1.8925,7,2,1,104
2019,"TV44709",2016,34,"20161SW131","SW131",767,18.3,37,14.203125,1.37375,8,1,0,100
2020,"TV44714",2016,34,"20161SW33","SW33",791,17,24,12.159375,1.38625,5,1,0,100
2021,"TV44949",2016,34,"20161SW131","SW131",767,18.1,37,14.203125,1.37375,8,1,1,100
2022,"TW41549",2020,38,"20201EX49A","EX49A",427,17.6,25,13.365625,0.035,5,1,0,107
2023,"TW41607",2020,38,"20201CP15","CP15",316,19.3,27,13.884375,0.03125,6,1,1,107
2024,"TW77247",2024,42,"20241O27A","O27A",628,18.2,10,14.2875,1.564375,7,2,0,112
2025,"TW77264",2023,41,"20231SW119","SW119",753,17.3,34,13.140625,0.04,8,1,1,111
2026,"TX42064",2017,35,"20171EX46","EX46",421,16.9,19,12.309375,3.336875,6,1,0,102
2027,"TX42112",2016,34,"20161SW117","SW117",751,17.6,35,13.41875,1.238125,7,1,1,100
2028,"TX42146",2017,35,"20171SW18","SW18",775,18.1,4,9.778125,0.56625,6,2,1,101
2029,"TX42262",2017,35,"20171EX10","EX10",358,18.6,15,11.6625,2.21,4,1,1,102
2030,"TX42273",2017,35,"20171EX68","EX68",464,19.4,10,11.54375,0.9725,7,1,1,102
2031,"TX42458",2017,35,"20171EX7","EX7",466,18.5,8,11.303125,0.795,5,1,1,102
2032,"TX42467",2017,35,"20171EX7","EX7",466,19,8,11.303125,0.795,5,1,0,102
2033,"TX42522",2014,32,"20141P11","P11",710,16.2,20,13.090625,3.865625,4,1,0,95
2033,"TX42522",2015,33,"20151P10","P10",709,16.7,22,10.884375,1.795,6,2,0,96
2033,"TX42522",2016,34,"20161P11","P11",710,16.4,39,14.971875,2.06125,6,3,0,97
2034,"TX42538",2015,33,"20151O40","O40",646,18.6,26,10.990625,1.814375,7,2,0,96
2035,"TX42556",2015,33,"20151W31","W31",888,18.6,19,10.95,1.346875,6,2,0,96
2036,"TX42603",2015,33,"20151C50","C50",289,18.6,25,10.803125,1.665625,7,2,1,96
2037,"TX42718",2015,33,"20151O35","O35",638,17.5,18,10.95,1.346875,7,2,1,96
2038,"TX42740",2014,32,"20141MP20","MP20",504,17.6,16,12.98125,2.256875,8,1,0,95
2039,"TX42746",2015,33,"20151SW34","SW34",792,18.8,19,11.09375,1.13875,9,2,1,96
2040,"TX42760",2014,32,"20141O45","O45",651,18.1,19,13.11875,3.574375,7,1,1,95
2041,"TX42779",2014,32,"20141SW124","SW124",759,17.2,16,13.0875,3.781875,9,1,0,95
2042,"TX42844",2017,35,"20171EX50","EX50",431,18.3,13,11.765625,3.35,8,2,1,101
2043,"TX42860",2016,34,"20161CP12","CP12",312,18.4,26,12.565625,1.8575,5,1,1,100
2044,"TX42863",2016,34,"20161CP12","CP12",312,18.6,26,12.565625,1.8575,5,1,0,100
2045,"TX42926",2019,37,"20191O104","O104",594,17.7,22,12.153125,0.301875,7,1,0,105
2046,"TX42961",2019,37,"20191EX86","EX86",484,17.6,14,10.640625,1.5575,8,1,0,105
2047,"TX42970",2019,37,"20191O86","O86",701,17.2,23,12.4875,0.74125,9,1,0,105
2048,"TX42971",2019,37,"20191O42","O42",648,18.4,21,11.784375,0.45,7,1,1,105
2049,"TX42993",2019,37,"20191O56","O56",663,18.1,11,9.565625,1.9275,8,1,1,105
2050,"TY68161",2021,39,"20211W84","W84",948,17.7,16,10.478125,3.565625,2,1,0,109
2051,"TY68169",2021,39,"20211W5","W5",908,18,22,11.696875,2.38625,8,1,1,109
2052,"TY68190",2021,39,"20211CP40","CP40",345,18.6,18,10.684375,3.685,5,1,1,109
2053,"TY68217",2021,39,"20211SW126","SW126",761,17.6,23,10.878125,3.039375,6,1,0,109
2054,"TY68302",2022,40,"20221MP79","MP79",567,18.2,11,13.971875,1.678125,6,1,1,110
2055,"TY68319",2022,40,"20221P1","P1",708,18.2,20,13.9875,1.819375,7,1,1,110
2056,"TY68343",2022,40,"20221SW106","SW106",738,19.7,16,13.971875,1.678125,7,1,0,110
2057,"TY68348",2022,40,"20221MP58","MP58",544,17.6,17,13.971875,1.678125,7,1,0,110
2058,"TY68394",2022,40,"20221C160B","C160B",246,16.1,11,13.05625,1.414375,8,1,0,110
2059,"TY68410",2022,40,"20221B101","B101",4,18.2,17,14.0125,1.803125,7,1,1,110
2060,"TY68543",2021,39,"20211C61A","C61A",301,17.8,27,11.696875,2.38625,8,1,1,109
2061,"TY68797",2022,40,"20221SW103","SW103",735,18.8,19,14.05625,1.765625,3,1,1,110
2062,"TY68909",2024,42,"20241EX43","EX43",413,18.5,15,14.0875,3.820625,9,1,1,113
2063,"TY69171",2024,42,"20241B24","B24",118,16.5,26,14.0875,3.820625,7,1,1,113
2064,"TY69259",2023,41,"20231MP61","MP61",548,17,20,12.478125,0.43375,10,1,1,111
2065,"TY69291",2023,41,"20231B90","B90",174,17.2,17,12.396875,0.9475,6,1,0,111
2066,"TY69322",2022,40,"20221O56","O56",663,19.1,14,13.7875,1.81875,7,1,1,110
2067,"TY69523",2021,39,"20211W98","W98",960,18.8,15,10.609375,4.04,7,1,1,109
2068,"TY69573",2021,39,"20211CP43","CP43",349,17.6,16,10.05,3.6025,6,1,0,109
2069,"TY69586",2021,39,"20211CP38A","CP38A",342,18.3,19,10.41875,3.255,8,1,0,109
2070,"TY69694",2023,41,"20231CP16","CP16",317,17.9,41,14.690625,0.485,6,1,0,111
2071,"TY69797",2023,41,"20231SW45","SW45",804,17,23,12.775,0.0825,9,1,1,111
2072,"TY69868",2024,42,"20241B16","B16",57,18.2,22,14.0875,3.820625,3,1,1,113
2073,"TY69869",2024,42,"20241B16","B16",57,16.8,22,14.0875,3.820625,3,1,0,113
2074,"TY69934",2024,42,"20241W61","W61",922,16.7,18,14.98125,2.745625,8,1,0,113
2075,"TY69940",2024,42,"20241W68","W68",931,17.6,18,14.98125,2.745625,2,1,1,113
2076,"TY69948",2024,42,"20241W20","W20",877,18.2,15,14.953125,3.13375,2,1,0,113
2077,"TY69956",2024,42,"20241W49","W49",905,20.2,18,14.559375,1.568125,6,1,1,113
2078,"TY69957",2024,42,"20241W15","W15",871,18.9,9,14.978125,1.254375,9,1,0,113
2079,"TY69960",2024,42,"20241W49","W49",905,18.9,18,14.559375,1.568125,6,1,0,113
2080,"TY70056",2021,39,"20211MP72","MP72",560,18.4,31,12.646875,2.080625,7,1,1,109
2081,"TY70082",2021,39,"20211SW6","SW6",821,19,20,10.41875,3.255,6,1,1,109
2082,"TY70199",2021,39,"20211MP76","MP76",564,18.4,2,8.878125,3.5625,9,1,1,109
2083,"TY70233",2021,39,"20211MP48","MP48",533,17.9,9,8.590625,3.36125,6,1,1,109
2084,"TY70346",2023,41,"20231O117","O117",608,19.1,34,13.3625,0.04,6,1,1,111
2085,"TY70348",2023,41,"20231SW128","SW128",763,18.4,30,13.090625,0.040625,9,1,1,111
2085,"TY70348",2024,42,"20241SW130","SW130",766,18.4,19,14.4125,3.6625,9,2,1,112
2086,"TY70380",2024,42,"20241B194","B194",83,18,23,14.4125,3.6625,4,1,1,113
2087,"TY70389",2024,42,"20241SW86","SW86",852,18.9,6,14.85625,1.143125,6,1,1,113
2088,"TY70403",2024,42,"20241W17","W17",873,19,14,14.98125,2.745625,9,1,1,113
2089,"TY70404",2024,42,"20241W50","W50",909,18.9,13,14.85625,1.143125,3,1,1,113
2090,"TY70406",2024,42,"20241CP16","CP16",317,17.7,22,14.4125,3.6625,5,1,0,113
2091,"TY70425",2024,42,"20241EX16","EX16",369,17.3,14,14.978125,1.254375,9,1,0,113
2092,"TY70462",2024,42,"20241EX14B","EX14B",367,18,18,14.740625,3.420625,10,1,1,113
2093,"TY70474",2024,42,"20241CP24","CP24",326,16.6,21,14.05,3.866875,6,1,1,113
2094,"TY70480",2024,42,"20241EX39","EX39",399,18.1,27,14.0875,3.820625,6,1,1,113
2095,"TY70483",2024,42,"20241O34","O34",637,20.7,14,14.978125,1.254375,6,1,1,113
2096,"TY70596",2021,39,"20211C29","C29",265,17.2,17,10.646875,3.5175,4,1,0,109
2097,"TY70637",2024,42,"20241B92","B92",176,18.6,22,14.4125,3.6625,3,1,0,113
2098,"TY70850",2024,42,"20241EX31","EX31",387,18,16,14.98125,2.745625,8,1,1,113
2099,"TY70859",2024,42,"20241EX51A","EX51A",433,17.7,17,14.740625,3.420625,5,1,1,113
2100,"TY70895",2024,42,"20241CP28","CP28",330,17.9,21,14.634375,3.5875,5,1,0,113
2101,"TY70897",2024,42,"20241W47","W47",904,19.6,17,14.978125,1.254375,6,1,0,113
2102,"VB54005",1987,5,"19871EX54","EX54",439,18.9,19,9.175,1.89625,10,1,1,12
2103,"VB54007",1987,5,"19871CP17","CP17",318,19.1,20,9.625,1.759375,10,1,1,12
2103,"VB54007",1988,6,"19881CP32","CP32",335,19.6,37,12.05625,2.570625,6,2,1,13
2104,"VB54018",1987,5,"19871W73","W73",936,18.1,26,10.759375,1.094375,10,1,0,12
2105,"VB54035",1987,5,"19871CP40","CP40",345,20.1,23,9.625,1.759375,9,1,1,12
2106,"VB54037",1987,5,"19871O84","O84",699,18.7,22,10.35,1.1875,12,1,1,12
2107,"VB54041",1987,5,"19871C41","C41",280,17.2,21,9.11875,1.89625,8,1,0,12
2108,"VB54048",1987,5,"19871W68","W68",931,19.8,28,10.759375,1.094375,6,1,1,12
2109,"VB54060",1987,5,"19871W64","W64",925,19,23,10.021875,1.286875,10,1,0,12
2110,"VB54064",1988,6,"19881CP27","CP27",329,18.2,37,12.05625,2.570625,7,2,0,13
2111,"VB54068",1987,5,"19871EX51D","EX51D",436,19.2,20,9.11875,1.89625,4,1,0,12
2111,"VB54068",1988,6,"19881EX51D","EX51D",436,18,26,11.209375,1.45,5,2,0,13
2112,"VB54074",1987,5,"19871EX25","EX25",379,19.4,24,10.35,1.1875,10,1,1,12
2112,"VB54074",1989,7,"19891EX25","EX25",379,20.8,24,13.971875,0.80625,6,3,1,14
2113,"VB54076",1987,5,"19871CP7","CP7",354,19.4,20,9.428125,1.85875,9,1,0,12
2114,"VB54083",1987,5,"19871EX42A","EX42A",412,19.2,24,10.35,1.1875,10,1,1,12
2115,"VB54093",1987,5,"19871EX31A","EX31A",388,18.3,18,9.11875,1.89625,10,1,0,12
2116,"VB54095",1988,6,"19881O32","O32",635,17.2,39,12.075,2.453125,7,2,0,13
2117,"VB54096",1987,5,"19871CP40A","CP40A",346,19,22,9.625,1.759375,10,1,0,12
2118,"VB54098",1987,5,"19871EX84","EX84",482,18.2,26,10.759375,1.094375,9,1,0,12
2119,"VB54111",1987,5,"19871O30","O30",632,17.8,21,9.625,1.759375,10,1,0,12
2120,"VB54114",1987,5,"19871O20","O20",621,17.5,20,9.625,1.759375,11,1,0,12
2121,"VB54118",1987,5,"19871EX78","EX78",477,18.2,21,9.753125,1.635,10,1,1,12
2122,"VB54119",1987,5,"19871O38A","O38A",642,18,20,9.625,1.759375,5,1,0,12
2122,"VB54119",1988,6,"19881O38A","O38A",642,18.3,23,11.803125,1.0725,3,2,0,13
2123,"VB54122",1987,5,"19871EX25","EX25",379,19.8,24,10.35,1.1875,10,1,0,12
2124,"VB54135",1987,5,"19871P10","P10",709,19.7,21,9.625,1.759375,9,1,0,12
2124,"VB54135",1988,6,"19881B63","B63",150,19.5,29,11.2875,1.3575,7,2,0,13
2125,"VB54141",1987,5,"19871W13","W13",869,18,25,10.35,1.1875,9,1,1,12
2125,"VB54141",1988,6,"19881W12","W12",868,18.8,39,12,2.601875,3,2,1,13
2126,"VB54142",1987,5,"19871W85","W85",949,20,24,10.35,1.1875,10,1,0,12
2126,"VB54142",1988,6,"19881W92","W92",954,20.8,28,11.2875,1.3575,4,2,0,13
2127,"VB54182",1987,5,"19871EX12A","EX12A",362,19.7,19,9.428125,1.85875,11,1,1,12
2128,"VB54184",1987,5,"19871EX47","EX47",422,18.9,22,9.753125,1.635,10,1,0,12
2129,"VB54185",1987,5,"19871EX12A","EX12A",362,19.4,19,9.428125,1.85875,11,1,0,12
2130,"VB54186",1987,5,"19871CP6","CP6",353,19.2,26,11.58125,1.37125,11,1,0,12
2130,"VB54186",1989,7,"19891CP8","CP8",355,19.2,29,13.309375,0.66625,7,3,0,14
2131,"VB54255",1987,5,"19871C140","C140",224,17.9,29,11.58125,1.37125,8,1,0,12
2132,"VB54262",1987,5,"19871W38","W38",895,18.9,18,9.4,1.8525,8,1,1,12
2132,"VB54262",1988,6,"19881W38","W38",895,18.1,35,11.8875,1.93,8,2,1,13
2133,"VB54285",1987,5,"19871O17","O17",617,19.1,21,9.753125,1.635,11,1,1,12
2133,"VB54285",1988,6,"19881O54","O54",661,19.2,38,12.075,2.453125,9,2,1,13
2134,"VB54316",1987,5,"19871EX51A","EX51A",433,18.1,22,9.625,1.759375,10,1,0,12
2134,"VB54316",1988,6,"19881CP14A","CP14A",315,18.9,36,12.05625,2.570625,8,2,0,13
2135,"VB54332",1987,5,"19871EX70","EX70",467,20.1,23,10.35,1.1875,8,1,1,12
2135,"VB54332",1989,7,"19891EX68","EX68",464,20.5,23,14.1625,0.525,11,3,1,14
2136,"VB54341",1987,5,"19871CP6","CP6",353,19.2,26,11.58125,1.37125,11,1,1,12
2137,"VB54363",1988,6,"19881W75","W75",938,18.8,42,12.29375,2.24875,6,2,1,13
2137,"VB54363",1989,7,"19891W75","W75",938,18.8,30,13.9375,0.530625,6,3,1,14
2138,"VB54389",1987,5,"19871EX65","EX65",461,18.8,22,10.35,1.1875,13,1,1,12
2139,"VB54439",1987,5,"19871EX70","EX70",467,20,23,10.35,1.1875,8,1,0,12
2140,"VB54444",1987,5,"19871CP7","CP7",354,19.5,20,9.428125,1.85875,9,1,1,12
2141,"VB54447",1987,5,"19871CP5B","CP5B",352,20.3,20,10.021875,1.286875,12,1,1,12
2142,"VB54448",1987,5,"19871W55","W55",915,19.4,28,11.58125,1.37125,11,1,1,12
2142,"VB54448",1988,6,"19881W36","W36",893,19.9,34,11.83125,1.93,6,2,1,13
2142,"VB54448",1989,7,"19891W55","W55",915,19,31,12.44375,0.92625,7,3,1,14
2143,"VB54463",1987,5,"19871W84","W84",948,19,24,9.428125,1.85875,5,1,0,12
2144,"VB54494",1987,5,"19871EX63","EX63",459,17.9,22,9.753125,1.635,10,1,1,12
2144,"VB54494",1988,6,"19881EX63","EX63",459,19,28,11.2875,1.3575,6,2,1,13
2145,"VB54502",1987,5,"19871SW105","SW105",737,18,30,11.809375,1.42125,9,1,0,12
2146,"VB54506",1987,5,"19871C61","C61",300,18.7,22,9.625,1.759375,8,1,1,12
2146,"VB54506",1988,6,"19881C61","C61",300,19.5,22,11.803125,1.0725,8,2,1,13
2147,"VB54508",1987,5,"19871EX14B","EX14B",367,17.3,21,9.753125,1.635,9,1,0,12
2148,"VB54566",1989,7,"19891CP24","CP24",326,17.9,15,13.478125,1.025,9,2,0,16
2149,"VB54569",1989,7,"19891CP26","CP26",328,18,19,13.971875,0.80625,10,2,0,16
2150,"VB54572",1990,8,"19901CP13","CP13",313,18.9,15,11.31875,0.975,9,3,0,17
2151,"VB54579",1988,6,"19881EX11","EX11",360,19.9,32,11.83125,1.93,8,1,1,15
2151,"VB54579",1989,7,"19891EX12A","EX12A",362,19.1,13,13.478125,1.025,11,2,1,16
2151,"VB54579",1990,8,"19901EX11","EX11",360,19.8,8,11.5125,1.025,11,3,1,17
2152,"VB54589",1988,6,"19881B219","B219",107,20.2,42,12.5,2.143125,8,1,0,15
2152,"VB54589",1989,7,"19891B51","B51",140,20.1,23,14.496875,0.50625,9,2,0,16
2152,"VB54589",1991,9,"19911B54","B54",143,21.2,30,11.121875,0.683125,10,4,0,18
2153,"VB54592",1988,6,"19881W73","W73",936,20.3,27,11.575,1.3325,4,1,1,15
2153,"VB54592",1989,7,"19891W64B","W64B",927,20.3,20,14.496875,0.50625,10,2,1,16
2154,"VB54600",1988,6,"19881W100","W100",860,19,35,11.8875,1.93,6,1,0,15
2155,"VB54603",1989,7,"19891EX32","EX32",389,18.9,20,13.971875,0.80625,7,2,1,16
2156,"VB54605",1989,7,"19891SW114","SW114",748,17.5,22,14.496875,0.50625,7,2,0,16
2157,"VB54613",1988,6,"19881O46","O46",652,19.9,35,11.8875,1.93,7,1,1,15
2158,"VB54614",1988,6,"19881B117","B117",20,19.6,24,11.384375,1.45,3,1,0,15
2158,"VB54614",1989,7,"19891B25","B25",119,18.7,19,14.271875,0.51875,10,2,0,16
2159,"VB54618",1990,8,"19901EX5A","EX5A",445,19.6,11,11.31875,0.975,12,3,1,17
2160,"VB54621",1989,7,"19891W6","W6",920,19.1,28,12.44375,0.92625,7,2,1,16
2161,"VB54649",1988,6,"19881CP20","CP20",322,17.8,40,12.075,2.453125,6,1,0,15
2161,"VB54649",1989,7,"19891CP20","CP20",322,18,17,14.271875,0.51875,9,2,0,16
2162,"VB54660",1988,6,"19881B147","B147",45,17.4,40,12.084375,2.24875,8,1,0,15
2162,"VB54660",1989,7,"19891B40","B40",132,17.9,32,11.921875,1.358125,0,2,0,16
2163,"VB54661",1988,6,"19881B113","B113",16,17.3,45,12.884375,1.66625,6,1,0,15
2164,"VB54668",1988,6,"19881CP4","CP4",344,18.1,32,11.8875,1.93,8,1,1,15
2165,"VB54676",1988,6,"19881EX54","EX54",439,19.9,35,11.8875,1.93,7,1,1,15
2165,"VB54676",1989,7,"19891EX53","EX53",438,19.5,21,13.971875,0.80625,9,2,1,16
2165,"VB54676",1990,8,"19901EX53","EX53",438,19.5,21,11.503125,0.679375,9,3,1,17
2165,"VB54676",1991,9,"19911EX53","EX53",438,19,26,12.153125,0.193125,5,4,1,18
2166,"VB54689",1989,7,"19891O84","O84",699,18.6,24,14.1625,0.525,7,2,0,16
2166,"VB54689",1990,8,"19901O107","O107",597,18.6,17,11.31875,0.975,5,3,0,17
2167,"VB54692",1989,7,"19891W94","W94",956,19.8,22,14.496875,0.50625,8,2,1,16
2168,"VB54697",1988,6,"19881EX55","EX55",440,18.2,21,11.803125,1.0725,7,1,1,15
2169,"VB54704",1988,6,"19881B63","B63",150,18.3,29,11.2875,1.3575,7,1,1,15
2170,"VB54715",1988,6,"19881EX5","EX5",430,18.2,31,11.2875,1.3575,5,1,1,15
2171,"VB54716",1988,6,"19881MP1","MP1",492,18.5,24,11.803125,1.0725,8,1,1,15
2172,"VB54734",1988,6,"19881CP43","CP43",349,17.5,26,11.209375,1.45,8,1,0,15
2173,"VB54744",1988,6,"19881P11","P11",710,18,36,11.990625,2.253125,7,1,0,15
2174,"VB54749",1988,6,"19881B184","B184",76,19.6,29,11.671875,1.92375,10,1,1,15
2175,"VB54756",1988,6,"19881MP79","MP79",567,18.7,38,12,2.601875,5,1,1,15
2176,"VB54769",1988,6,"19881SW2","SW2",777,19.5,36,11.8875,1.93,4,1,0,15
2177,"VB54778",1988,6,"19881P19","P19",718,17.8,39,12.66875,1.92625,3,1,0,15
2178,"VB54785",1988,6,"19881SW118","SW118",752,18.8,41,12.29375,2.24875,7,1,0,15
2179,"VB54788",1988,6,"19881B92","B92",176,18.8,34,11.8875,1.93,9,1,0,15
2180,"VB54792",1988,6,"19881W80","W80",945,19.6,37,12.05625,2.570625,8,1,0,15
2181,"VB54805",1988,6,"19881B11","B11",12,18.7,41,12.084375,2.24875,7,1,1,15
2182,"VB54815",1988,6,"19881W24","W24",881,20.5,32,11.83125,1.93,5,1,0,15
2183,"VB54822",1988,6,"19881B92","B92",176,18.2,34,11.8875,1.93,9,1,1,15
2183,"VB54822",1989,7,"19891B92","B92",176,19.4,43,11.825,1.12,6,2,1,16
2183,"VB54822",1990,8,"19901B94","B94",178,19.7,10,11.5125,1.025,9,3,1,17
2184,"VB54841",1988,6,"19881O25","O25",626,19,38,11.990625,2.253125,6,1,0,15
2185,"VB54851",1988,6,"19881B87","B87",171,17.8,26,11.384375,1.45,6,1,1,15
2186,"VB54856",1989,7,"19891B205","B205",94,20,26,14.45,0.5125,7,2,1,16
2187,"VB54863",1989,7,"19891EX50","EX50",431,18,15,13.89375,0.975,8,2,1,16
2187,"VB54863",1990,8,"19901EX50","EX50",431,18,7,12.6375,1.025,11,3,1,17
2187,"VB54863",1991,9,"19911EX49","EX49",426,17.9,23,12.3,0.135,7,4,1,18
2188,"VB54865",1988,6,"19881W11","W11",867,18.6,33,11.671875,1.92375,9,1,1,15
2189,"VB54868",1988,6,"19881B218","B218",106,17.9,28,11.384375,1.45,7,1,0,15
2190,"VB54869",1988,6,"19881CP2","CP2",321,18.2,23,11.209375,1.45,8,1,1,15
2191,"VB54882",1988,6,"19881CP41","CP41",347,18.1,34,11.990625,2.253125,10,1,1,15
2192,"VB54890",1988,6,"19881B23","B23",117,17.7,29,11.4625,1.793125,6,1,0,15
2192,"VB54890",1989,7,"19891MP93","MP93",582,17.9,17,13.971875,0.80625,5,2,0,16
2192,"VB54890",1990,8,"19901B192","B192",81,17.8,16,11.503125,0.679375,12,3,0,17
2193,"VB54909",1987,5,"19871W101","W101",861,18.8,22,9.753125,1.635,10,1,1,12
2194,"VB54915",1987,5,"19871B85","B85",169,18.7,20,9.428125,1.85875,9,1,1,12
2195,"VB54922",1987,5,"19871B125","B125",26,19.3,23,9.625,1.759375,8,1,1,12
2195,"VB54922",1988,6,"19881B27","B27",120,19.8,27,11.575,1.3325,8,2,1,13
2195,"VB54922",1989,7,"19891B25","B25",119,20.8,19,14.271875,0.51875,10,3,1,14
2196,"VB54939",1987,5,"19871B205","B205",94,19.7,23,10.021875,1.286875,10,1,1,12
2197,"VB54945",1989,7,"19891EX51C","EX51C",435,18.8,16,12.734375,0.66875,8,3,1,14
2198,"VB55008",1988,6,"19881O101","O101",591,18.8,36,11.8875,1.93,7,1,1,15
2199,"VB55014",1988,6,"19881EX4","EX4",403,18.2,27,11.2875,1.3575,8,1,1,15
2200,"VB55016",1988,6,"19881EX35","EX35",393,18.2,22,11.803125,1.0725,8,1,1,15
2201,"VB55018",1988,6,"19881CP27","CP27",329,19.5,37,12.05625,2.570625,7,1,1,15
2201,"VB55018",1989,7,"19891CP17","CP17",318,19.8,16,13.6375,1.025,7,2,1,16
2202,"VB55023",1988,6,"19881O55","O55",662,17.7,33,11.83125,1.93,8,1,0,15
2202,"VB55023",1989,7,"19891O55","O55",662,17.6,19,14.271875,0.51875,8,2,0,16
2203,"VB55027",1988,6,"19881P17","P17",716,16.7,27,11.384375,1.45,7,1,0,15
2204,"VB55034",1988,6,"19881O50","O50",657,16.9,33,12,2.601875,8,1,0,15
2205,"VB55038",1988,6,"19881SW112","SW112",746,16.3,25,11.940625,0.855625,4,1,0,15
2206,"VB55041",1988,6,"19881EX8A","EX8A",487,18.1,31,11.8875,1.93,6,1,0,15
2207,"VB55045",1988,6,"19881W93","W93",955,18.9,26,11.2875,1.3575,4,1,1,15
2208,"VB55053",1988,6,"19881EX13A","EX13A",364,18.8,28,11.2875,1.3575,7,1,1,15
2209,"VB55076",1988,6,"19881EX69","EX69",465,19.2,34,11.83125,1.93,6,1,1,15
2209,"VB55076",1989,7,"19891EX70","EX70",467,19.1,20,13.971875,0.80625,9,2,1,16
2209,"VB55076",1990,8,"19901EX69","EX69",465,19.4,13,11.5125,1.025,8,3,1,17
2209,"VB55076",1991,9,"19911EX69","EX69",465,19.3,16,11.790625,0.2375,9,4,1,18
2210,"VB55078",1989,7,"19891O69","O69",678,20.6,32,11.515625,1.29875,10,2,1,16
2211,"VB55079",1988,6,"19881EX4","EX4",403,19.1,27,11.2875,1.3575,8,1,0,15
2212,"VB55080",1989,7,"19891EX80","EX80",480,18.4,37,10.8625,1.12,8,2,1,16
2212,"VB55080",1990,8,"19901EX1","EX1",357,19.5,15,11.31875,0.975,8,3,1,17
2213,"VB55091",1988,6,"19881C120","C120",205,19.2,36,11.8875,1.93,6,1,0,15
2214,"VB55104",1989,7,"19891C125","C125",209,17.9,25,12.44375,0.92625,10,2,0,16
2214,"VB55104",1990,8,"19901C125","C125",209,17.6,16,11.615625,0.4025,12,3,0,17
2215,"VB55121",1988,6,"19881MP84","MP84",573,17.3,28,11.8875,1.93,6,1,0,15
2215,"VB55121",1989,7,"19891MP24","MP24",508,19.4,7,11.990625,0.54375,10,2,0,16
2215,"VB55121",1990,8,"19901MP24","MP24",508,18.3,5,12.878125,1.01875,9,3,0,17
2216,"VB55134",1988,6,"19881C129","C129",212,18.4,37,12.084375,2.24875,8,1,1,15
2217,"VB55136",1988,6,"19881CP39","CP39",343,16.9,33,11.8875,1.93,5,1,0,15
2218,"VB55155",1988,6,"19881O15","O15",615,16.7,39,12,2.601875,5,1,0,15
2219,"VB55156",1988,6,"19881B70","B70",158,17.9,33,11.8875,1.93,6,1,0,15
2220,"VB55165",1988,6,"19881C112","C112",197,17.7,37,12,2.601875,6,1,1,15
2220,"VB55165",1989,7,"19891C111","C111",196,18.3,25,14.1625,0.525,7,2,1,16
2220,"VB55165",1991,9,"19911C13","C13",213,18.2,13,12.6,0.250625,11,4,1,18
2221,"VB55172",1988,6,"19881EX58","EX58",443,18,27,11.671875,1.92375,7,1,0,15
2221,"VB55172",1989,7,"19891EX51","EX51",432,18.9,12,12.734375,0.66875,8,2,0,16
2221,"VB55172",1990,8,"19901EX51","EX51",432,18.5,4,12.51875,0.31,11,3,0,17
2221,"VB55172",1991,9,"19911EX51","EX51",432,18.2,12,12.3125,0.2375,8,4,0,18
2222,"VB55175",1989,7,"19891C125","C125",209,19.4,25,12.44375,0.92625,10,2,1,16
2222,"VB55175",1990,8,"19901C125","C125",209,18.7,16,11.615625,0.4025,12,3,1,17
2223,"VB55182",1988,6,"19881C42","C42",281,19.6,34,11.990625,2.253125,8,1,0,15
2223,"VB55182",1989,7,"19891C155","C155",238,18.6,27,13.715625,0.666875,9,2,0,16
2223,"VB55182",1990,8,"19901C156","C156",239,19.2,11,11.43125,0.843125,10,3,0,17
2224,"VB55183",1989,7,"19891C3A","C3A",276,18.6,23,14.271875,0.51875,3,2,0,16
2225,"VB55208",1988,6,"19881O55","O55",662,19,33,11.83125,1.93,8,1,1,15
2226,"VB55215",1988,6,"19881O119","O119",610,19.2,40,12.884375,1.66625,9,1,1,15
2227,"VB55236",1989,7,"19891W94","W94",956,18.8,22,14.496875,0.50625,8,2,0,16
2228,"VB55238",1988,6,"19881SW32","SW32",790,18.2,40,12.66875,1.92625,6,1,0,15
2228,"VB55238",1989,7,"19891SW102","SW102",734,19.3,30,12.8625,0.671875,6,2,0,16
2228,"VB55238",1990,8,"19901SW32","SW32",790,19.1,15,11.5125,1.025,7,3,0,17
2229,"VB55241",1988,6,"19881CP8","CP8",355,19.3,34,11.8875,1.93,6,1,1,15
2230,"VB55254",1988,6,"19881W36","W36",893,20.1,34,11.83125,1.93,6,1,0,15
2231,"VB55262",1988,6,"19881SW5","SW5",810,20.5,31,11.671875,1.92375,6,1,1,15
2232,"VB55271",1988,6,"19881O34","O34",637,18,39,12.084375,2.24875,8,1,1,15
2232,"VB55271",1989,7,"19891O46","O46",652,18.2,22,13.89375,0.975,9,2,1,16
2233,"VB55277",1988,6,"19881SW106","SW106",738,18.5,39,12,2.601875,8,1,0,15
2234,"VB55287",1988,6,"19881EX49A","EX49A",427,18.1,33,12.05625,2.570625,8,1,0,15
2235,"VB55289",1988,6,"19881SW32","SW32",790,19.5,40,12.66875,1.92625,6,1,1,15
2236,"VB55291",1988,6,"19881O58","O58",665,17.2,40,12.5,2.143125,6,1,0,15
2237,"VB55294",1990,8,"19901C149","C149",232,18.7,17,11.40625,0.96875,8,3,0,17
2238,"VB55298",1988,6,"19881C24A","C24A",258,18,36,11.990625,2.253125,6,1,1,15
2239,"VB55324",1988,6,"19881O105","O105",595,19.7,26,11.384375,1.45,10,1,1,15
2240,"VB55335",1988,6,"19881C1","C1",183,18.8,37,11.990625,2.253125,7,1,1,15
2241,"VB55371",1988,6,"19881W69","W69",932,20,35,12.05625,2.570625,6,1,0,15
2242,"VB55373",1989,7,"19891CP23","CP23",325,18.9,21,13.971875,0.80625,7,2,0,16
2243,"VB55401",1988,6,"19881O65","O65",674,18.7,26,11.209375,1.45,6,1,1,15
2244,"VB55402",1989,7,"19891O80","O80",695,18,20,13.309375,0.66625,10,2,1,16
2245,"VB55405",1988,6,"19881MP95","MP95",584,18.6,25,11.575,1.3325,8,1,1,15
2246,"VB55415",1988,6,"19881C112","C112",197,19,37,12,2.601875,6,1,0,15
2246,"VB55415",1989,7,"19891C111","C111",196,19.4,25,14.1625,0.525,7,2,0,16
2247,"VB55428",1988,6,"19881EX62B","EX62B",451,19.7,37,12.05625,2.570625,7,1,0,15
2247,"VB55428",1989,7,"19891EX62F","EX62F",455,19.1,25,14.1625,0.525,6,2,0,16
2248,"VB55501",1988,6,"19881B217","B217",105,18.2,38,12.05625,2.570625,7,1,0,15
2249,"VB55509",1988,6,"19881B213","B213",101,18,33,11.83125,1.93,6,1,1,15
2249,"VB55509",1989,7,"19891B214","B214",102,20,17,13.6375,1.025,8,2,1,16
2250,"VB55516",1988,6,"19881MP45","MP45",530,18.7,36,12.05625,2.570625,7,1,0,15
2250,"VB55516",1989,7,"19891MP36","MP36",521,20.2,16,13.478125,1.025,10,2,0,16
2251,"VB55520",1988,6,"19881W42","W42",899,18.8,33,11.671875,1.92375,8,1,0,15
2251,"VB55520",1989,7,"19891W42","W42",899,18.8,25,14.45,0.5125,8,2,0,16
2251,"VB55520",1991,9,"19911W43","W43",900,19.4,17,11.834375,0.270625,9,4,0,18
2252,"VB55569",1989,7,"19891MP69","MP69",556,19.7,20,13.6375,1.025,6,1,0,19
2252,"VB55569",1990,8,"19901MP69","MP69",556,20.4,13,11.5125,1.025,7,2,0,20
2253,"VB55574",1989,7,"19891C159","C159",242,19.8,24,14.271875,0.51875,6,1,0,19
2254,"VB55582",1989,7,"19891MP87","MP87",576,19.2,16,13.478125,1.025,6,1,1,19
2254,"VB55582",1990,8,"19901MP87","MP87",576,19.8,13,11.31875,1.025,7,2,1,20
2255,"VB55589",1989,7,"19891MP2","MP2",503,18,25,14.45,0.5125,8,1,0,19
2256,"VB55602",2000,18,"20001EX62H","EX62H",457,18.4,24,11.725,4.965625,6,2,1,45
2257,"VB55620",1999,17,"19991W41","W41",898,19.1,32,13.484375,2.52625,8,1,0,44
2258,"VB55623",1999,17,"19991W81","W81",946,20.8,28,13.0125,0.85125,8,1,0,44
2259,"VB55641",2000,18,"20001O86","O86",701,18.2,28,11.228125,5.03125,9,2,0,45
2260,"VB55667",1999,17,"19991W52","W52",912,17.7,25,12.9875,0.860625,7,1,0,44
2261,"VB55674",1999,17,"19991W37","W37",894,18.2,19,12.6375,0.914375,9,1,1,44
2262,"VB55675",1999,17,"19991SW34","SW34",792,19,26,13.0125,0.85125,9,1,1,44
2263,"VB55710",1994,12,"19941W97","W97",959,19.6,20,10.96875,2.118125,7,1,0,21
2263,"VB55710",1995,13,"19951W98","W98",960,19.2,15,9.16875,1.264375,6,2,0,22
2263,"VB55710",1996,14,"19961W97","W97",959,20.3,22,9.81875,1.5375,9,3,0,23
2264,"VB55727",1994,12,"19941CP38","CP38",341,19.3,30,10.759375,1.791875,7,1,1,21
2265,"VB55730",1994,12,"19941CP7","CP7",354,19.4,28,10.4625,1.54875,8,1,1,21
2266,"VB55733",1994,12,"19941W57","W57",917,17.5,26,10.4625,1.54875,8,1,0,21
2266,"VB55733",1995,13,"19951W39","W39",896,18.2,15,9.459375,1.340625,7,2,0,22
2266,"VB55733",1996,14,"19961W39","W39",896,18.7,23,12.0375,1.2375,5,3,0,23
2266,"VB55733",1997,15,"19971W39","W39",896,18.2,10,10.503125,2.488125,7,4,0,24
2266,"VB55733",1998,16,"19981W32","W32",889,18.8,23,13.109375,2.28875,10,5,0,25
2267,"VB55735",1994,12,"19941W57","W57",917,18.5,26,10.4625,1.54875,8,1,1,21
2267,"VB55735",1995,13,"19951W39","W39",896,19.5,15,9.459375,1.340625,7,2,1,22
2267,"VB55735",1996,14,"19961W39","W39",896,19.5,23,12.0375,1.2375,5,3,1,23
2268,"VB55738",1994,12,"19941W23","W23",880,18.7,30,10.759375,1.791875,8,1,0,21
2268,"VB55738",1996,14,"19961W17","W17",873,19.3,44,14.803125,1.04375,8,3,0,23
2268,"VB55738",1997,15,"19971W22","W22",879,20,13,10.503125,2.488125,11,4,0,24
2268,"VB55738",1998,16,"19981W22","W22",879,19.1,24,13.41875,0.49375,9,5,0,25
2269,"VB55751",1994,12,"19941CP5","CP5",350,18.2,33,11.53125,0.98875,8,1,0,21
2270,"VB55756",1994,12,"19941CP32","CP32",335,18.3,34,11.33125,1.00125,6,1,1,21
2271,"VB55757",1994,12,"19941EX74","EX74",472,18.1,30,11.040625,1.78125,8,1,1,21
2272,"VB55787",1994,12,"19941CP28","CP28",330,19,30,10.925,1.94625,10,1,0,21
2273,"VB55788",1994,12,"19941W87","W87",950,18.9,27,9.790625,1.375625,8,1,1,21
2274,"VB55789",1994,12,"19941SW82","SW82",848,18.9,26,9.790625,1.375625,7,1,0,21
2275,"VB55790",1994,12,"19941B90","B90",174,18.2,30,9.790625,1.375625,6,1,0,21
2276,"VB55795",1994,12,"19941CP29","CP29",331,18.1,34,11.53125,0.98875,8,1,1,21
2276,"VB55795",1996,14,"19961CP27","CP27",329,18.2,30,12.0375,1.2375,7,3,1,23
2277,"VB55798",1995,13,"19951EX90","EX90",489,19.1,18,9.70625,1.423125,9,2,1,22
2277,"VB55798",1996,14,"19961O113","O113",604,19.9,29,12.0375,1.2375,9,3,1,23
2278,"VB55806",1988,6,"19881B10","B10",2,17.8,42,12.66875,1.92625,2,1,0,15
2279,"VB55864",2019,37,"20191SW68","SW68",831,17.7,12,10.29375,1.5575,3,2,0,104
2280,"VB55894",2018,36,"20181MP71","MP71",559,17,16,12.44375,0.66875,6,1,0,103
2281,"VC47008",1988,6,"19881EX62","EX62",449,18.8,35,12.05625,2.570625,7,1,0,15
2282,"VC47011",1988,6,"19881EX90","EX90",489,19,34,12.075,2.453125,8,1,0,15
2283,"VC47015",1988,6,"19881EX31A","EX31A",388,18.6,26,11.384375,1.45,5,1,1,15
2284,"VC47018",1988,6,"19881W7","W7",933,18.2,26,11.575,1.3325,7,1,1,15
2285,"VC47020",1988,6,"19881EX62D","EX62D",453,18.2,34,12.05625,2.570625,8,1,0,15
2286,"VC47053",1988,6,"19881B65","B65",152,17.5,39,12.075,2.453125,8,1,1,15
2286,"VC47053",1989,7,"19891B155","B155",53,19.1,23,14.496875,0.50625,8,2,1,16
2286,"VC47053",1990,8,"19901B155","B155",53,19.6,19,11.43125,0.843125,9,3,1,17
2287,"VC47059",1988,6,"19881W31","W31",888,19.1,32,11.4625,1.793125,6,1,0,15
2287,"VC47059",1989,7,"19891W25","W25",882,19.7,23,14.45,0.5125,5,2,0,16
2288,"VC47077",1988,6,"19881EX14A","EX14A",366,18.6,45,12.884375,1.66625,7,1,0,15
2289,"VC47081",1988,6,"19881EX51","EX51",432,18.9,37,12.05625,2.570625,7,1,0,15
2290,"VC47082",1988,6,"19881CP8","CP8",355,17.3,34,11.8875,1.93,6,1,0,15
2291,"VC47094",1988,6,"19881CP41","CP41",347,18.9,34,11.990625,2.253125,10,1,0,15
2292,"VC47098",1988,6,"19881W1","W1",858,18.9,34,11.8875,1.93,9,1,1,15
2293,"VC47100",1988,6,"19881O19","O19",619,19,27,11.384375,1.45,7,1,1,15
2293,"VC47100",1989,7,"19891O1","O1",588,18.1,19,13.89375,0.975,8,2,1,16
2294,"VC47106",1988,6,"19881CP18","CP18",319,19,38,12,2.601875,6,1,1,15
2295,"VC47112",1988,6,"19881B213","B213",101,18.8,33,11.83125,1.93,6,1,0,15
2296,"VC47114",1988,6,"19881W93","W93",955,19,26,11.2875,1.3575,4,1,0,15
2296,"VC47114",1991,9,"19911W94","W94",956,19.4,15,12.346875,0.2375,11,4,0,18
2297,"VC47117",1988,6,"19881W28","W28",885,19,42,12.29375,2.24875,7,1,1,15
2298,"VC47121",1988,6,"19881EX56","EX56",441,19.8,40,12.084375,2.24875,6,1,1,15
2298,"VC47121",1989,7,"19891EX54","EX54",439,19,24,14.271875,0.51875,7,2,1,16
2299,"VC47126",1988,6,"19881B219","B219",107,18,42,12.5,2.143125,8,1,1,15
2300,"VC47133",1989,7,"19891CP23","CP23",325,20.5,21,13.971875,0.80625,7,2,1,16
2301,"VC47150",1988,6,"19881EX14A","EX14A",366,18.1,45,12.884375,1.66625,7,1,1,15
2302,"VC47168",1988,6,"19881EX50","EX50",431,18.7,33,11.8875,1.93,8,1,0,15
2302,"VC47168",1989,7,"19891EX50","EX50",431,18.7,15,13.89375,0.975,8,2,0,16
2302,"VC47168",1990,8,"19901EX50","EX50",431,19.1,7,12.6375,1.025,11,3,0,17
2302,"VC47168",1991,9,"19911EX49","EX49",426,19,23,12.3,0.135,7,4,0,18
2303,"VC47196",1988,6,"19881CP35","CP35",338,20,39,12.075,2.453125,7,1,1,15
2304,"VC47302",1988,6,"19881SW7","SW7",833,17.6,43,12.084375,2.24875,5,1,0,15
2305,"VC47306",1988,6,"19881O86","O86",701,17,37,12.075,2.453125,9,1,0,15
2305,"VC47306",1989,7,"19891O69","O69",678,17.9,32,11.515625,1.29875,10,2,0,16
2306,"VC47317",1989,7,"19891C161","C161",247,18.5,16,13.478125,1.025,7,2,0,16
2306,"VC47317",1990,8,"19901C161","C161",247,19,16,11.196875,1.00625,7,3,0,17
2307,"VC47320",1989,7,"19891MP20","MP20",504,19.4,13,13.971875,0.80625,10,2,0,16
2307,"VC47320",1990,8,"19901MP19","MP19",502,19,9,11.31875,1.025,10,3,0,17
2308,"VC47321",1988,6,"19881MP14","MP14",497,18.4,25,11.83125,1.93,8,1,1,15
2309,"VC47323",1988,6,"19881B229","B229",116,19,34,11.83125,1.93,6,1,0,15
2309,"VC47323",1989,7,"19891B3","B3",122,18.7,23,14.45,0.5125,5,2,0,16
2310,"VC47332",1988,6,"19881MP31","MP31",515,18,39,12.075,2.453125,8,1,1,15
2311,"VC47349",1988,6,"19881P15","P15",714,20.8,30,11.83125,1.93,2,1,0,15
2311,"VC47349",1990,8,"19901SW68","SW68",831,22.3,14,11.31875,0.975,11,3,0,17
2312,"VC47406",1988,6,"19881MP87","MP87",576,19.1,29,11.2875,1.3575,6,1,1,15
2313,"VC47414",1988,6,"19881MP34","MP34",518,18.4,21,12,0.9425,6,1,0,15
2314,"VC47419",1988,6,"19881B10","B10",2,17.5,42,12.66875,1.92625,2,1,1,15
2315,"VC47435",1988,6,"19881O75","O75",685,18.4,39,12.075,2.453125,8,1,0,15
2316,"VC47441",1988,6,"19881C156","C156",239,19.4,37,11.990625,2.253125,4,1,1,15
2317,"VC47444",1988,6,"19881O4","O4",645,20,33,11.8875,1.93,8,1,1,15
2317,"VC47444",1990,8,"19901O40","O40",646,19.6,20,11.43125,0.843125,7,3,1,17
2318,"VC47445",1988,6,"19881C52","C52",291,17.6,32,11.4625,1.793125,5,1,0,15
2319,"VC47463",1988,6,"19881SW132","SW132",768,18.3,36,12.05625,2.570625,8,1,0,15
2320,"VC47476",1988,6,"19881SW54","SW54",815,19.8,39,12.29375,2.24875,6,1,1,15
2321,"VC47481",1988,6,"19881C42","C42",281,19.3,34,11.990625,2.253125,8,1,1,15
2322,"VC47486",1988,6,"19881SW112","SW112",746,18.8,25,11.940625,0.855625,4,1,1,15
2323,"VC47493",1988,6,"19881SW108","SW108",740,18.2,41,12.5,2.143125,7,1,0,15
2324,"VC47497",1988,6,"19881SW106","SW106",738,19,39,12,2.601875,8,1,1,15
2325,"VE26002",1990,8,"19901O68","O68",677,18.3,29,12.290625,0.35875,7,2,1,20
2326,"VE26006",1989,7,"19891W25","W25",882,19,23,14.45,0.5125,5,1,1,19
2327,"VE26007",1989,7,"19891B98","B98",181,19.8,35,10.68125,1.12,2,1,1,19
2327,"VE26007",1990,8,"19901B8","B8",165,18.7,17,11.43125,0.843125,8,2,1,20
2328,"VE26501",1989,7,"19891MP2","MP2",503,18.7,25,14.45,0.5125,8,1,1,19
2329,"VE26636",1989,7,"19891MP85","MP85",574,18.9,16,13.6375,1.025,9,1,0,19
2330,"VE27025",1989,7,"19891W7","W7",933,18,26,14.496875,0.50625,6,1,0,19
2331,"VE27041",1989,7,"19891C136","C136",220,19.6,23,14.1625,0.525,7,1,1,19
2331,"VE27041",1990,8,"19901C39","C39",275,18.6,16,11.5125,1.025,6,2,1,20
2332,"VE27042",1989,7,"19891EX78","EX78",477,19.2,23,14.271875,0.51875,9,1,1,19
2332,"VE27042",1990,8,"19901EX77","EX77",476,20.1,21,11.615625,0.4025,10,2,1,20
2333,"VE27058",1989,7,"19891C155","C155",238,18.7,27,13.715625,0.666875,9,1,1,19
2334,"VE27061",1989,7,"19891EX68","EX68",464,17.8,23,14.1625,0.525,11,1,0,19
2335,"VE27069",1989,7,"19891EX58","EX58",443,19.3,23,14.271875,0.51875,6,1,0,19
2336,"VE27083",1989,7,"19891EX45","EX45",420,18.1,17,14.496875,0.50625,10,1,1,19
2336,"VE27083",1990,8,"19901EX45","EX45",420,18.4,6,12.83125,1.025,12,2,1,20
2337,"VE27086",1989,7,"19891W67","W67",930,18.1,31,11.921875,1.358125,10,1,0,19
2338,"VE27090",1989,7,"19891EX51","EX51",432,19.2,12,12.734375,0.66875,8,1,1,19
2338,"VE27090",1990,8,"19901EX51","EX51",432,19.7,4,12.51875,0.31,11,2,1,20
2339,"VE27092",1989,7,"19891W58","W58",918,18.5,23,14.45,0.5125,4,1,0,19
2340,"VE27101",1989,7,"19891EX41D","EX41D",409,19.2,24,14.45,0.5125,9,1,0,19
2340,"VE27101",1990,8,"19901EX41D","EX41D",409,19.2,6,12.878125,1.01875,9,2,0,20
2341,"VE27123",1989,7,"19891W69","W69",932,17.6,21,14.496875,0.50625,9,1,0,19
2342,"VE27145",1989,7,"19891EX25","EX25",379,18.6,24,13.971875,0.80625,6,1,0,19
2343,"VE27147",1989,7,"19891EX78","EX78",477,18.8,23,14.271875,0.51875,9,1,0,19
2344,"VE27149",1989,7,"19891W7","W7",933,18.6,26,14.496875,0.50625,6,1,1,19
2345,"VE27160",1990,8,"19901W100","W100",860,19.1,8,11.196875,1.00625,13,2,1,20
2346,"VE27161",1989,7,"19891W64B","W64B",927,18,20,14.496875,0.50625,10,1,0,19
2347,"VE27178",1989,7,"19891O13A","O13A",613,19.9,51,16.496875,0.343125,8,1,1,19
2348,"VE27206",1989,7,"19891W19","W19",875,19.1,24,14.1625,0.525,7,1,0,19
2349,"VE27207",1990,8,"19901W21","W21",878,19.4,23,12.046875,0.465625,11,2,0,20
2350,"VE27224",1990,8,"19901B133","B133",32,18.4,16,11.31875,0.975,9,2,1,20
2351,"VE27246",1989,7,"19891CP10","CP10",309,18.3,17,13.478125,1.025,7,1,0,19
2352,"VE27265",1990,8,"19901B113","B113",16,17.7,18,11.503125,0.679375,9,2,0,20
2353,"VE27315",1989,7,"19891EX31","EX31",387,18.9,24,14.271875,0.51875,7,1,1,19
2353,"VE27315",1990,8,"19901EX31","EX31",387,19.4,13,11.40625,0.96875,12,2,1,20
2354,"VE27353",1990,8,"19901B27","B27",120,18,23,11.7875,0.4025,8,2,0,20
2355,"VE27359",1989,7,"19891MP11","MP11",494,16.5,20,13.971875,0.80625,8,1,0,19
2355,"VE27359",1990,8,"19901MP13","MP13",496,17.3,25,12.290625,0.35875,7,2,0,20
2356,"VE27369",1990,8,"19901B86","B86",170,19.8,16,11.31875,1.025,9,2,1,20
2357,"VE27377",1989,7,"19891W38","W38",895,18.2,26,13.9375,0.530625,8,1,1,19
2358,"VE27381",1990,8,"19901W33","W33",890,20,24,11.7875,0.4025,0,2,0,20
2359,"VE27414",1989,7,"19891CP43","CP43",349,19.1,18,13.6375,1.025,6,1,1,19
2360,"VE27454",1989,7,"19891W16","W16",872,18.3,18,13.971875,0.80625,8,1,0,19
2361,"VE27457",1989,7,"19891EX19","EX19",373,19,18,13.971875,0.80625,10,1,1,19
2362,"VE27498",1989,7,"19891W16","W16",872,20.2,18,13.971875,0.80625,8,1,1,19
2363,"VE27515",1989,7,"19891EX73A","EX73A",471,18.9,29,12.8625,0.671875,8,1,1,19
2364,"VE27552",1989,7,"19891CP24","CP24",326,18.6,15,13.478125,1.025,9,1,1,19
2365,"VE27565",1989,7,"19891EX34","EX34",391,18,17,13.89375,0.975,8,1,0,19
2366,"VE27619",1989,7,"19891EX41D","EX41D",409,19,24,14.45,0.5125,9,1,1,19
2367,"VE27629",1989,7,"19891B148","B148",46,18.1,30,12.44375,0.92625,10,1,1,19
2367,"VE27629",1990,8,"19901B136","B136",33,18,18,11.43125,0.843125,8,2,1,20
2368,"VE32509",1989,7,"19891O105","O105",595,17.6,35,11.515625,1.29875,6,1,0,19
2368,"VE32509",1990,8,"19901O102","O102",592,17.8,17,11.503125,0.679375,6,2,0,20
2369,"VE32525",1990,8,"19901SW37","SW37",795,19.3,7,12.83125,1.025,5,2,0,20
2370,"VE32530",1989,7,"19891EX70","EX70",467,19.1,20,13.971875,0.80625,9,1,0,19
2371,"VE32551",1989,7,"19891C32","C32",268,17.8,17,13.6375,1.025,9,1,1,19
2371,"VE32551",1990,8,"19901C13","C13",213,17.8,7,12.6375,1.025,11,2,1,20
2372,"VE32556",1990,8,"19901B221","B221",109,19.3,16,11.196875,1.00625,9,2,1,20
2373,"VE32569",1989,7,"19891O93","O93",704,18.5,33,10.68125,1.12,8,1,1,19
2373,"VE32569",1990,8,"19901O93","O93",704,17.6,24,12.35625,0.069375,11,2,1,20
2374,"VE32609",2008,26,"20081EX67","EX67",463,20.3,34,13.790625,4.551875,8,1,1,82
2374,"VE32609",2009,27,"20091EX67","EX67",463,19.2,20,12.046875,2.669375,2,2,1,83
2374,"VE32609",2010,28,"20101EX67","EX67",463,20.7,17,11.696875,0.0975,10,3,1,84
2375,"VE32612",2008,26,"20081O119","O119",610,19.9,25,11.9625,3.085,9,1,0,82
2376,"VE32624",2008,26,"20081W62","W62",923,18.1,31,13.321875,4.096875,4,1,1,82
2377,"VE32625",2008,26,"20081SW43","SW43",802,16.9,37,13.884375,4.4325,7,1,0,82
2377,"VE32625",2009,27,"20091SW18","SW18",775,17.8,13,11.28125,2.20375,8,2,0,83
2378,"VE32643",2008,26,"20081SW117","SW117",751,18.8,30,12.953125,4.094375,8,1,1,82
2379,"VE32659",2008,26,"20081O75D","O75D",689,17.9,25,11.96875,2.36,6,1,1,82
2380,"VE32975",2019,37,"20191B229","B229",116,17.4,13,9.509375,1.92375,5,2,0,104
2381,"VE33122",1989,7,"19891EX42","EX42",411,18,35,11.515625,1.29875,7,1,0,19
2382,"VE33515",1989,7,"19891EX29","EX29",383,16.8,30,11.921875,1.358125,9,1,0,19
2382,"VE33515",1990,8,"19901EX29A","EX29A",384,16.8,18,11.615625,0.4025,9,2,0,20
2383,"VE33526",1989,7,"19891O32","O32",635,19,31,11.921875,1.358125,11,1,1,19
2383,"VE33526",1990,8,"19901O30A","O30A",633,18.5,24,12.35625,0.069375,11,2,1,20
2384,"VE33531",1989,7,"19891MP20","MP20",504,18.6,13,13.971875,0.80625,10,1,1,19
2385,"VE33540",1989,7,"19891MP65","MP65",552,20.1,13,12.31875,0.55,8,1,0,19
2386,"VE33594",1989,7,"19891MP47","MP47",532,19,34,10.75,1.12,4,1,1,19
2387,"VE33634",1989,7,"19891EX6","EX6",446,18.1,19,14.271875,0.51875,10,1,0,19
2388,"VE33674",1989,7,"19891MP46","MP46",531,18.6,18,13.971875,0.80625,6,1,0,19
2388,"VE33674",1990,8,"19901MP79","MP79",567,18.6,21,11.503125,0.679375,7,2,0,20
2389,"VE33732",1990,8,"19901EX11","EX11",360,18,8,11.5125,1.025,11,2,0,20
2390,"VE33780",1990,8,"19901O59","O59",666,19.4,10,11.31875,0.975,10,2,1,20
2391,"VE33783",1989,7,"19891CP42A","CP42A",348,18.4,26,14.496875,0.50625,4,1,1,19
2392,"VE33801",1989,7,"19891O48","O48",654,17.9,26,13.715625,0.666875,7,1,0,19
2393,"VE33919",1995,13,"19951C125","C125",209,19.4,15,9.396875,1.264375,7,1,1,26
2394,"VE33922",1995,13,"19951MP71","MP71",559,18.9,16,10.221875,1.7025,8,1,1,26
2395,"VF63050",2004,22,"20041C155","C155",238,19.1,19,12.7375,0.158125,4,1,0,66
2396,"VF63055",2005,23,"20051EX51","EX51",432,17.4,32,13.865625,1.13,12,2,1,67
2397,"VF63056",2004,22,"20041O45","O45",651,16.7,19,12.640625,0.145,7,1,0,66
2397,"VF63056",2005,23,"20051O43","O43",649,17,11,9.409375,1.253125,9,2,0,67
2398,"VF63063",2005,23,"20051SW16","SW16",773,18.5,22,12.021875,1.191875,7,2,1,67
2399,"VF63067",2004,22,"20041SW43","SW43",802,19,23,12.640625,0.145,7,1,0,66
2399,"VF63067",2005,23,"20051SW30","SW30",788,18,29,13.409375,1.83875,9,2,0,67
2400,"VF63084",2005,23,"20051O24","O24",625,18,17,10.784375,1.07125,4,2,1,67
2401,"VF63102",2006,24,"20061P18","P18",717,17.6,21,11.865625,3.72875,12,3,0,68
2402,"VF63141",2005,23,"20051SW18","SW18",775,18.2,20,13.01875,1.454375,5,2,1,67
2402,"VF63141",2006,24,"20061SW18","SW18",775,17.8,25,11.65625,3.61125,10,3,1,68
2403,"VF63169",2005,23,"20051P14","P14",713,18.5,24,9.65,1.149375,8,2,1,67
2404,"VF63170",2005,23,"20051MP97","MP97",586,19.2,34,13.746875,1.19375,9,2,0,67
2405,"VF63172",2004,22,"20041CP38A","CP38A",342,17.1,14,12.565625,0.74375,8,1,0,66
2406,"VF63190",2004,22,"20041SW33","SW33",791,18.1,20,12.771875,0.67875,5,1,0,66
2407,"VF63349",2004,22,"20041SW20","SW20",778,17.8,17,12.640625,0.19875,9,1,1,66
2408,"VF63351",2006,24,"20061EX81A","EX81A",481,17.5,28,11.521875,3.5975,8,3,1,68
2409,"VF63356",2004,22,"20041EX76","EX76",475,19.5,19,12.640625,0.19875,9,1,0,66
2410,"VF63357",2004,22,"20041C41","C41",280,17.6,19,12.640625,0.19875,7,1,0,66
2410,"VF63357",2005,23,"20051C40","C40",279,17.5,18,10.171875,1.07625,7,2,0,67
2410,"VF63357",2005,23,"20051C41","C41",280,17.5,53,16.5625,0.770625,5,2,0,67
2411,"VF63401",2005,23,"20051C7","C7",304,17.7,18,11.51875,1.07,3,1,1,69
2411,"VF63401",2006,24,"20061C104","C104",188,18.3,26,11.65625,3.61125,7,2,1,70
2411,"VF63401",2007,25,"20071C4","C4",278,17.8,16,12.046875,4.174375,8,3,1,71
2412,"VF63410",2005,23,"20051SW14","SW14",771,18.8,31,13.409375,1.83875,8,1,1,69
2413,"VF63414",2005,23,"20051C1","C1",183,18.3,25,11.946875,1.07,5,1,1,69
2413,"VF63414",2006,24,"20061C101","C101",185,18,29,11.475,3.220625,5,2,1,70
2414,"VF63423",2005,23,"20051B97","B97",180,19.8,31,13.61875,1.41625,9,1,1,69
2415,"VF63441",2005,23,"20051C5","C5",288,18.1,45,13.521875,1.375625,6,1,0,69
2416,"VF63447",2005,23,"20051EX43C","EX43C",416,18.2,26,13.01875,1.454375,9,1,0,69
2417,"VF63451",2005,23,"20051B54","B54",143,17.9,34,13.746875,1.19375,2,1,0,69
2418,"VF63453",2005,23,"20051SW76","SW76",840,18.2,26,13.01875,1.454375,7,1,1,69
2419,"VF63455",2005,23,"20051O38B","O38B",643,17,26,12.525,1.44,5,1,0,69
2420,"VF63460",2005,23,"20051SW122","SW122",757,17.6,28,13.465625,1.865,8,1,1,69
2421,"VF63462",2005,23,"20051O84","O84",699,17,24,13.2125,1.363125,13,1,0,69
2421,"VF63462",2006,24,"20061O82","O82",697,17.8,27,11.93125,1.595,5,2,0,70
2422,"VF63472",2005,23,"20051B159","B159",56,17.8,28,13.45625,1.88625,4,1,0,69
2422,"VF63472",2006,24,"20061B63","B63",150,18.4,22,11.865625,3.72875,12,2,0,70
2423,"VF63479",2006,24,"20061EX62B","EX62B",451,18.2,22,12.13125,3.636875,9,2,1,70
2423,"VF63479",2007,25,"20071EX62B","EX62B",451,18.8,15,12.046875,4.174375,9,3,1,71
2424,"VF63481",2005,23,"20051B188","B188",78,19.8,13,9.65,1.149375,8,1,1,69
2425,"VF63487",2005,23,"20051O112","O112",603,18.9,26,13.409375,1.83875,11,1,0,69
2426,"VF63505",2002,20,"20021EX62H","EX62H",457,18.9,7,10.13125,1.69125,7,2,0,53
2426,"VF63505",2003,21,"20031EX62H","EX62H",457,20,22,11.784375,2.52625,6,3,0,54
2427,"VF63511",2001,19,"20011SW103","SW103",735,19.2,45,12.39375,0.844375,5,1,1,52
2428,"VF63524",2002,20,"20021C46","C46",285,19.2,9,11.621875,1.1375,6,2,1,53
2429,"VF63526",2001,19,"20011C18","C18",251,18.7,26,13.725,0.54,7,1,1,52
2430,"VF63529",2001,19,"20011O38","O38",641,19,35,13.30625,0.6,8,1,1,52
2431,"VF63533",2001,19,"20011C150","C150",234,17.8,38,13.653125,0.380625,4,1,1,52
2432,"VF63547",2001,19,"20011O53","O53",660,18.8,35,13.95625,0.369375,7,1,1,52
2432,"VF63547",2002,20,"20021O59","O59",666,18.7,20,12.94375,2.59,9,2,1,53
2433,"VF63549",2002,20,"20021C148","C148",231,19,7,10.83125,0.9525,4,2,0,53
2434,"VF63552",2001,19,"20011C28","C28",264,18.4,32,14.090625,0.31875,7,1,1,52
2434,"VF63552",2002,20,"20021C20","C20",254,19.2,15,12.315625,1.34625,7,2,1,53
2435,"VF63553",2002,20,"20021C41","C41",280,18.4,13,12.315625,1.34625,8,2,0,53
2436,"VF63561",2001,19,"20011SW115","SW115",749,18.1,37,12.815625,0.593125,7,1,1,52
2436,"VF63561",2002,20,"20021SW115","SW115",749,18.3,20,12.94375,2.59,7,2,1,53
2437,"VF63616",2002,20,"20021C151","C151",235,18.7,12,11.921875,1.08125,11,1,1,57
2437,"VF63616",2003,21,"20031C51","C51",290,19.2,22,12.278125,2.36125,8,2,1,58
2437,"VF63616",2004,22,"20041C51","C51",290,19.2,19,12.640625,0.145,8,3,1,59
2438,"VF63658",2002,20,"20021SW42","SW42",801,18.8,12,11.921875,1.08125,9,1,1,57
2438,"VF63658",2003,21,"20031SW41","SW41",800,17.9,29,14.45,1.520625,6,2,1,58
2438,"VF63658",2004,22,"20041SW42","SW42",801,18.3,22,12.640625,0.145,8,3,1,59
2439,"VF63666",2002,20,"20021O5","O5",656,17.1,9,12.315625,1.34625,9,1,0,57
2439,"VF63666",2004,22,"20041EX8A","EX8A",487,17,24,12.84375,0.618125,10,3,0,59
2440,"VF63678",2002,20,"20021SW6","SW6",821,18.9,16,13.04375,2.753125,8,1,1,57
2441,"VF63679",2002,20,"20021O65","O65",674,19.1,13,13.028125,2.129375,10,1,1,57
2442,"VF63690",2002,20,"20021C161","C161",247,18.1,14,12.315625,1.34625,10,1,1,57
2443,"VF63705",2005,23,"20051EX76","EX76",475,17.5,27,13.01875,1.454375,8,1,0,69
2444,"VF63731",2005,23,"20051SW54","SW54",815,18.8,27,13.01875,1.454375,8,1,1,69
2444,"VF63731",2006,24,"20061SW71","SW71",835,19.5,23,12.271875,3.86875,5,2,1,70
2445,"VF63736",2005,23,"20051B48","B48",137,17.8,24,11.946875,1.07,7,1,1,69
2446,"VF63738",2005,23,"20051P12","P12",711,18.5,24,12.021875,1.191875,8,1,1,69
2447,"VF63740",2005,23,"20051SW115","SW115",749,18,28,13.01875,1.454375,7,1,1,69
2448,"VF63745",2005,23,"20051C137","C137",221,18,11,9.134375,1.093125,7,1,1,69
2449,"VF63747",2005,23,"20051SW30","SW30",788,18,29,13.409375,1.83875,9,1,1,69
2450,"VF63748",2009,27,"20091SW123","SW123",758,18.3,18,11.74375,2.59875,8,5,1,73
2451,"VF63751",2005,23,"20051C143","C143",226,18.7,15,9.38125,1.155,4,1,0,69
2451,"VF63751",2006,24,"20061C143","C143",226,18.5,21,12.13125,3.636875,7,2,0,70
2452,"VF63778",2005,23,"20051B107","B107",10,18.4,25,11.946875,1.07,6,1,1,69
2452,"VF63778",2006,24,"20061B107","B107",10,17.5,25,11.865625,3.72875,8,2,1,70
2453,"VF63781",2005,23,"20051B27","B27",120,18.8,20,10.784375,1.07125,10,1,0,69
2454,"VF63786",2005,23,"20051B31","B31",124,17.8,26,12.165625,1.31,5,1,0,69
2455,"VF63789",2006,24,"20061O59","O59",666,20.4,36,13.403125,0.77625,4,2,1,70
2456,"VF63793",2005,23,"20051CP15","CP15",316,18.6,22,12.525,1.44,11,1,0,69
2457,"VF63794",2005,23,"20051B136","B136",33,17.3,27,13.409375,1.83875,8,1,1,69
2458,"VF63805",2005,23,"20051EX63","EX63",459,18.5,21,11.51875,1.07,8,1,0,69
2459,"VF63811",2005,23,"20051O30A","O30A",633,18.4,25,13.01875,1.454375,6,1,0,69
2460,"VF63816",2005,23,"20051SW115","SW115",749,16.5,28,13.01875,1.454375,7,1,0,69
2461,"VF63817",2005,23,"20051B168","B168",63,18.6,29,13.01875,1.454375,4,1,1,69
2462,"VF63822",2006,24,"20061O50","O50",657,17.5,28,11.475,3.008125,9,2,0,70
2463,"VF63835",2005,23,"20051O83","O83",698,17.9,27,13.01875,1.454375,7,1,0,69
2463,"VF63835",2007,25,"20071O83","O83",698,18.5,15,12.05,4.179375,9,3,0,71
2464,"VF63841",2006,24,"20061EX49","EX49",426,18.5,26,11.521875,3.5975,8,2,0,70
2464,"VF63841",2007,25,"20071EX60","EX60",447,18,17,12.0875,4.113125,8,3,0,71
2465,"VF63850",2005,23,"20051C24A","C24A",258,18,15,9.375,1.326875,8,1,1,69
2466,"VF63851",2005,23,"20051EX1","EX1",357,16.7,25,12.021875,1.191875,8,1,1,69
2467,"VF63852",2005,23,"20051O53","O53",660,17.9,22,11.946875,1.07,7,1,1,69
2468,"VF63853",2005,23,"20051EX34A","EX34A",392,18.3,25,12.165625,1.31,7,1,0,69
2469,"VF63856",2005,23,"20051EX90","EX90",489,18,26,13.01875,1.454375,9,1,0,69
2469,"VF63856",2006,24,"20061O100","O100",590,18.1,27,11.5875,2.428125,9,2,0,70
2469,"VF63856",2007,25,"20071EX92","EX92",491,18.4,16,12.0875,4.113125,8,3,0,71
2470,"VF63867",2006,24,"20061SW114","SW114",748,17.5,39,15.034375,0.66125,9,2,1,70
2471,"VF63882",2005,23,"20051C145","C145",228,19,21,10.784375,1.07125,6,1,1,69
2472,"VF63896",2005,23,"20051C141","C141",225,17.5,26,13.01875,1.454375,10,1,1,69
2473,"VF63946",2005,23,"20051EX62E","EX62E",454,16.1,27,12.40625,1.3225,6,1,0,69
2474,"VF63955",2007,25,"20071SW104","SW104",736,19.9,18,12.19375,3.989375,10,3,0,71
2474,"VF63955",2008,26,"20081SW129","SW129",764,19.7,23,11.9625,3.085,8,4,0,72
2474,"VF63955",2009,27,"20091SW128","SW128",763,19.2,17,11.74375,2.59875,11,5,0,73
2475,"VF63966",2005,23,"20051O19","O19",619,19.3,22,11.51875,1.07,7,1,1,69
2475,"VF63966",2006,24,"20061O7","O7",679,19,22,12.053125,3.684375,9,2,1,70
2476,"VF63970",2005,23,"20051SW129","SW129",764,18.9,32,13.61875,1.41625,6,1,0,69
2477,"VF63972",2005,23,"20051O28","O28",629,19.4,23,10.784375,1.07125,6,1,0,69
2477,"VF63972",2006,24,"20061O27A","O27A",628,20,32,11.715625,2.271875,8,2,0,70
2478,"VF64015",2002,20,"20021EX78","EX78",477,17.4,15,12.315625,1.34625,5,2,1,53
2479,"VF64019",2002,20,"20021EX42A","EX42A",412,18.1,14,12.840625,1.7525,8,2,0,53
2480,"VF64021",2002,20,"20021EX62C","EX62C",452,18.9,23,12.996875,2.281875,10,2,0,53
2481,"VF64031",2001,19,"20011EX65","EX65",461,17.9,34,13.95625,0.369375,6,1,0,52
2482,"VF64040",2001,19,"20011O10","O10",589,19,29,13.725,0.54,8,1,1,52
2483,"VF64042",2001,19,"20011SW46","SW46",805,20.1,39,14.090625,0.31875,5,1,1,52
2483,"VF64042",2002,20,"20021SW44","SW44",803,20.4,10,11.621875,1.1375,6,2,1,53
2483,"VF64042",2003,21,"20031SW44","SW44",803,20.1,32,14.290625,1.839375,8,3,1,54
2484,"VF64044",2001,19,"20011O118","O118",609,19.4,37,13.95625,0.369375,7,1,1,52
2484,"VF64044",2002,20,"20021O119","O119",610,19.3,18,11.321875,1.22875,7,2,1,53
2485,"VF64046",2001,19,"20011O66","O66",675,18.1,29,14.090625,0.31875,5,1,1,52
2485,"VF64046",2002,20,"20021O66","O66",675,19.4,21,13.04375,2.753125,8,2,1,53
2486,"VF64050",2001,19,"20011O10","O10",589,18,29,13.725,0.54,8,1,0,52
2487,"VF64053",2001,19,"20011SW6","SW6",821,19.1,32,13.653125,0.380625,6,1,0,52
2487,"VF64053",2002,20,"20021SW5","SW5",810,19.1,16,13.04375,2.753125,8,2,0,53
2488,"VF64058",2001,19,"20011O66","O66",675,18,29,14.090625,0.31875,5,1,0,52
2489,"VF64070",2001,19,"20011O13","O13",612,19.2,43,12.975,1.940625,6,1,0,52
2490,"VF64076",2001,19,"20011B212","B212",100,20.9,46,12.425,1.9325,6,1,0,52
2491,"VF64081",2002,20,"20021B24","B24",118,18.9,15,12.603125,1.711875,9,2,1,53
2491,"VF64081",2003,21,"20031B24","B24",118,18.8,33,15.109375,1.725,7,3,1,54
2491,"VF64081",2004,22,"20041B225","B225",112,18.5,23,12.884375,0.355,8,4,1,55
2492,"VF64084",2002,20,"20021SW53","SW53",814,18.5,8,12.603125,1.711875,12,2,1,53
2493,"VF64090",2001,19,"20011O118","O118",609,18.2,37,13.95625,0.369375,7,1,0,52
2493,"VF64090",2002,20,"20021O119","O119",610,17.7,18,11.321875,1.22875,7,2,0,53
2494,"VF64091",2001,19,"20011O86","O86",701,19.7,27,14.090625,0.31875,6,1,0,52
2495,"VF64094",2001,19,"20011EX4","EX4",403,18.4,39,12.815625,0.593125,9,1,1,52
2496,"VF64103",2001,19,"20011SW30","SW30",788,17.4,40,13.140625,0.6425,8,1,0,52
2496,"VF64103",2002,20,"20021SW42","SW42",801,18.2,12,11.921875,1.08125,9,2,0,53
2496,"VF64103",2003,21,"20031SW41","SW41",800,17.8,29,14.45,1.520625,6,3,0,54
2497,"VF64107",2001,19,"20011EX76","EX76",475,18.6,39,12.49375,0.5875,7,1,1,52
2498,"VF64111",2001,19,"20011EX61","EX61",448,19.5,36,13.653125,0.380625,6,1,0,52
2498,"VF64111",2003,21,"20031EX59","EX59",444,19.4,20,11.784375,2.52625,8,3,0,54
2499,"VF64112",2002,20,"20021EX1","EX1",357,19,16,12.840625,1.7525,6,2,0,53
2500,"VF64114",2001,19,"20011CP38A","CP38A",342,18,23,13.7125,0.7425,6,1,0,52
2500,"VF64114",2002,20,"20021CP38","CP38",341,20.1,6,10.83125,0.9525,7,2,0,53
2500,"VF64114",2003,21,"20031CP38","CP38",341,19.2,20,11.371875,2.60875,8,3,0,54
2501,"VF64119",2001,19,"20011MP59","MP59",545,20.5,30,13.95625,0.255625,6,1,0,52
2501,"VF64119",2002,20,"20021MP52","MP52",538,18.9,9,11.321875,1.22875,10,2,0,53
2502,"VF64121",2001,19,"20011B72","B72",160,20.4,38,12.41875,1.463125,6,1,0,52
2503,"VF64127",2001,19,"20011B201","B201",91,20.3,43,12.41875,1.463125,6,1,1,52
2503,"VF64127",2002,20,"20021B207","B207",96,18.7,14,11.921875,1.08125,7,2,1,53
2504,"VF64128",2001,19,"20011SW87","SW87",853,18.4,45,12.796875,1.943125,7,1,1,52
2505,"VF64130",2002,20,"20021EX62B","EX62B",451,18.6,9,13.20625,2.585,8,2,0,53
2506,"VF64135",2001,19,"20011MP30","MP30",514,18.9,30,13.95625,0.369375,8,1,0,52
2506,"VF64135",2002,20,"20021MP81","MP81",570,17.2,9,12.603125,1.711875,10,2,0,53
2506,"VF64135",2004,22,"20041MP29","MP29",512,17,43,12.575,0.743125,9,4,0,55
2507,"VF64148",2001,19,"20011SW87","SW87",853,18.2,45,12.796875,1.943125,7,1,0,52
2507,"VF64148",2002,20,"20021SW82","SW82",848,18.6,20,12.94375,2.59,10,2,0,53
2508,"VF64149",2002,20,"20021O105","O105",595,19,8,11.621875,1.1375,9,2,1,53
2508,"VF64149",2003,21,"20031O104","O104",594,19.2,18,11.371875,2.60875,10,3,1,54
2508,"VF64149",2005,23,"20051O105","O105",595,18.7,26,12.021875,1.191875,7,5,1,56
2509,"VF64154",2001,19,"20011B63","B63",150,20,20,13.95625,0.255625,11,1,1,52
2509,"VF64154",2002,20,"20021B164","B164",61,19.7,16,12.603125,1.711875,9,2,1,53
2510,"VF64159",2003,21,"20031P1","P1",708,17.8,21,11.371875,2.60875,8,3,1,54
2511,"VF64162",2001,19,"20011B201","B201",91,19.9,43,12.41875,1.463125,6,1,0,52
2511,"VF64162",2002,20,"20021B207","B207",96,18.3,14,11.921875,1.08125,7,2,0,53
2512,"VF64164",2001,19,"20011SW16","SW16",773,18.6,36,13.30625,0.6,7,1,1,52
2513,"VF64167",2001,19,"20011C150","C150",234,18,38,13.653125,0.380625,4,1,0,52
2513,"VF64167",2002,20,"20021C46","C46",285,18.5,9,11.621875,1.1375,6,2,0,53
2513,"VF64167",2003,21,"20031C48","C48",286,18.3,16,10.796875,2.34625,7,3,0,54
2513,"VF64167",2004,22,"20041C148","C148",231,18.9,15,12.7375,0.158125,6,4,0,55
2514,"VF64182",2001,19,"20011CP17","CP17",318,18.8,33,14.090625,0.31875,8,1,1,52
2515,"VF64183",2001,19,"20011MP59","MP59",545,20.6,30,13.95625,0.255625,6,1,1,52
2516,"VF64197",2001,19,"20011EX36","EX36",395,18.8,32,12.41875,1.463125,6,1,0,52
2516,"VF64197",2002,20,"20021EX37","EX37",396,18.9,10,11.621875,1.1375,7,2,0,53
2517,"VF64198",2001,19,"20011SW82","SW82",848,19,36,13.30625,0.6,6,1,1,52
2518,"VF64199",2001,19,"20011P11","P11",710,17.7,42,12.4125,1.948125,9,1,1,52
2519,"VF64201",2001,19,"20011EX43D","EX43D",417,19.4,29,14.090625,0.31875,8,1,0,52
2520,"VF64205",2001,19,"20011MP54","MP54",540,20.5,24,13.7125,0.7425,8,1,0,52
2521,"VF64208",2001,19,"20011B189","B189",79,21.8,37,13.30625,0.6,7,1,1,52
2521,"VF64208",2002,20,"20021B189","B189",79,19.8,16,12.315625,1.34625,8,2,1,53
2522,"VF64215",2001,19,"20011O49","O49",655,17.9,32,13.725,0.54,5,1,1,52
2522,"VF64215",2002,20,"20021O48","O48",654,19.5,15,12.603125,1.711875,9,2,1,53
2523,"VF64217",2001,19,"20011O79","O79",693,18.6,37,12.49375,0.5875,7,1,1,52
2524,"VF64229",2001,19,"20011EX51D","EX51D",436,20.4,44,12.49375,0.5875,6,1,1,52
2524,"VF64229",2002,20,"20021EX51D","EX51D",436,20,19,13.20625,2.585,7,2,1,53
2524,"VF64229",2004,22,"20041EX51D","EX51D",436,19.1,15,12.415625,0.91875,8,4,1,55
2525,"VF64231",2002,20,"20021EX1","EX1",357,18.7,16,12.840625,1.7525,6,2,1,53
2526,"VF64233",2003,21,"20031EX41D","EX41D",409,18.5,26,14.290625,1.839375,8,3,0,54
2526,"VF64233",2004,22,"20041EX81A","EX81A",481,18.1,22,12.884375,0.355,9,4,0,55
2526,"VF64233",2005,23,"20051EX40","EX40",404,17.6,29,13.746875,1.19375,10,5,0,56
2527,"VF64234",2001,19,"20011EX73","EX73",470,17.9,41,12.49375,0.5875,7,1,1,52
2528,"VF64242",2001,19,"20011SW122","SW122",757,19.5,28,13.653125,0.380625,7,1,1,52
2528,"VF64242",2002,20,"20021O111","O111",602,19.6,9,12.315625,1.34625,8,2,1,53
2529,"VF64246",2001,19,"20011SW119","SW119",753,19.4,37,13.140625,0.6425,8,1,0,52
2530,"VF64256",2002,20,"20021O105","O105",595,20.3,8,11.621875,1.1375,9,2,0,53
2530,"VF64256",2003,21,"20031O104","O104",594,22.3,18,11.371875,2.60875,10,3,0,54
2531,"VF64259",2001,19,"20011B225","B225",112,22.2,41,12.49375,0.5875,3,1,1,52
2531,"VF64259",2002,20,"20021B89","B89",173,19.4,19,13.028125,2.129375,9,2,1,53
2532,"VF64261",2001,19,"20011SW34","SW34",792,19.2,31,12.425,1.9325,4,1,0,52
2532,"VF64261",2002,20,"20021SW35","SW35",793,20,18,13.04375,2.753125,9,2,0,53
2533,"VF64267",2001,19,"20011B46","B46",136,20.5,37,12.49375,0.5875,8,1,1,52
2534,"VF64269",2001,19,"20011O86","O86",701,18.8,27,14.090625,0.31875,6,1,1,52
2534,"VF64269",2002,20,"20021O70","O70",680,17.9,14,12.315625,1.34625,10,2,1,53
2535,"VF64271",2001,19,"20011CP1","CP1",308,18.2,34,14.090625,0.31875,5,1,1,52
2535,"VF64271",2002,20,"20021CP1","CP1",308,18.2,19,12.940625,2.74375,9,2,1,53
2535,"VF64271",2003,21,"20031CP5A","CP5A",351,18,21,12.7875,2.231875,9,3,1,54
2536,"VF64273",2002,20,"20021P6","P6",726,17.6,13,12.603125,1.711875,8,2,0,53
2536,"VF64273",2005,23,"20051P8","P8",728,18.3,27,13.01875,1.454375,8,5,0,56
2537,"VF64274",2001,19,"20011MP93","MP93",582,19.5,31,13.94375,0.25375,6,1,0,52
2538,"VF64275",2001,19,"20011MP87","MP87",576,19.8,30,13.30625,0.6,6,1,0,52
2538,"VF64275",2002,20,"20021MP20","MP20",504,18.7,8,11.321875,1.22875,11,2,0,53
2538,"VF64275",2003,21,"20031MP20","MP20",504,18.4,20,11.09375,2.651875,9,3,0,54
2539,"VF64289",2001,19,"20011SW16","SW16",773,18.9,36,13.30625,0.6,7,1,0,52
2540,"VF64308",2002,20,"20021B62","B62",148,18.2,10,11.621875,1.1375,8,2,1,53
2541,"VF64318",2001,19,"20011EX12","EX12",361,17.1,42,13.140625,0.6425,7,1,0,52
2542,"VF64355",2003,21,"20031W76","W76",940,18.2,21,13.8875,2.204375,10,2,1,58
2542,"VF64355",2004,22,"20041W76","W76",940,17.8,17,12.565625,0.74375,9,3,1,59
2543,"VF64357",2002,20,"20021O2","O2",620,18.6,9,11.621875,1.1375,5,1,1,57
2544,"VF64361",2002,20,"20021O29","O29",630,18.1,10,11.321875,1.22875,7,1,0,57
2545,"VF64371",2002,20,"20021EX76","EX76",475,18.1,9,10.13125,1.69125,4,1,1,57
2546,"VF64381",2002,20,"20021EX8","EX8",479,19.7,15,12.94375,2.59,10,1,1,57
2547,"VF64396",2002,20,"20021W97","W97",959,19.1,11,11.921875,1.08125,8,1,1,57
2548,"VF64401",2001,19,"20011O34","O34",637,18.5,34,13.95625,0.255625,6,1,0,52
2549,"VF64404",2001,19,"20011EX43D","EX43D",417,18.3,29,14.090625,0.31875,8,1,1,52
2550,"VF64406",2001,19,"20011CP22","CP22",324,17.6,40,13.140625,0.6425,7,1,0,52
2551,"VF64411",2002,20,"20021W31","W31",888,18.7,14,11.921875,1.08125,8,2,1,53
2552,"VF64412",2001,19,"20011SW11","SW11",743,18.4,42,12.49375,0.5875,8,1,0,52
2553,"VF64420",2001,19,"20011EX36","EX36",395,19.5,32,12.41875,1.463125,6,1,1,52
2553,"VF64420",2004,22,"20041EX36","EX36",395,19.5,17,12.640625,0.19875,9,4,1,55
2554,"VF64426",2001,19,"20011EX80","EX80",480,18.9,29,13.94375,0.25375,8,1,1,52
2554,"VF64426",2003,21,"20031EX80","EX80",480,18.7,27,13.425,2.07375,6,3,1,54
2555,"VF64429",2001,19,"20011EX49B","EX49B",428,18.6,39,12.815625,0.593125,7,1,0,52
2556,"VF64440",2001,19,"20011P14","P14",713,18.7,31,14.053125,0.25375,6,1,0,52
2556,"VF64440",2002,20,"20021P4","P4",724,19,7,11.621875,1.1375,11,2,0,53
2556,"VF64440",2003,21,"20031P4","P4",724,18.6,18,11.371875,2.60875,10,3,0,54
2557,"VF64474",2001,19,"20011CP34","CP34",337,17.8,37,13.30625,0.6,9,1,1,52
2558,"VF64475",2001,19,"20011O79","O79",693,17.5,37,12.49375,0.5875,7,1,0,52
2558,"VF64475",2002,20,"20021O79","O79",693,18.5,22,13.04375,2.753125,7,2,0,53
2559,"VF64477",2001,19,"20011EX39B","EX39B",401,18.9,29,13.95625,0.255625,9,1,0,52
2560,"VF64486",2001,19,"20011SW3","SW3",787,17.2,50,12.975,1.940625,6,1,0,52
2560,"VF64486",2002,20,"20021SW6","SW6",821,17,16,13.04375,2.753125,8,2,0,53
2561,"VF64489",2001,19,"20011EX49B","EX49B",428,18.7,39,12.815625,0.593125,7,1,1,52
2562,"VF64491",2002,20,"20021O87","O87",702,17.9,19,12.603125,1.711875,7,2,1,53
2562,"VF64491",2004,22,"20041O86","O86",701,18,13,11.746875,1.91125,8,4,1,55
2563,"VF64494",2001,19,"20011EX66","EX66",462,17.8,44,12.39375,0.844375,4,1,0,52
2564,"VF64498",2001,19,"20011EX62E","EX62E",454,18.4,38,13.653125,0.380625,4,1,0,52
2564,"VF64498",2002,20,"20021EX62E","EX62E",454,18.8,15,12.315625,1.34625,6,2,0,53
2565,"VF64504",2001,19,"20011EX39C","EX39C",402,19.7,32,13.95625,0.369375,7,1,0,52
2566,"VF64506",2001,19,"20011W7","W7",933,17.1,28,13.95625,0.255625,7,1,1,52
2567,"VF64521",2001,19,"20011EX39A","EX39A",400,17.6,36,12.671875,0.57,8,1,0,52
2568,"VF64526",2001,19,"20011W83","W83",947,18.7,27,13.725,0.54,7,1,0,52
2569,"VF64533",2001,19,"20011EX53","EX53",438,18.4,28,13.7125,0.7425,8,1,1,52
2569,"VF64533",2002,20,"20021EX53","EX53",438,18.4,8,12.315625,1.34625,9,2,1,53
2570,"VF64534",2001,19,"20011EX51D","EX51D",436,16.9,44,12.49375,0.5875,6,1,0,52
2571,"VF64535",2001,19,"20011EX4","EX4",403,18,39,12.815625,0.593125,9,1,0,52
2571,"VF64535",2002,20,"20021EX5","EX5",430,18.4,12,12.840625,1.7525,8,2,0,53
2572,"VF64536",2002,20,"20021O20","O20",621,19.4,9,13.028125,2.129375,9,2,1,53
2573,"VF64545",2002,20,"20021W78","W78",942,18.9,8,12.603125,1.711875,11,2,1,53
2574,"VF64547",2001,19,"20011EX89","EX89",486,20.2,25,13.653125,1.086875,6,1,1,52
2575,"VF64549",2001,19,"20011SW109","SW109",741,18,26,13.7125,0.7425,7,1,1,52
2576,"VF64552",2001,19,"20011EX12","EX12",361,18.6,42,13.140625,0.6425,7,1,1,52
2577,"VF64555",2002,20,"20021W3","W3",887,18.6,19,13.15625,2.195625,9,2,0,53
2578,"VF64559",2001,19,"20011W58","W58",918,17.8,26,13.30625,0.6,7,1,0,52
2579,"VF64560",2001,19,"20011EX57","EX57",442,17.6,27,13.653125,1.086875,5,1,0,52
2579,"VF64560",2002,20,"20021EX57","EX57",442,17.7,4,11.321875,1.22875,9,2,0,53
2580,"VF64561",2001,19,"20011W99A","W99A",962,17.7,25,13.7125,0.7425,8,1,1,52
2581,"VF64575",2001,19,"20011EX37","EX37",396,18.7,29,14.0125,0.25125,5,1,1,52
2582,"VF64579",2001,19,"20011EX43B","EX43B",415,18.5,37,13.140625,0.6425,9,1,1,52
2583,"VF64593",2001,19,"20011CP8","CP8",355,19.4,37,14.053125,0.25375,8,1,1,52
2583,"VF64593",2002,20,"20021CP8","CP8",355,19.2,22,12.94375,2.59,9,2,1,53
2583,"VF64593",2003,21,"20031CP7","CP7",354,19.2,25,13.8875,2.204375,8,3,1,54
2584,"VF64595",2001,19,"20011W38","W38",895,17.1,19,13.95625,0.255625,7,1,1,52
2584,"VF64595",2002,20,"20021W39","W39",896,17.3,17,11.921875,1.08125,7,2,1,53
2584,"VF64595",2003,21,"20031W89","W89",951,17.1,20,10.93125,2.7025,10,3,1,54
2585,"VF64600",2001,19,"20011O110","O110",601,18.7,35,12.671875,0.57,10,1,0,52
2586,"VF64602",2002,20,"20021CP43","CP43",349,19.2,20,12.94375,2.59,7,2,0,53
2587,"VF64605",2001,19,"20011EX49A","EX49A",427,18.3,33,13.95625,0.369375,9,1,0,52
2588,"VF64606",2001,19,"20011CP34","CP34",337,18,37,13.30625,0.6,9,1,0,52
2589,"VF64612",2001,19,"20011EX28","EX28",382,19.7,31,13.95625,0.369375,3,1,1,52
2589,"VF64612",2002,20,"20021EX28","EX28",382,19.6,10,13.028125,2.129375,5,2,1,53
2590,"VF64613",2001,19,"20011EX43","EX43",413,20.1,33,12.49375,0.5875,8,1,0,52
2590,"VF64613",2002,20,"20021EX29A","EX29A",384,20.9,11,10.83125,0.9525,10,2,0,53
2591,"VF64614",2001,19,"20011EX39","EX39",399,18.5,36,12.465625,2.046875,6,1,0,52
2592,"VF64615",2001,19,"20011CP8","CP8",355,19,37,14.053125,0.25375,8,1,0,52
2593,"VF64622",2001,19,"20011W42","W42",899,19.4,26,14.053125,0.25375,9,1,0,52
2593,"VF64622",2002,20,"20021W39","W39",896,19.6,17,11.921875,1.08125,7,2,0,53
2593,"VF64622",2003,21,"20031W89","W89",951,19,20,10.93125,2.7025,10,3,0,54
2594,"VF64628",2001,19,"20011SW8","SW8",844,19.1,33,13.30625,0.6,6,1,1,52
2594,"VF64628",2002,20,"20021SW9","SW9",856,18.9,9,11.621875,1.1375,10,2,1,53
2594,"VF64628",2003,21,"20031SW8","SW8",844,18.5,25,12.7875,2.231875,7,3,1,54
2595,"VF64629",2001,19,"20011B188","B188",78,19.5,33,12.815625,0.593125,7,1,0,52
2596,"VF64631",2001,19,"20011W24","W24",881,17.9,34,13.30625,0.6,9,1,0,52
2597,"VF64655",2001,19,"20011CP6","CP6",353,19.5,35,14.090625,0.31875,8,1,1,52
2597,"VF64655",2005,23,"20051CP4","CP4",344,19.2,18,10.171875,1.07625,8,5,1,56
2598,"VF64662",2001,19,"20011CP14","CP14",314,18.3,34,13.95625,0.369375,9,1,0,52
2599,"VF64667",2001,19,"20011W98","W98",960,16.7,30,13.95625,0.369375,8,1,0,52
2599,"VF64667",2002,20,"20021W94","W94",956,17.6,14,12.315625,1.34625,8,2,0,53
2600,"VF64676",2001,19,"20011CP9","CP9",356,19,36,12.671875,0.57,7,1,0,52
2600,"VF64676",2002,20,"20021CP8","CP8",355,18.9,22,12.94375,2.59,9,2,0,53
2601,"VF64680",2001,19,"20011W27","W27",884,19.8,28,14.090625,0.31875,7,1,0,52
2601,"VF64680",2002,20,"20021W31","W31",888,19.5,14,11.921875,1.08125,8,2,0,53
2602,"VF64689",2001,19,"20011O96","O96",707,17,29,14.0125,0.25125,8,1,0,52
2603,"VF64699",2001,19,"20011EX53","EX53",438,18.6,28,13.7125,0.7425,8,1,0,52
2604,"VF64700",2001,19,"20011CP22","CP22",324,18.8,40,13.140625,0.6425,7,1,1,52
2604,"VF64700",2003,21,"20031CP33","CP33",336,18.1,20,10.93125,2.7025,6,3,1,54
2605,"VF64710",2001,19,"20011EX27","EX27",381,19.2,36,12.815625,0.593125,8,1,0,52
2606,"VF64713",2001,19,"20011CP13","CP13",313,18.9,37,12.41875,1.463125,9,1,1,52
2607,"VF64722",2002,20,"20021EX45","EX45",420,17.8,9,11.621875,1.1375,6,1,0,57
2608,"VF64724",2002,20,"20021W21","W21",878,18.9,14,12.315625,1.34625,2,1,0,57
2609,"VF64727",2002,20,"20021EX54","EX54",439,19.6,9,10.13125,1.69125,6,1,0,57
2610,"VF64728",2002,20,"20021W81","W81",946,19.4,17,12.840625,1.7525,9,1,1,57
2610,"VF64728",2003,21,"20031W65","W65",928,19.9,20,11.784375,2.52625,9,2,1,58
2610,"VF64728",2004,22,"20041W81","W81",946,20,18,12.6125,0.145,9,3,1,59
2611,"VF64729",2002,20,"20021SW108","SW108",740,19.1,13,12.840625,1.7525,7,1,0,57
2612,"VF64733",2002,20,"20021SW29","SW29",786,18.3,7,10.434375,1.208125,9,1,0,57
2613,"VF64737",2002,20,"20021W102","W102",862,19.4,18,13.20625,2.585,9,1,1,57
2613,"VF64737",2003,21,"20031W102","W102",862,19,23,12.7875,2.231875,8,2,1,58
2613,"VF64737",2004,22,"20041W103","W103",863,19.5,18,12.7375,0.158125,9,3,1,59
2614,"VF64738",2002,20,"20021EX25","EX25",379,19.4,25,12.840625,1.7525,3,1,1,57
2614,"VF64738",2004,22,"20041EX28","EX28",382,18.5,19,12.575,0.743125,8,3,1,59
2615,"VF64743",2002,20,"20021W58","W58",918,19.5,19,13.15625,2.195625,6,1,1,57
2615,"VF64743",2003,21,"20031W58","W58",918,18.4,25,11.784375,2.52625,6,2,1,58
2616,"VF64749",2002,20,"20021O87","O87",702,19,19,12.603125,1.711875,7,1,0,57
2617,"VF64752",2004,22,"20041EX51C","EX51C",435,18.4,13,12.415625,0.91875,9,3,0,59
2618,"VF64753",2004,22,"20041W2","W2",876,18.8,21,12.678125,0.174375,9,3,1,59
2619,"VF64760",2002,20,"20021EX92","EX92",491,17.7,18,12.603125,1.711875,8,1,1,57
2620,"VF64765",2002,20,"20021EX41C","EX41C",408,18.2,16,12.721875,2.2375,8,1,1,57
2621,"VF64768",2002,20,"20021EX25","EX25",379,18.4,25,12.840625,1.7525,3,1,0,57
2622,"VF64772",2002,20,"20021W64","W64",925,18,7,11.321875,1.22875,10,1,1,57
2622,"VF64772",2003,21,"20031W63","W63",924,18.8,22,11.371875,2.60875,7,2,1,58
2623,"VF64776",2002,20,"20021CP43","CP43",349,18.3,20,12.94375,2.59,7,1,1,57
2624,"VF64789",2002,20,"20021CP31","CP31",334,18.8,22,12.83125,2.19375,7,1,0,57
2625,"VF64795",2002,20,"20021EX59","EX59",444,19.2,17,12.996875,2.281875,10,1,1,57
2626,"VF64802",2004,22,"20041EX47A","EX47A",423,20,20,12.640625,0.145,9,1,0,66
2627,"VF64809",2004,22,"20041O36","O36",639,16.7,22,12.859375,0.285,8,1,0,66
2627,"VF64809",2005,23,"20051O36","O36",639,18.9,12,9.134375,1.093125,8,2,0,67
2628,"VF64811",2004,22,"20041EX51D","EX51D",436,19.2,15,12.415625,0.91875,8,1,0,66
2628,"VF64811",2005,23,"20051CP20","CP20",322,18.6,31,13.61875,1.41625,9,2,0,67
2629,"VF64824",2005,23,"20051CP27","CP27",329,20,30,13.01875,1.454375,2,2,0,67
2630,"VF64825",2004,22,"20041EX65","EX65",461,19.3,20,12.7375,0.158125,8,1,1,66
2631,"VF64839",2004,22,"20041EX49B","EX49B",428,17.8,14,12.0875,1.1375,8,1,0,66
2631,"VF64839",2005,23,"20051EX49B","EX49B",428,19.9,24,11.51875,1.07,4,2,0,67
2631,"VF64839",2006,24,"20061EX49B","EX49B",428,18.5,20,12.3875,3.73,8,3,0,68
2632,"VF64845",2004,22,"20041EX38A","EX38A",398,18.8,17,12.640625,0.19875,8,1,0,66
2633,"VF64874",2005,23,"20051W66","W66",929,18.4,21,12.165625,1.31,9,2,1,67
2633,"VF64874",2006,24,"20061W80","W80",945,16.7,28,11.475,3.008125,9,3,1,68
2634,"VF64885",2004,22,"20041O2","O2",620,17,22,12.859375,0.285,9,1,1,66
2635,"VF64919",2001,19,"20011B92","B92",176,21.2,33,13.653125,0.380625,6,1,1,52
2636,"VF64921",2001,19,"20011SW64","SW64",827,19.4,40,13.30625,0.6,8,1,0,52
2637,"VF64943",2002,20,"20021B30","B30",123,18.7,8,10.83125,0.9525,8,2,0,53
2638,"VH21716",2004,22,"20041CP8","CP8",355,17.9,25,12.859375,0.285,7,1,0,66
2639,"VH21717",2004,22,"20041EX62I","EX62I",458,19.1,15,12.565625,0.74375,7,1,0,66
2640,"VH21778",2004,22,"20041EX80","EX80",480,18.1,17,12.765625,0.105,11,1,0,66
2641,"VH82901",1994,12,"19941O38A","O38A",642,17.9,25,10.0625,1.4075,8,1,1,21
2641,"VH82901",1995,13,"19951O38A","O38A",642,17.8,24,11.503125,2.2425,7,2,1,22
2642,"VH82906",1994,12,"19941EX74","EX74",472,17.8,30,11.040625,1.78125,8,1,0,21
2642,"VH82906",1995,13,"19951EX73","EX73",470,19.2,17,9.11875,1.23875,9,2,0,22
2642,"VH82906",1996,14,"19961EX73A","EX73A",471,18.9,26,11.0125,1.49375,5,3,0,23
2643,"VH82919",1995,13,"19951O84","O84",699,20.5,19,9.309375,1.3275,7,2,0,22
2644,"VH82956",1994,12,"19941C61A","C61A",301,17.1,26,9.7875,1.458125,6,1,0,21
2645,"VH82989",1994,12,"19941O75","O75",685,19.3,28,10.4625,1.54875,9,1,0,21
2646,"VH83000",1994,12,"19941O114","O114",605,19.7,26,9.790625,1.375625,8,1,1,21
2647,"VH99146",1994,12,"19941O75C","O75C",688,18.6,26,9.7875,1.458125,8,1,0,21
2648,"VH99149",1998,16,"19981C109","C109",193,19.3,24,13.875,0.44375,6,5,1,25
2649,"VH99150",1994,12,"19941C19","C19",252,18.4,23,10.334375,2.136875,8,1,1,21
2650,"VH99151",1994,12,"19941O75A","O75A",686,18.8,23,10.04375,2.136875,10,1,1,21
2651,"VH99156",1994,12,"19941C161","C161",247,18.8,25,9.790625,1.375625,7,1,1,21
2652,"VH99167",1994,12,"19941C45","C45",284,18.3,36,10.925,1.94625,5,1,1,21
2652,"VH99167",1997,15,"19971C150","C150",234,19.4,10,10.703125,2.984375,8,4,1,24
2653,"VH99168",1994,12,"19941C110","C110",195,19.3,28,10.4625,1.54875,8,1,0,21
2653,"VH99168",1995,13,"19951C10","C10",184,20.4,16,9.309375,1.3275,9,2,0,22
2653,"VH99168",1996,14,"19961C162","C162",248,18.8,34,13.646875,1.1,7,3,0,23
2653,"VH99168",1997,15,"19971C10","C10",184,19.1,9,10.796875,2.91,7,4,0,24
2654,"VH99181",1994,12,"19941C51","C51",290,16.9,25,9.7875,1.458125,7,1,0,21
2654,"VH99181",1995,13,"19951C150","C150",234,18,16,9.459375,1.340625,8,2,0,22
2655,"VH99244",1994,12,"19941O51","O51",658,17.8,27,10.4625,1.54875,9,1,0,21
2656,"VH99245",1994,12,"19941O94","O94",705,19.1,32,11.778125,0.9575,8,1,1,21
2656,"VH99245",1995,13,"19951O93","O93",704,20,17,10.221875,1.7025,7,2,1,22
2657,"VH99251",1994,12,"19941O75A","O75A",686,18.5,23,10.04375,2.136875,10,1,0,21
2658,"VH99272",1994,12,"19941C27","C27",263,18.9,31,11.53125,0.98875,11,1,1,21
2659,"VH99278",1995,13,"19951C58","C58",297,19.2,17,9.11875,1.23875,7,1,1,26
2660,"VH99367",1994,12,"19941MP73","MP73",561,18.3,28,11.040625,1.78125,8,1,1,21
2660,"VH99367",1995,13,"19951MP73","MP73",561,18.6,14,9.746875,1.264375,9,2,1,22
2660,"VH99367",1997,15,"19971MP71","MP71",559,19,3,10.734375,3.010625,9,4,1,24
2661,"VH99371",1994,12,"19941MP88","MP88",577,17.7,28,10.925,1.94625,9,1,1,21
2662,"VH99375",1997,15,"19971MP62","MP62",549,18.4,1,10.503125,2.70625,8,4,0,24
2663,"VH99376",1994,12,"19941MP47","MP47",532,17.4,24,10.4625,1.54875,8,1,0,21
2663,"VH99376",1995,13,"19951MP31","MP31",515,18.5,13,9.16875,1.264375,10,2,0,22
2664,"VH99385",1994,12,"19941C140","C140",224,16.9,22,10.921875,2.16875,7,1,0,21
2665,"VH99388",1994,12,"19941B88","B88",172,17.4,31,10.0625,1.4075,4,1,0,21
2666,"VH99401",1998,16,"19981B229","B229",116,18.3,27,13.41875,0.49375,7,1,0,40
2666,"VH99401",1999,17,"19991MP2","MP2",503,19.1,28,13.2125,1.54875,7,2,0,41
2667,"VH99402",1998,16,"19981B218","B218",106,18.7,27,13.41875,0.49375,8,1,1,40
2668,"VH99410",1998,16,"19981B76","B76",161,17.5,24,13.875,0.44375,6,1,0,40
2669,"VH99413",1999,17,"19991MP53","MP53",539,18.5,7,12.55,1.864375,12,2,0,41
2670,"VH99414",1998,16,"19981MP34A","MP34A",519,18.5,26,13.875,0.44375,6,1,1,40
2671,"VH99420",1998,16,"19981MP23","MP23",507,17.6,11,14.33125,0.435625,7,1,1,40
2671,"VH99420",1999,17,"19991MP27","MP27",511,18.9,10,12.69375,1.89875,10,2,1,41
2672,"VH99423",1998,16,"19981MP21","MP21",505,18.1,25,13.41875,0.49375,8,1,0,40
2673,"VH99441",1998,16,"19981MP68","MP68",555,18.4,21,14.003125,0.333125,8,1,1,40
2673,"VH99441",2000,18,"20001MP68","MP68",555,19,18,12.71875,2.445625,7,3,1,42
2673,"VH99441",2001,19,"20011MP58","MP58",544,21.5,29,14.0125,0.25125,5,4,1,43
2674,"VH99446",1998,16,"19981B206","B206",95,19.5,24,13.80625,0.44375,8,1,1,40
2674,"VH99446",1999,17,"19991B206","B206",95,20.5,31,13.60625,2.39,7,2,1,41
2675,"VH99449",1999,17,"19991MP40","MP40",525,19.7,13,12.89375,1.221875,6,2,0,41
2676,"VH99459",1998,16,"19981P5","P5",725,17.8,28,13.29375,1.0725,7,1,0,40
2677,"VH99475",1998,16,"19981MP61","MP61",548,18.2,13,14.125,0.495,7,1,1,40
2677,"VH99475",1999,17,"19991MP62","MP62",549,18,28,13.2125,1.54875,7,2,1,41
2677,"VH99475",2000,18,"20001MP61","MP61",548,18.6,12,13.409375,0.720625,9,3,1,42
2678,"VH99579",2006,24,"20061SW44","SW44",803,17,26,11.65625,3.61125,6,2,1,70
2679,"VH99580",2005,23,"20051EX47","EX47",422,17.9,34,13.5875,1.255625,8,1,0,69
2680,"VH99584",2005,23,"20051O56","O56",663,16.9,20,12.165625,1.31,11,1,0,69
2680,"VH99584",2006,24,"20061O17","O17",617,18.5,25,11.475,3.220625,11,2,0,70
2681,"VH99588",2005,23,"20051EX41C","EX41C",408,19.1,34,13.865625,1.13,8,1,0,69
2682,"VH99600",2005,23,"20051MP20","MP20",504,18,21,11.51875,1.07,6,1,0,69
2682,"VH99600",2006,24,"20061MP20","MP20",504,17.7,17,12.815625,3.53875,8,2,0,70
2682,"VH99600",2007,25,"20071MP21","MP21",505,18.5,14,12.046875,4.174375,7,3,0,71
2683,"VH99601",1995,13,"19951EX20","EX20",376,19.4,12,9.746875,1.264375,9,2,1,22
2683,"VH99601",1996,14,"19961W75A","W75A",939,19.6,33,13.609375,1.23125,8,3,1,23
2683,"VH99601",1998,16,"19981W75A","W75A",939,20,24,13.41875,0.49375,6,5,1,25
2684,"VH99604",1994,12,"19941W101","W101",861,18.5,23,10.603125,2.1875,6,1,0,21
2684,"VH99604",1995,13,"19951W102","W102",862,18.9,16,9.459375,1.340625,8,2,0,22
2684,"VH99604",1996,14,"19961W101","W101",861,20.2,26,10.621875,1.5375,7,3,0,23
2684,"VH99604",1998,16,"19981W102","W102",862,19,10,13.678125,0.45125,10,5,0,25
2685,"VH99611",1994,12,"19941EX21","EX21",377,19.6,31,10.925,1.94625,7,1,1,21
2686,"VH99614",1994,12,"19941EX5A","EX5A",445,19.4,26,10.0625,1.4075,9,1,0,21
2686,"VH99614",1995,13,"19951EX5A","EX5A",445,18.8,18,9.70625,1.423125,7,2,0,22
2687,"VH99638",1994,12,"19941EX62G","EX62G",456,18.5,29,10.925,1.94625,9,1,1,21
2688,"VH99647",1994,12,"19941CP5","CP5",350,19.3,33,11.53125,0.98875,8,1,1,21
2689,"VH99653",1994,12,"19941EX54","EX54",439,19.4,33,11.33125,1.00125,8,1,1,21
2690,"VH99656",1994,12,"19941EX92","EX92",491,18,30,11.040625,1.78125,9,1,1,21
2691,"VH99701",1994,12,"19941EX64","EX64",460,18.5,35,11.778125,0.9575,8,1,1,21
2692,"VH99702",1994,12,"19941W45","W45",902,18.4,29,11.040625,1.78125,7,1,1,21
2693,"VH99707",1994,12,"19941W103A","W103A",864,19.1,24,9.7875,1.458125,6,1,1,21
2694,"VH99708",1994,12,"19941W96","W96",958,17.9,29,10.759375,1.791875,7,1,1,21
2695,"VH99723",1994,12,"19941EX29A","EX29A",384,18,27,10.759375,1.791875,9,1,0,21
2696,"VH99746",1994,12,"19941EX29A","EX29A",384,18.4,27,10.759375,1.791875,9,1,1,21
2696,"VH99746",1995,13,"19951EX29A","EX29A",384,19.4,16,9.11875,1.23875,9,2,1,22
2696,"VH99746",1996,14,"19961EX29A","EX29A",384,18.9,20,9.434375,1.41875,10,3,1,23
2697,"VH99749",1994,12,"19941CP29","CP29",331,18,34,11.53125,0.98875,8,1,0,21
2698,"VH99755",1995,13,"19951CP43","CP43",349,20,12,10.475,1.258125,5,2,1,22
2698,"VH99755",1996,14,"19961CP43","CP43",349,21.3,24,10.621875,1.5375,7,3,1,23
2698,"VH99755",1997,15,"19971CP43","CP43",349,20,9,10.503125,2.70625,7,4,1,24
2699,"VH99762",1994,12,"19941W69","W69",932,18,23,10.4625,1.54875,8,1,0,21
2700,"VH99767",1995,13,"19951O67","O67",676,20.3,17,9.70625,1.423125,8,2,1,22
2701,"VH99789",1995,13,"19951W64B","W64B",927,18.6,16,9.309375,1.3275,7,2,0,22
2702,"VH99791",1995,13,"19951EX43B","EX43B",415,19.9,12,9.746875,1.264375,10,2,0,22
2703,"VH99984",1994,12,"19941EX51A","EX51A",433,17.7,30,11.040625,1.78125,8,1,0,21
2703,"VH99984",1995,13,"19951CP22","CP22",324,17.6,15,9.396875,1.264375,9,2,0,22
2703,"VH99984",1996,14,"19961EX49A","EX49A",427,17.2,25,14.225,1.2125,12,3,0,23
2704,"VH99992",1994,12,"19941EX9","EX9",488,18.5,26,10.0625,1.4075,9,1,0,21
2705,"VJ58611",1994,12,"19941EX62G","EX62G",456,18.5,29,10.925,1.94625,9,1,0,21
2705,"VJ58611",1995,13,"19951EX62G","EX62G",456,19,14,9.16875,1.264375,8,2,0,22
2705,"VJ58611",1996,14,"19961EX62G","EX62G",456,19.8,29,12.45625,1.225,8,3,0,23
2706,"VJ58617",1994,12,"19941B141","B141",38,18.7,28,10.0625,1.4075,8,1,0,21
2706,"VJ58617",1995,13,"19951O109","O109",599,18.5,26,11.503125,2.2425,8,2,0,22
2706,"VJ58617",1996,14,"19961O111","O111",602,19,32,13.46875,1.69375,8,3,0,23
2706,"VJ58617",1997,15,"19971O111","O111",602,18.4,18,11.078125,1.55375,10,4,0,24
2707,"VJ58626",1994,12,"19941EX80","EX80",480,18,28,10.759375,1.791875,7,1,1,21
2708,"VJ58648",1995,13,"19951W37","W37",894,19,25,11.7875,2.229375,10,2,1,22
2708,"VJ58648",1996,14,"19961W49","W49",905,18.5,49,15.325,0.95,7,3,1,23
2709,"VJ58655",1994,12,"19941EX43C","EX43C",416,20.5,31,11.53125,0.98875,10,1,0,21
2710,"VJ58669",1995,13,"19951W27","W27",884,17.3,22,10.778125,1.785,8,2,1,22
2711,"VJ58670",1994,12,"19941W15","W15",871,18.7,33,11.040625,1.78125,7,1,1,21
2711,"VJ58670",1995,13,"19951W17","W17",873,19.7,23,10.778125,1.785,9,2,1,22
2712,"VJ58686",1994,12,"19941W68","W68",931,19.1,29,10.4625,1.54875,5,1,0,21
2712,"VJ58686",1995,13,"19951W68","W68",931,19.9,23,11.503125,2.2425,7,2,0,22
2712,"VJ58686",1996,14,"19961W68","W68",931,20,27,11.0125,1.49375,8,3,0,23
2713,"VJ58692",1995,13,"19951EX49C","EX49C",429,20.4,13,9.746875,1.264375,9,2,1,22
2713,"VJ58692",1996,14,"19961EX49C","EX49C",429,20.1,31,13.609375,1.23125,5,3,1,23
2714,"VJ58696",1994,12,"19941EX18A","EX18A",372,18.9,32,11.33125,1.00125,9,1,0,21
2714,"VJ58696",1995,13,"19951EX18A","EX18A",372,18.7,15,9.309375,1.3275,10,2,0,22
2715,"VJ58700",1995,13,"19951CP14","CP14",314,18.8,16,9.459375,1.340625,10,2,1,22
2716,"VJ58705",1994,12,"19941B24","B24",118,17,27,10.4625,1.54875,9,1,0,21
2717,"VJ58714",1994,12,"19941O75","O75",685,17.8,28,10.4625,1.54875,9,1,1,21
2717,"VJ58714",1995,13,"19951O75","O75",685,17.5,24,11.159375,1.8675,8,2,1,22
2718,"VJ58720",1994,12,"19941W65","W65",928,20.2,44,12.803125,0.9325,7,1,1,21
2718,"VJ58720",1995,13,"19951W79","W79",943,20.8,20,11.503125,2.2425,8,2,1,22
2718,"VJ58720",1996,14,"19961W81","W81",946,20,27,12.9875,1.16875,7,3,1,23
2718,"VJ58720",1997,15,"19971W64A","W64A",926,20.1,10,11.1875,1.503125,7,4,1,24
2718,"VJ58720",1998,16,"19981W81","W81",946,20.9,22,13.41875,0.49375,7,5,1,25
2719,"VJ58725",1994,12,"19941EX45","EX45",420,18.1,27,11.33125,1.00125,11,1,1,21
2719,"VJ58725",1995,13,"19951EX45","EX45",420,18.5,11,9.11875,1.23875,12,2,1,22
2720,"VJ58738",1994,12,"19941W4B","W4B",907,19,32,11.53125,0.98875,9,1,1,21
2721,"VJ58739",1994,12,"19941EX21","EX21",377,19.5,31,10.925,1.94625,7,1,0,21
2722,"VJ58744",1994,12,"19941EX43B","EX43B",415,18.8,27,10.759375,1.791875,10,1,0,21
2723,"VJ58746",1997,15,"19971EX59","EX59",444,19.1,12,10.703125,2.466875,8,4,1,24
2724,"VJ58747",1994,12,"19941CP5B","CP5B",352,18.8,30,10.759375,1.791875,6,1,1,21
2725,"VJ58758",1994,12,"19941SW25","SW25",782,18.8,34,11.64375,1.04,6,1,1,21
2726,"VJ58761",1994,12,"19941EX43C","EX43C",416,19.5,31,11.53125,0.98875,10,1,1,21
2726,"VJ58761",1995,13,"19951EX43","EX43",413,19.5,18,9.309375,1.3275,8,2,1,22
2727,"VJ58783",1994,12,"19941SW16","SW16",773,17.9,33,11.53125,0.98875,8,1,1,21
2728,"VJ58785",1994,12,"19941SW9","SW9",856,17.6,29,11.040625,1.78125,9,1,1,21
2729,"VJ58787",1995,13,"19951C51","C51",290,18.2,16,9.11875,1.23875,8,2,0,22
2730,"VJ58795",1994,12,"19941O46","O46",652,18.2,25,9.790625,1.375625,8,1,1,21
2731,"VJ58796",1994,12,"19941EX79","EX79",478,19.2,28,10.4625,1.54875,9,1,1,21
2731,"VJ58796",1995,13,"19951EX71","EX71",468,19,14,9.16875,1.264375,10,2,1,22
2732,"VJ58797",1994,12,"19941EX8A","EX8A",487,19.1,25,10.4625,1.54875,11,1,1,21
2732,"VJ58797",1995,13,"19951EX7","EX7",466,20.1,13,9.746875,1.264375,8,2,1,22
2733,"VJ58800",1995,13,"19951CP33","CP33",336,19.1,12,10.096875,1.264375,9,2,1,22
2734,"VJ58808",1994,12,"19941EX67","EX67",463,17.7,28,10.759375,1.791875,8,1,0,21
2735,"VJ58813",1995,13,"19951W64A","W64A",926,19,25,11.503125,2.2425,7,2,1,22
2735,"VJ58813",1997,15,"19971W85","W85",949,18.8,12,10.603125,3.4225,8,4,1,24
2736,"VJ58819",1994,12,"19941W89","W89",951,18.9,33,11.040625,1.78125,9,1,1,21
2737,"VJ58823",1994,12,"19941CP14","CP14",314,19.1,26,10.759375,1.791875,11,1,0,21
2737,"VJ58823",1995,13,"19951CP14","CP14",314,18.8,16,9.459375,1.340625,10,2,0,22
2738,"VJ58845",1994,12,"19941W78","W78",942,20.1,31,11.040625,1.78125,7,1,1,21
2739,"VJ58858",1994,12,"19941W52","W52",912,17.9,27,10.4625,1.54875,9,1,1,21
2739,"VJ58858",1995,13,"19951W67","W67",930,18,22,11.159375,1.8675,7,2,1,22
2739,"VJ58858",1996,14,"19961W73","W73",936,18.6,21,9.81875,1.5375,9,3,1,23
2740,"VJ58869",1994,12,"19941W23","W23",880,18.6,30,10.759375,1.791875,8,1,1,21
2741,"VJ58887",1995,13,"19951O1","O1",588,17.9,21,11.159375,1.8675,8,2,0,22
2741,"VJ58887",1996,14,"19961O18","O18",618,19.5,24,11.0125,1.49375,7,3,0,23
2742,"VJ58902",1994,12,"19941EX44","EX44",419,19.3,26,10.925,1.94625,6,1,0,21
2742,"VJ58902",1995,13,"19951EX39B","EX39B",401,18.9,11,9.746875,1.264375,11,2,0,22
2743,"VJ58907",1994,12,"19941W55","W55",915,19,28,9.7875,1.458125,7,1,1,21
2744,"VJ58913",1994,12,"19941EX4","EX4",403,19,31,11.040625,1.78125,7,1,0,21
2745,"VJ58924",1994,12,"19941EX22","EX22",378,18.9,26,9.7875,1.458125,7,1,1,21
2746,"VJ58948",1994,12,"19941EX44","EX44",419,17.6,26,10.925,1.94625,6,1,1,21
2747,"VJ58955",1995,13,"19951O48","O48",654,19.5,16,9.309375,1.3275,7,2,1,22
2748,"VJ58957",1994,12,"19941P1","P1",708,18.5,28,10.0625,1.4075,9,1,0,21
2749,"VJ58988",1994,12,"19941SW50","SW50",811,17.8,30,11.33125,1.00125,10,1,0,21
2749,"VJ58988",1995,13,"19951SW59","SW59",820,18.7,42,12.103125,1.081875,7,2,0,22
2749,"VJ58988",1996,14,"19961SW54","SW54",815,20,31,12.9875,1.16875,7,3,0,23
2750,"VJ58989",1994,12,"19941CP5B","CP5B",352,17.9,30,10.759375,1.791875,6,1,0,21
2751,"VJ59001",1994,12,"19941B207","B207",96,18,28,10.0625,1.4075,6,1,1,21
2752,"VJ59012",1994,12,"19941SW64","SW64",827,17.8,28,10.925,1.94625,10,1,0,21
2752,"VJ59012",1995,13,"19951SW70","SW70",834,18,12,9.309375,1.3275,12,2,0,22
2753,"VJ59017",1994,12,"19941SW27","SW27",784,17.9,29,10.925,1.94625,9,1,1,21
2753,"VJ59017",1995,13,"19951SW26","SW26",783,18.9,12,9.16875,1.264375,10,2,1,22
2754,"VJ59073",1994,12,"19941B11","B11",12,17.3,28,10.0625,1.4075,8,1,0,21
2755,"VJ59077",1994,12,"19941EX68","EX68",464,17.5,28,10.759375,1.791875,8,1,0,21
2756,"VJ59084",1994,12,"19941SW27","SW27",784,17.8,29,10.925,1.94625,9,1,0,21
2757,"VJ59100",1994,12,"19941EX57","EX57",442,19.5,29,10.759375,1.791875,8,1,1,21
2758,"VJ59101",1994,12,"19941B139","B139",35,17.7,33,11.33125,1.00125,7,1,1,21
2759,"VJ59114",1994,12,"19941MP81","MP81",570,18.5,19,10.971875,2.1625,9,1,1,21
2759,"VJ59114",1995,13,"19951MP31","MP31",515,18.8,13,9.16875,1.264375,10,2,1,22
2759,"VJ59114",1997,15,"19971MP79","MP79",567,19.3,6,10.66875,2.874375,9,4,1,24
2759,"VJ59114",1998,16,"19981MP80","MP80",569,18.8,26,13.29375,1.0725,9,5,1,25
2760,"VJ59115",1994,12,"19941MP47","MP47",532,18.8,24,10.4625,1.54875,8,1,1,21
2760,"VJ59115",1995,13,"19951MP47","MP47",532,19.9,12,10.096875,1.264375,8,2,1,22
2760,"VJ59115",1996,14,"19961MP41","MP41",526,19.2,27,12.0375,1.2375,9,3,1,23
2760,"VJ59115",1997,15,"19971MP47","MP47",532,19.3,7,10.503125,2.488125,12,4,1,24
2761,"VJ59119",1994,12,"19941B139","B139",35,17.3,33,11.33125,1.00125,7,1,0,21
2762,"VJ59125",1994,12,"19941P15","P15",714,19.3,29,10.925,1.94625,10,1,1,21
2763,"VJ59131",1994,12,"19941EX14B","EX14B",367,18.2,29,10.759375,1.791875,8,1,0,21
2764,"VJ59134",1994,12,"19941SW51","SW51",812,17.2,38,12.2,0.9325,8,1,1,21
2765,"VJ59139",1994,12,"19941B48","B48",137,19.2,23,10.334375,2.136875,7,1,0,21
2766,"VJ59147",1994,12,"19941C28","C28",264,18.4,27,9.790625,1.375625,7,1,0,21
2767,"VJ59150",1994,12,"19941W38","W38",895,19.9,26,10.0625,1.4075,8,1,0,21
2768,"VJ59151",1994,12,"19941W65","W65",928,18.4,44,12.803125,0.9325,7,1,0,21
2768,"VJ59151",1995,13,"19951W65","W65",928,18.6,31,12.809375,1.588125,7,2,0,22
2768,"VJ59151",1997,15,"19971W85","W85",949,19.1,12,10.603125,3.4225,8,4,0,24
2769,"VJ59153",1994,12,"19941EX54","EX54",439,19.5,33,11.33125,1.00125,8,1,0,21
2769,"VJ59153",1995,13,"19951CP35","CP35",338,19.6,12,9.396875,1.264375,9,2,0,22
2769,"VJ59153",1996,14,"19961EX51C","EX51C",435,19.1,36,14.225,1.2125,4,3,0,23
2769,"VJ59153",1997,15,"19971EX51D","EX51D",436,19.5,16,11.078125,1.55375,7,4,0,24
2770,"VJ59162",1994,12,"19941B89","B89",173,18.8,31,11.628125,1.014375,6,1,1,21
2771,"VJ59164",1995,13,"19951EX62I","EX62I",458,19.8,17,9.11875,1.23875,10,2,0,22
2772,"VJ59167",1994,12,"19941MP41","MP41",526,17,25,10.04375,2.136875,8,1,0,21
2773,"VJ59170",1994,12,"19941MP83","MP83",572,19,21,10.334375,2.136875,9,1,1,21
2774,"VJ59172",1994,12,"19941B13","B13",29,18.7,30,10.759375,1.791875,8,1,0,21
2775,"VJ59175",1994,12,"19941SW14","SW14",771,18.8,32,11.040625,1.78125,8,1,0,21
2776,"VJ59176",1994,12,"19941W63","W63",924,18.5,31,11.040625,1.78125,9,1,0,21
2777,"VJ59196",1994,12,"19941MP3","MP3",513,18.2,27,9.7875,1.458125,8,1,0,21
2777,"VJ59196",1996,14,"19961MP1","MP1",492,18,30,12.0375,1.2375,10,3,0,23
2777,"VJ59196",1997,15,"19971MP6","MP6",546,18.7,13,10.603125,3.4225,8,4,0,24
2778,"VJ59200",1994,12,"19941O85","O85",700,19.8,31,11.040625,1.78125,9,1,1,21
2778,"VJ59200",1995,13,"19951O85","O85",700,19.5,22,11.159375,1.8675,9,2,1,22
2778,"VJ59200",1996,14,"19961O85","O85",700,20.3,30,11.346875,1.5625,6,3,1,23
2779,"VJ59204",1995,13,"19951EX77","EX77",476,19.2,18,9.70625,1.423125,9,2,0,22
2779,"VJ59204",1996,14,"19961EX85","EX85",483,18.9,33,14.225,1.2125,7,3,0,23
2779,"VJ59204",1998,16,"19981EX77","EX77",476,19.1,34,13.059375,2.939375,8,5,0,25
2780,"VJ59205",1994,12,"19941B189","B189",79,19.8,26,10.04375,2.136875,7,1,0,21
2781,"VJ59217",1994,12,"19941P15","P15",714,18.7,29,10.925,1.94625,10,1,0,21
2782,"VJ59220",1994,12,"19941B52","B52",141,19.6,23,10.04375,2.136875,10,1,1,21
2782,"VJ59220",1995,13,"19951B54","B54",143,20.8,14,9.309375,1.3275,9,2,1,22
2782,"VJ59220",1996,14,"19961B54","B54",143,20.3,25,10.31875,1.5375,7,3,1,23
2783,"VJ59222",1994,12,"19941MP11","MP11",494,19.2,24,10.334375,2.136875,8,1,0,21
2784,"VJ59231",1995,13,"19951MP86","MP86",575,18,14,9.11875,1.23875,7,2,0,22
2785,"VJ59235",1994,12,"19941EX47A","EX47A",423,18.3,31,11.040625,1.78125,8,1,0,21
2785,"VJ59235",1995,13,"19951EX49C","EX49C",429,18.4,13,9.746875,1.264375,9,2,0,22
2785,"VJ59235",1996,14,"19961EX49C","EX49C",429,18.2,31,13.609375,1.23125,5,3,0,23
2786,"VJ59244",1994,12,"19941P9","P9",729,18.7,29,10.925,1.94625,11,1,1,21
2787,"VJ59248",1995,13,"19951P6","P6",726,19.6,15,9.309375,1.3275,10,2,0,22
2787,"VJ59248",1996,14,"19961P7","P7",727,20.2,26,11.0125,1.49375,7,3,0,23
2788,"VJ59251",1994,12,"19941P12","P12",711,18.4,24,9.7875,1.458125,11,1,0,21
2789,"VJ59253",1995,13,"19951B223","B223",111,17.9,47,12.35625,1.094375,6,2,0,22
2789,"VJ59253",1996,14,"19961B43","B43",134,19,27,11.346875,1.5625,8,3,0,23
2789,"VJ59253",1997,15,"19971B38","B38",130,18.9,8,10.503125,2.70625,10,4,0,24
2790,"VJ59254",1994,12,"19941P6","P6",726,20.7,25,10.04375,2.136875,8,1,1,21
2791,"VJ59257",1994,12,"19941MP59","MP59",545,19,26,10.04375,2.136875,7,1,1,21
2792,"VJ59293",1994,12,"19941B171","B171",66,19.5,29,11.33125,1.00125,8,1,1,21
2793,"VJ59294",1994,12,"19941B225","B225",112,20.4,31,10.925,1.94625,8,1,1,21
2794,"VJ59296",1994,12,"19941SW61","SW61",823,17.7,30,11.040625,1.78125,9,1,0,21
2795,"VJ59308",1994,12,"19941MP69","MP69",556,19.6,19,10.334375,2.136875,9,1,0,21
2796,"VJ59321",1995,13,"19951EX25","EX25",379,19.4,13,9.16875,1.264375,7,2,0,22
2796,"VJ59321",1996,14,"19961EX25","EX25",379,20,24,9.81875,1.5375,5,3,0,23
2796,"VJ59321",1997,15,"19971EX25","EX25",379,18.9,6,10.4625,2.768125,10,4,0,24
2796,"VJ59321",1998,16,"19981EX25","EX25",379,19.1,24,13.41875,0.49375,10,5,0,25
2797,"VJ59323",1994,12,"19941P12","P12",711,19.5,24,9.7875,1.458125,11,1,1,21
2798,"VJ59348",1994,12,"19941SW36","SW36",794,18.8,25,9.790625,1.375625,10,1,0,21
2798,"VJ59348",1995,13,"19951SW36","SW36",794,19.6,16,9.459375,1.340625,10,2,0,22
2798,"VJ59348",1996,14,"19961SW36","SW36",794,21.9,26,11.0125,1.49375,8,3,0,23
2798,"VJ59348",1997,15,"19971SW36","SW36",794,19.4,7,10.553125,2.859375,11,4,0,24
2799,"VJ59349",1994,12,"19941SW64","SW64",827,18.7,28,10.925,1.94625,10,1,1,21
2800,"VJ59362",1994,12,"19941EX51A","EX51A",433,18.2,30,11.040625,1.78125,8,1,1,21
2801,"VJ59384",1994,12,"19941MP88","MP88",577,18.7,28,10.925,1.94625,9,1,0,21
2802,"VJ59406",1994,12,"19941MP81","MP81",570,18.3,19,10.971875,2.1625,9,1,0,21
2802,"VJ59406",1995,13,"19951MP24","MP24",508,18,12,9.746875,1.264375,8,2,0,22
2803,"VJ59411",1994,12,"19941B27","B27",120,18.6,31,10.925,1.94625,9,1,1,21
2804,"VJ59413",1994,12,"19941B16","B16",57,17.6,27,10.0625,1.4075,7,1,0,21
2804,"VJ59413",1995,13,"19951B18","B18",73,18,15,9.309375,1.3275,7,2,0,22
2805,"VJ59437",1994,12,"19941MP83","MP83",572,17.5,21,10.334375,2.136875,9,1,0,21
2805,"VJ59437",1995,13,"19951SW88","SW88",854,18.4,15,9.11875,1.23875,8,2,0,22
2806,"VJ59445",1994,12,"19941B211","B211",99,20,29,10.4625,1.54875,7,1,1,21
2807,"VJ59472",1994,12,"19941MP3","MP3",513,19.5,27,9.7875,1.458125,8,1,1,21
2807,"VJ59472",1995,13,"19951MP5","MP5",535,20.2,19,9.309375,1.3275,9,2,1,22
2808,"VJ59491",1995,13,"19951MP73","MP73",561,18.2,14,9.746875,1.264375,9,2,0,22
2809,"VJ59496",1997,15,"19971C149","C149",232,19.7,10,10.796875,2.91,8,3,1,28
2810,"VJ59508",1996,14,"19961C10","C10",184,19.2,28,11.346875,1.5625,8,1,0,30
2811,"VJ59511",1996,14,"19961EX75A","EX75A",474,20.1,30,12.0375,1.2375,7,1,0,30
2811,"VJ59511",1997,15,"19971EX75A","EX75A",474,19.8,11,10.503125,2.488125,9,2,0,31
2811,"VJ59511",1998,16,"19981EX71","EX71",468,19.4,33,13.059375,2.939375,11,3,0,32
2812,"VJ59521",2000,18,"20001C127","C127",210,18.2,49,15.6625,0.591875,4,5,0,34
2813,"VJ59548",1997,15,"19971P19","P19",718,18.4,29,12.68125,0.234375,10,2,0,31
2813,"VJ59548",1998,16,"19981P19","P19",718,18.4,27,13.109375,2.28875,8,3,0,32
2813,"VJ59548",1999,17,"19991P15","P15",714,17.7,26,13.121875,0.866875,9,4,0,33
2813,"VJ59548",2000,18,"20001P15","P15",714,17.6,25,10.85,5.268125,9,5,0,34
2814,"VJ59574",1996,14,"19961C10","C10",184,18.2,28,11.346875,1.5625,8,1,1,30
2814,"VJ59574",1998,16,"19981C11","C11",194,18.2,30,12.90625,2.28875,10,3,1,32
2815,"VJ59577",1997,15,"19971B31","B31",124,18.8,14,10.503125,2.488125,9,2,0,31
2816,"VJ59592",1996,14,"19961O80","O80",695,19,36,13.953125,1.0875,7,1,1,30
2817,"VJ59607",1996,14,"19961O84","O84",699,19.1,31,12.0375,1.2375,6,1,0,30
2817,"VJ59607",1997,15,"19971O82","O82",697,18,13,10.503125,2.488125,10,2,0,31
2818,"VJ59630",1997,15,"19971O36","O36",639,18.4,9,10.796875,2.91,8,2,1,31
2819,"VJ59648",1996,14,"19961C17","C17",250,18.8,30,12.9875,1.16875,8,1,1,30
2819,"VJ59648",1997,15,"19971C17","C17",250,19,12,11.1875,1.503125,10,2,1,31
2820,"VJ59657",1996,14,"19961C3B","C3B",277,19.4,34,13.46875,1.69375,5,1,1,30
2821,"VJ59661",1996,14,"19961C162","C162",248,18.9,34,13.646875,1.1,7,1,1,30
2822,"VJ59677",1997,15,"19971SW121","SW121",756,17.7,18,11.40625,1.279375,11,1,0,35
2822,"VJ59677",1998,16,"19981SW115","SW115",749,17.5,27,13.29375,1.0725,10,2,0,36
2822,"VJ59677",1999,17,"19991SW114","SW114",748,18.2,27,13.496875,2.29875,10,3,0,37
2823,"VJ59741",1997,15,"19971B170","B170",65,17.6,27,12.475,0.8775,7,1,1,35
2824,"VJ59754",1997,15,"19971MP37","MP37",522,18.8,16,11.003125,2.2425,8,1,0,35
2824,"VJ59754",1998,16,"19981MP80","MP80",569,18.9,26,13.29375,1.0725,9,2,0,36
2825,"VJ59772",1998,16,"19981SW42","SW42",801,20,29,13.29375,1.0725,6,1,0,40
2825,"VJ59772",1999,17,"19991SW44","SW44",803,20,25,12.990625,0.590625,7,2,0,41
2825,"VJ59772",2000,18,"20001SW42","SW42",801,19.7,24,12.0875,4.7925,8,3,0,42
2826,"VJ59774",1998,16,"19981MP4","MP4",524,17.5,31,13.109375,2.28875,6,1,0,40
2826,"VJ59774",2000,18,"20001MP92","MP92",581,16.9,23,12.3,4.448125,7,3,0,42
2826,"VJ59774",2001,19,"20011MP94","MP94",583,19.2,36,13.140625,0.6425,6,4,0,43
2827,"VJ59801",1994,12,"19941O40","O40",646,19.1,31,11.53125,0.98875,12,1,1,21
2828,"VJ59803",1994,12,"19941O59","O59",666,20,25,9.790625,1.375625,8,1,0,21
2829,"VJ59808",1994,12,"19941O102","O102",592,19.7,33,11.64375,1.04,9,1,1,21
2829,"VJ59808",1995,13,"19951O105","O105",595,19.4,17,10.778125,1.785,11,2,1,22
2830,"VJ59809",1994,12,"19941EX84","EX84",482,19.7,33,11.628125,1.014375,9,1,0,21
2830,"VJ59809",1995,13,"19951EX84","EX84",482,19.8,19,10.778125,1.785,10,2,0,22
2831,"VJ59812",1994,12,"19941O86","O86",701,17.6,30,11.040625,1.78125,9,1,0,21
2831,"VJ59812",1995,13,"19951O86","O86",701,16.7,18,9.70625,1.423125,10,2,0,22
2831,"VJ59812",1996,14,"19961O86","O86",701,17.2,26,12.9875,1.16875,8,3,0,23
2832,"VJ59813",1995,13,"19951W10","W10",859,19.4,20,10.221875,1.7025,8,2,0,22
2833,"VJ59814",1994,12,"19941O64","O64",673,18.1,27,10.0625,1.4075,7,1,1,21
2833,"VJ59814",1995,13,"19951O63","O63",672,19.2,30,12.353125,1.199375,8,2,1,22
2833,"VJ59814",1997,15,"19971O67","O67",676,19.1,14,10.703125,2.466875,8,4,1,24
2833,"VJ59814",1998,16,"19981O67","O67",676,20.1,24,13.41875,0.49375,7,5,1,25
2834,"VJ59819",1995,13,"19951O105","O105",595,18.4,17,10.778125,1.785,11,2,0,22
2835,"VJ59826",1994,12,"19941C4","C4",278,19.4,29,11.040625,1.78125,9,1,1,21
2835,"VJ59826",1995,13,"19951C4","C4",278,20.3,16,9.396875,1.264375,7,2,1,22
2835,"VJ59826",1996,14,"19961C104","C104",188,20.2,28,11.346875,1.5625,7,3,1,23
2836,"VJ59834",1994,12,"19941SW14","SW14",771,19.1,32,11.040625,1.78125,8,1,1,21
2837,"VJ59845",1994,12,"19941CP14","CP14",314,19.4,26,10.759375,1.791875,11,1,1,21
2838,"VJ59888",1994,12,"19941EX34","EX34",391,19.7,32,11.53125,0.98875,10,1,0,21
2838,"VJ59888",1995,13,"19951O118","O118",609,18.1,29,12.353125,1.199375,9,2,0,22
2839,"VJ59896",1994,12,"19941SW115","SW115",749,18.1,32,11.33125,1.00125,8,1,1,21
2840,"VJ59906",1994,12,"19941SW36","SW36",794,18.1,25,9.790625,1.375625,10,1,1,21
2840,"VJ59906",1995,13,"19951SW36","SW36",794,18.5,16,9.459375,1.340625,10,2,1,22
2840,"VJ59906",1996,14,"19961SW36","SW36",794,19.4,26,11.0125,1.49375,8,3,1,23
2841,"VJ59912",1994,12,"19941SW111","SW111",745,19.2,33,11.33125,1.00125,8,1,1,21
2842,"VJ59915",1994,12,"19941MP74","MP74",562,17.3,24,10.334375,2.136875,8,1,0,21
2842,"VJ59915",1995,13,"19951MP74","MP74",562,18.7,12,10.096875,1.264375,9,2,0,22
2843,"VJ59920",1995,13,"19951CP3","CP3",332,19.5,18,9.459375,1.340625,8,2,0,22
2844,"VJ59922",1994,12,"19941SW50","SW50",811,18.3,30,11.33125,1.00125,10,1,1,21
2845,"VJ59926",1994,12,"19941CP7","CP7",354,19.1,28,10.4625,1.54875,8,1,0,21
2846,"VJ59932",1994,12,"19941MP53","MP53",539,19.7,18,10.921875,2.16875,9,1,0,21
2847,"VJ59937",1994,12,"19941W99A","W99A",962,20.4,26,9.7875,1.458125,7,1,0,21
2848,"VJ59946",1994,12,"19941O37","O37",640,16.6,24,9.790625,1.375625,9,1,0,21
2849,"VJ59947",1994,12,"19941C45","C45",284,19.4,36,10.925,1.94625,5,1,0,21
2850,"VJ59969",1995,13,"19951SW17","SW17",774,19,27,12.03125,1.555625,10,2,1,22
2850,"VJ59969",1997,15,"19971SW36","SW36",794,19.2,7,10.553125,2.859375,11,4,1,24
2850,"VJ59969",1998,16,"19981SW36","SW36",794,18.7,26,13.5875,0.4975,7,5,1,25
2851,"VJ59971",1994,12,"19941EX92","EX92",491,18.5,30,11.040625,1.78125,9,1,0,21
2852,"VJ59972",1994,12,"19941O37","O37",640,17.7,24,9.790625,1.375625,9,1,1,21
2852,"VJ59972",1995,13,"19951O38","O38",641,19,25,11.7875,2.229375,10,2,1,22
2852,"VJ59972",1996,14,"19961O53","O53",660,19.7,31,14.44375,1.075,7,3,1,23
2853,"VN56012",1994,12,"19941O6","O6",668,17.4,29,10.4625,1.54875,9,1,0,21
2853,"VN56012",1995,13,"19951O6","O6",668,17.9,18,10.221875,1.7025,8,2,0,22
2854,"VN56041",1994,12,"19941SW82","SW82",848,17,26,9.790625,1.375625,7,1,1,21
2855,"VN56055",1994,12,"19941B13","B13",29,19.1,30,10.759375,1.791875,8,1,1,21
2856,"VN56062",1994,12,"19941B67","B67",154,17.9,28,10.759375,1.791875,9,1,0,21
2857,"VN56069",1994,12,"19941O64","O64",673,18.2,27,10.0625,1.4075,7,1,0,21
2858,"VN56076",1994,12,"19941MP12","MP12",495,18.7,25,9.790625,1.375625,7,1,1,21
2859,"VN56078",1994,12,"19941MP12","MP12",495,17,25,9.790625,1.375625,7,1,0,21
2859,"VN56078",1995,13,"19951MP13","MP13",496,17.6,20,9.309375,1.3275,8,2,0,22
2859,"VN56078",1996,14,"19961MP14","MP14",497,17.6,25,10.621875,1.5375,9,3,0,23
2860,"VN56096",1995,13,"19951EX54","EX54",439,19.3,11,10.921875,1.175625,10,1,1,26
2860,"VN56096",1996,14,"19961EX55","EX55",440,20,23,9,1.4375,6,2,1,27
2861,"VN56128",1996,14,"19961B76","B76",161,19.2,28,11.621875,1.29375,7,2,0,27
2862,"VN56132",1995,13,"19951B27","B27",120,17.8,15,9.396875,1.264375,7,1,1,26
2863,"VN56134",1996,14,"19961MP56","MP56",542,19,23,10.621875,1.5375,8,2,0,27
2863,"VN56134",1997,15,"19971MP79","MP79",567,18.6,6,10.66875,2.874375,9,3,0,28
2864,"VN56137",1995,13,"19951B11","B11",12,17.8,17,9.459375,1.340625,7,1,0,26
2864,"VN56137",1996,14,"19961B1","B1",1,17.2,27,11.0125,1.49375,7,2,0,27
2865,"VN56143",1995,13,"19951MP59","MP59",545,20.3,21,9.11875,1.23875,7,1,1,26
2866,"VN56144",1995,13,"19951C15","C15",233,18.5,17,9.16875,1.264375,7,1,1,26
2867,"VN56147",1995,13,"19951MP86","MP86",575,19.4,14,9.11875,1.23875,7,1,1,26
2868,"VN56166",1995,13,"19951MP59","MP59",545,18.7,21,9.11875,1.23875,7,1,0,26
2869,"VN56168",1995,13,"19951EX65","EX65",461,19,26,12.353125,1.199375,1,1,1,26
2869,"VN56168",1997,15,"19971EX64","EX64",460,18.5,19,11.1875,1.503125,8,3,1,28
2869,"VN56168",1998,16,"19981EX65","EX65",461,18.4,25,13.41875,0.49375,8,4,1,29
2870,"VN56171",1995,13,"19951MP46","MP46",531,18.1,10,10.096875,1.264375,9,1,1,26
2871,"VN56175",1995,13,"19951B194","B194",83,18.7,22,10.778125,1.785,6,1,1,26
2872,"VN56190",1995,13,"19951P19","P19",718,19.1,15,9.309375,1.3275,10,1,0,26
2873,"VN56239",1996,14,"19961EX43C","EX43C",416,19.6,23,9.434375,1.41875,9,2,0,27
2873,"VN56239",1997,15,"19971EX43C","EX43C",416,18.8,6,10.603125,3.4225,11,3,0,28
2873,"VN56239",1998,16,"19981EX43A","EX43A",414,18.9,26,13.109375,2.28875,9,4,0,29
2874,"VN56241",1995,13,"19951MP76","MP76",564,18.3,16,9.396875,1.264375,9,1,0,26
2875,"VN56243",1995,13,"19951CP38","CP38",341,19.1,13,11.465625,0.114375,6,1,1,26
2875,"VN56243",1996,14,"19961CP38","CP38",341,20,21,8.528125,1.4,6,2,1,27
2876,"VN56245",1995,13,"19951O75","O75",685,18.1,24,11.159375,1.8675,8,1,0,26
2876,"VN56245",1996,14,"19961O75","O75",685,20.7,26,11.346875,1.5625,4,2,0,27
2877,"VN56246",1995,13,"19951EX19A","EX19A",374,19.9,11,10.921875,1.175625,9,1,1,26
2878,"VN56249",1995,13,"19951W104","W104",865,18.4,30,12.353125,1.199375,8,1,1,26
2878,"VN56249",1996,14,"19961W104","W104",865,18.7,30,11.346875,1.5625,7,2,1,27
2878,"VN56249",1997,15,"19971W104","W104",865,18.8,11,10.703125,2.984375,8,3,1,28
2879,"VN56250",1995,13,"19951W83","W83",947,18.5,19,9.70625,1.423125,7,1,1,26
2879,"VN56250",1996,14,"19961W77","W77",941,19.2,26,12.45625,1.225,7,2,1,27
2879,"VN56250",1997,15,"19971W83","W83",947,18.9,13,11.003125,2.2425,7,3,1,28
2880,"VN56259",1996,14,"19961W84","W84",948,18.7,36,13.646875,1.1,7,2,1,27
2881,"VN56281",1996,14,"19961SW44","SW44",803,18.1,31,13.646875,1.1,6,2,0,27
2882,"VN56294",1995,13,"19951EX21","EX21",377,19.5,13,9.459375,1.340625,12,1,1,26
2883,"VN56329",1996,14,"19961O93","O93",704,19.2,34,12.45625,1.225,6,1,0,30
2884,"VN56380",1996,14,"19961C9A","C9A",307,20,19,9.81875,1.5375,6,1,1,30
2884,"VN56380",1999,17,"19991C4","C4",278,19,10,12.5625,1.904375,10,4,1,33
2884,"VN56380",2000,18,"20001C104","C104",188,19.5,14,12.98125,2.2475,11,5,1,34
2885,"VN56383",1997,15,"19971O59","O59",666,19.3,19,11.940625,0.956875,6,2,1,31
2886,"VN56384",1996,14,"19961EX14A","EX14A",366,20.2,20,8.790625,1.425,6,1,0,30
2887,"VN56386",1996,14,"19961O104","O104",594,17.7,30,13.609375,1.23125,10,1,1,30
2888,"VN56390",1996,14,"19961CP35","CP35",338,19.6,23,9.34375,1.4,6,1,0,30
2889,"VN56392",1996,14,"19961EX43C","EX43C",416,19,23,9.434375,1.41875,9,1,1,30
2889,"VN56392",1997,15,"19971EX65","EX65",461,19.5,14,11.003125,2.2425,9,2,1,31
2890,"VN56396",1996,14,"19961CP34","CP34",337,18.5,25,10.31875,1.5375,8,1,0,30
2891,"VN56402",1996,14,"19961SW54","SW54",815,19,31,12.9875,1.16875,7,1,1,30
2892,"VN56407",1996,14,"19961W104","W104",865,19,30,11.346875,1.5625,7,1,0,30
2892,"VN56407",1997,15,"19971W104","W104",865,19.4,11,10.703125,2.984375,8,2,0,31
2893,"VN56410",1996,14,"19961C160A","C160A",245,19.8,31,12.0375,1.2375,6,1,0,30
2894,"VN56411",1996,14,"19961SW16","SW16",773,19.1,31,12.45625,1.225,5,1,1,30
2894,"VN56411",1997,15,"19971SW14","SW14",771,18.7,11,10.703125,2.984375,7,2,1,31
2895,"VN56412",1996,14,"19961EX90","EX90",489,18.7,40,13.646875,1.1,4,1,0,30
2896,"VN56413",1996,14,"19961O1","O1",588,19.7,33,13.46875,1.69375,6,1,0,30
2897,"VN56416",1996,14,"19961EX63","EX63",459,19.5,31,12.9875,1.16875,6,1,1,30
2897,"VN56416",1997,15,"19971EX63","EX63",459,19,28,12.478125,0.77125,9,2,1,31
2898,"VN56418",1997,15,"19971O40","O40",646,18.9,16,10.503125,2.488125,9,2,1,31
2899,"VN56419",1997,15,"19971MP90","MP90",580,18.6,10,10.66875,2.874375,10,2,1,31
2899,"VN56419",1998,16,"19981MP90","MP90",580,18.9,21,14.003125,0.333125,8,3,1,32
2899,"VN56419",1999,17,"19991MP90","MP90",580,18.7,22,13.121875,0.866875,10,4,1,33
2900,"VN56424",1996,14,"19961EX38","EX38",397,19.9,22,9.34375,1.4,8,1,1,30
2901,"VN56428",1996,14,"19961MP46","MP46",531,16.8,31,12.0375,1.2375,7,1,0,30
2901,"VN56428",1997,15,"19971MP46","MP46",531,16.9,18,11.003125,2.2425,7,2,0,31
2901,"VN56428",1998,16,"19981MP42","MP42",527,17.8,22,14.184375,0.319375,6,3,0,32
2901,"VN56428",1999,17,"19991MP37","MP37",522,17.1,21,12.6875,1.1275,6,4,0,33
2902,"VN56445",1996,14,"19961CP4","CP4",344,20.3,31,12.0375,1.2375,7,1,0,30
2903,"VN56447",1996,14,"19961W50","W50",909,19.1,25,9.81875,1.5375,6,1,0,30
2904,"VN56449",1997,15,"19971CP27","CP27",329,17.4,17,11.078125,1.55375,10,2,0,31
2905,"VN56451",1996,14,"19961W28","W28",885,19,27,10.621875,1.5375,4,1,0,30
2906,"VN56453",1996,14,"19961CP29","CP29",331,18.1,33,13.646875,1.1,8,1,0,30
2907,"VN56455",1996,14,"19961CP40A","CP40A",346,19.7,25,11.0125,1.49375,7,1,1,30
2907,"VN56455",1997,15,"19971CP40A","CP40A",346,20,4,10.4625,2.768125,10,2,1,31
2908,"VN56458",1996,14,"19961B79","B79",163,19,35,13.609375,1.23125,7,1,1,30
2909,"VN56463",1996,14,"19961O42","O42",648,19.7,38,13.953125,1.0875,7,1,0,30
2909,"VN56463",1997,15,"19971O40","O40",646,18.8,16,10.503125,2.488125,9,2,0,31
2910,"VN56468",1996,14,"19961CP21","CP21",323,20.6,26,10.31875,1.5375,6,1,0,30
2910,"VN56468",1997,15,"19971CP24","CP24",326,20.5,7,10.503125,2.70625,9,2,0,31
2911,"VN56472",1997,15,"19971P19","P19",718,19,29,12.68125,0.234375,10,2,1,31
2912,"VN56478",1997,15,"19971EX62I","EX62I",458,19.1,11,10.503125,2.488125,6,2,1,31
2913,"VN56485",1996,14,"19961EX42A","EX42A",412,17.7,25,11.346875,1.5625,8,1,0,30
2914,"VN56489",1996,14,"19961EX10A","EX10A",359,17.6,25,11.0125,1.49375,10,1,1,30
2915,"VN56492",1996,14,"19961CP5","CP5",350,18.5,30,12.45625,1.225,8,1,1,30
2916,"VN56493",1997,15,"19971EX62","EX62",449,18.8,20,11.71875,1.179375,9,2,1,31
2916,"VN56493",1999,17,"19991EX65","EX65",461,19.1,15,12.75,1.334375,8,4,1,33
2917,"VN56496",1996,14,"19961EX39B","EX39B",401,19.5,21,9.34375,1.4,11,1,0,30
2918,"VN57003",1994,12,"19941SW33","SW33",791,18.8,26,10.4625,1.54875,10,1,1,21
2919,"VN57016",1994,12,"19941EX72","EX72",469,18.4,29,11.53125,0.98875,10,1,0,21
2920,"VN57023",1994,12,"19941C51","C51",290,18.5,25,9.7875,1.458125,7,1,1,21
2921,"VN57029",1994,12,"19941EX84","EX84",482,18.2,33,11.628125,1.014375,9,1,1,21
2921,"VN57029",1995,13,"19951EX84","EX84",482,19,19,10.778125,1.785,10,2,1,22
2922,"VN57032",1995,13,"19951O71","O71",681,17.5,19,9.309375,1.3275,7,2,1,22
2923,"VN57037",1994,12,"19941B159","B159",56,19,31,10.759375,1.791875,7,1,0,21
2923,"VN57037",1996,14,"19961B80A","B80A",167,18.4,28,11.621875,1.29375,7,3,0,23
2924,"VN57047",1994,12,"19941SW131","SW131",767,19.4,35,11.33125,1.00125,8,1,0,21
2925,"VN57048",1994,12,"19941O96","O96",707,17.8,33,11.33125,1.00125,7,1,0,21
2926,"VN57051",1995,13,"19951EX78","EX78",477,18.9,15,9.459375,1.340625,9,2,1,22
2927,"VN57055",1994,12,"19941C155","C155",238,18.2,28,9.790625,1.375625,6,1,0,21
2928,"VN57059",1994,12,"19941SW5","SW5",810,17.2,35,11.64375,1.04,8,1,0,21
2928,"VN57059",1995,13,"19951O93","O93",704,18,17,10.221875,1.7025,7,2,0,22
2928,"VN57059",1996,14,"19961O95","O95",706,19,31,14.225,1.2125,7,3,0,23
2929,"VN57060",1994,12,"19941O106","O106",596,18.2,39,12.2,0.9325,8,1,1,21
2930,"VN57076",1994,12,"19941W96","W96",958,19.5,29,10.759375,1.791875,7,1,0,21
2931,"VN57100",1994,12,"19941O8","O8",694,17.9,29,10.925,1.94625,10,1,1,21
2931,"VN57100",1995,13,"19951O8","O8",694,18,16,9.70625,1.423125,8,2,1,22
2931,"VN57100",1996,14,"19961O7","O7",679,19.1,22,10.621875,1.5375,10,3,1,23
2932,"VN57110",1994,12,"19941C27","C27",263,19,31,11.53125,0.98875,11,1,0,21
2932,"VN57110",1995,13,"19951C128","C128",211,19.2,18,10.778125,1.785,10,2,0,22
2933,"VN57119",1994,12,"19941SW122","SW122",757,18.7,31,10.925,1.94625,6,1,1,21
2934,"VN57128",1994,12,"19941EX72","EX72",469,18.2,29,11.53125,0.98875,10,1,1,21
2935,"VN57134",1994,12,"19941O46","O46",652,18.7,25,9.790625,1.375625,8,1,0,21
2935,"VN57134",1995,13,"19951O44","O44",650,19.9,16,9.459375,1.340625,3,2,0,22
2936,"VN57146",1994,12,"19941SW77","SW77",841,19.8,30,11.040625,1.78125,9,1,1,21
2936,"VN57146",1995,13,"19951SW70","SW70",834,17.8,12,9.309375,1.3275,12,2,1,22
2937,"VN57155",1994,12,"19941O79","O79",693,18.7,31,10.4625,1.54875,5,1,1,21
2938,"VN57165",1994,12,"19941C3A","C3A",276,19.1,25,10.759375,1.791875,7,1,1,21
2939,"VN57166",1995,13,"19951O111","O111",602,19.3,29,12.809375,1.588125,7,2,1,22
2940,"VN57169",1995,13,"19951MP26","MP26",510,19.7,15,9.16875,1.264375,9,2,0,22
2941,"VN57185",1994,12,"19941EX66","EX66",462,18.5,24,10.0625,1.4075,10,1,1,21
2942,"VN57374",2006,24,"20061W43","W43",900,17.5,28,11.475,3.220625,6,1,0,74
2943,"VN57381",2008,26,"20081EX45","EX45",420,17.9,24,11.853125,3.08375,7,3,0,76
2944,"VN57382",2007,25,"20071EX56","EX56",441,17.5,11,11.778125,4.12625,10,2,0,75
2945,"VN57396",2006,24,"20061EX65","EX65",461,19.3,26,11.65625,3.61125,7,1,0,74
2946,"VN57420",2004,22,"20041C125","C125",209,18.3,22,12.640625,0.145,8,1,1,66
2947,"VN57478",2004,22,"20041P23","P23",722,17.8,28,12.79375,0.8375,7,1,0,66
2948,"VN57479",2004,22,"20041C61","C61",300,18.2,20,12.640625,0.19875,5,1,1,66
2948,"VN57479",2005,23,"20051C61A","C61A",301,19,15,9.409375,1.253125,8,2,1,67
2949,"VN57480",2006,24,"20061O78","O78",692,18.3,28,11.5875,2.428125,7,3,1,68
2950,"VN57501",1994,12,"19941SW130","SW130",766,18,29,10.925,1.94625,11,1,0,21
2950,"VN57501",1995,13,"19951EX86","EX86",484,18.4,30,12.6375,1.343125,6,2,0,22
2951,"VN57509",1995,13,"19951EX36","EX36",395,19.9,24,11.159375,1.8675,9,2,1,22
2951,"VN57509",1996,14,"19961EX36","EX36",395,20.6,22,9.34375,1.4,10,3,1,23
2952,"VN57516",1994,12,"19941C56","C56",295,19.8,20,10.603125,2.1875,9,1,0,21
2953,"VN57529",1994,12,"19941W101","W101",861,19,23,10.603125,2.1875,6,1,1,21
2954,"VN57537",1994,12,"19941EX49C","EX49C",429,18.4,34,11.64375,1.04,6,1,0,21
2954,"VN57537",1995,13,"19951EX43D","EX43D",417,19,15,9.11875,1.23875,9,2,0,22
2954,"VN57537",1996,14,"19961EX43D","EX43D",417,19.6,26,11.346875,1.5625,8,3,0,23
2954,"VN57537",1997,15,"19971EX48","EX48",424,19.2,14,11.940625,0.956875,7,4,0,24
2955,"VN57545",1995,13,"19951MP11","MP11",494,19,15,9.70625,1.423125,9,2,0,22
2956,"VN57548",1994,12,"19941EX51","EX51",432,18.9,25,9.7875,1.458125,9,1,1,21
2957,"VN57562",1995,13,"19951W23","W23",880,19.2,22,11.159375,1.8675,11,2,1,22
2958,"VN57563",1994,12,"19941EX5A","EX5A",445,18.7,26,10.0625,1.4075,9,1,1,21
2959,"VN57567",1994,12,"19941EX17","EX17",370,19.8,35,11.53125,0.98875,8,1,1,21
2959,"VN57567",1995,13,"19951EX18A","EX18A",372,18.3,15,9.309375,1.3275,10,2,1,22
2960,"VN57594",1994,12,"19941W91","W91",953,19,27,9.7875,1.458125,6,1,1,21
2961,"VN57615",1994,12,"19941O51","O51",658,19.1,27,10.4625,1.54875,9,1,1,21
2962,"VN57616",1994,12,"19941O15","O15",615,18.1,32,11.53125,0.98875,11,1,0,21
2962,"VN57616",1995,13,"19951EX65","EX65",461,20.3,26,12.353125,1.199375,1,2,0,22
2963,"VN57622",1994,12,"19941EX66","EX66",462,18.2,24,10.0625,1.4075,10,1,0,21
2964,"VN57653",1994,12,"19941MP74","MP74",562,18.5,24,10.334375,2.136875,8,1,1,21
2964,"VN57653",1995,13,"19951MP74","MP74",562,18.8,12,10.096875,1.264375,9,2,1,22
2964,"VN57653",1997,15,"19971MP74","MP74",562,19.2,15,10.603125,3.4225,3,4,1,24
2965,"VN57666",1994,12,"19941B220","B220",108,20,22,10.603125,2.1875,7,1,1,21
2965,"VN57666",1996,14,"19961B43","B43",134,20.5,27,11.346875,1.5625,8,3,1,23
2966,"VN57668",1995,13,"19951B43","B43",134,20.6,25,11.7875,2.229375,9,2,1,22
2967,"VN57681",1995,13,"19951EX6","EX6",446,20,44,12.090625,1.119375,7,2,1,22
2968,"VN57685",1994,12,"19941EX51D","EX51D",436,18.7,29,10.925,1.94625,9,1,0,21
2969,"VN57699",1994,12,"19941C56","C56",295,20,20,10.603125,2.1875,9,1,1,21
2970,"VN57703",1995,13,"19951O34","O34",637,18.8,18,9.70625,1.423125,9,1,0,26
2971,"VN57704",1995,13,"19951O49","O49",655,18.7,20,10.778125,1.785,7,1,0,26
2972,"VN57707",1995,13,"19951CP7","CP7",354,19.4,26,12.03125,1.555625,10,1,1,26
2972,"VN57707",1996,14,"19961CP7","CP7",354,19,30,13.953125,1.0875,8,2,1,27
2973,"VN57725",1995,13,"19951CP34","CP34",337,18.6,28,12.03125,1.555625,8,1,1,26
2973,"VN57725",1996,14,"19961CP34","CP34",337,19.3,25,10.31875,1.5375,8,2,1,27
2974,"VN57732",1996,14,"19961W4B","W4B",907,20,23,10.31875,1.5375,10,2,0,27
2975,"VN57735",1995,13,"19951W7","W7",933,19.8,30,12.353125,1.199375,4,1,0,26
2975,"VN57735",1996,14,"19961W60","W60",921,19.9,24,11.0125,1.49375,8,2,0,27
2976,"VN57738",1995,13,"19951W65","W65",928,19.4,31,12.809375,1.588125,7,1,1,26
2977,"VN57741",1997,15,"19971O42","O42",648,20.6,16,10.703125,2.466875,6,3,1,28
2978,"VN57742",1995,13,"19951EX35A","EX35A",394,20.4,10,9.746875,1.264375,11,1,0,26
2979,"VN57744",1996,14,"19961W7","W7",933,18.4,29,12.0375,1.2375,8,2,1,27
2980,"VN57747",1996,14,"19961EX39A","EX39A",400,19.4,27,11.621875,1.29375,10,2,1,27
2981,"VN57748",1995,13,"19951EX78","EX78",477,18.8,15,9.459375,1.340625,9,1,0,26
2981,"VN57748",1996,14,"19961EX78","EX78",477,19.5,25,10.31875,1.5375,5,2,0,27
2982,"VN57753",1995,13,"19951CP1","CP1",308,18.6,29,12.03125,1.555625,8,1,1,26
2982,"VN57753",1996,14,"19961CP1","CP1",308,19.9,37,14.340625,1.2125,7,2,1,27
2982,"VN57753",1997,15,"19971CP3","CP3",332,20,15,10.703125,2.466875,8,3,1,28
2983,"VN57754",1995,13,"19951W28","W28",885,18.4,18,9.459375,1.340625,8,1,1,26
2984,"VN57766",1995,13,"19951W104","W104",865,18.5,30,12.353125,1.199375,8,1,0,26
2985,"VN57773",1995,13,"19951CP24","CP24",326,17.6,17,10.221875,1.7025,11,1,0,26
2985,"VN57773",1996,14,"19961CP24","CP24",326,19.7,22,10.621875,1.5375,11,2,0,27
2986,"VN57794",1995,13,"19951EX29A","EX29A",384,17.9,16,9.11875,1.23875,9,1,0,26
2986,"VN57794",1996,14,"19961EX28","EX28",382,19.1,25,10.31875,1.5375,6,2,0,27
2987,"VN57795",1996,14,"19961W44","W44",901,18.4,24,11.346875,1.5625,7,2,0,27
2988,"VN57811",1995,13,"19951CP40A","CP40A",346,18.5,18,9.11875,1.23875,7,1,1,26
2989,"VN57820",1995,13,"19951W5","W5",908,18.5,25,11.7875,2.229375,6,1,1,26
2989,"VN57820",1996,14,"19961W27","W27",884,18.8,30,12.9875,1.16875,7,2,1,27
2989,"VN57820",1997,15,"19971W28","W28",885,18.4,11,10.66875,2.874375,8,3,1,28
2990,"VN57821",1995,13,"19951CP7","CP7",354,18.5,26,12.03125,1.555625,10,1,0,26
2990,"VN57821",1996,14,"19961CP7","CP7",354,19.1,30,13.953125,1.0875,8,2,0,27
2991,"VN57822",1995,13,"19951CP6","CP6",353,19.8,20,9.70625,1.423125,5,1,0,26
2991,"VN57822",1996,14,"19961CP6","CP6",353,19.4,35,13.646875,1.1,6,2,0,27
2991,"VN57822",1997,15,"19971CP6","CP6",353,20.1,10,10.796875,2.91,8,3,0,28
2992,"VN57825",1995,13,"19951CP35","CP35",338,18.2,12,9.396875,1.264375,9,1,1,26
2993,"VN57886",1995,13,"19951W54","W54",914,18.5,27,11.7875,2.229375,7,1,1,26
2994,"VN57918",1999,17,"19991EX41A","EX41A",406,18.5,32,12.890625,3.843125,9,1,1,44
2995,"VN57950",1999,17,"19991CP8","CP8",355,18.5,27,13.2125,1.54875,9,1,0,44
2995,"VN57950",2000,18,"20001CP10","CP10",309,19.8,26,11.33125,4.911875,10,2,0,45
2995,"VN57950",2001,19,"20011CP10","CP10",309,19.4,36,13.30625,0.6,9,3,0,46
2996,"VN57954",1999,17,"19991EX15","EX15",368,17.9,20,12.78125,0.688125,8,1,1,44
2997,"VN57986",1999,17,"19991W76","W76",940,17.5,31,13.60625,2.39,7,1,1,44
2997,"VN57986",2001,19,"20011EX19A","EX19A",374,17.8,34,12.49375,0.5875,8,3,1,46
2998,"VN57993",1999,17,"19991O22","O22",623,17.7,35,13.05,3.959375,7,1,0,44
2999,"VN57996",1999,17,"19991CP17","CP17",318,19.3,37,13.05,3.959375,6,1,0,44
2999,"VN57996",2000,18,"20001CP32","CP32",335,18.4,30,11.228125,5.03125,7,2,0,45
3000,"VN57998",1999,17,"19991B108","B108",11,18.7,14,12.69375,1.89875,8,1,1,44
3001,"VN85402",2001,19,"20011SW80","SW80",845,19.1,38,13.653125,0.380625,7,1,1,52
3001,"VN85402",2002,20,"20021B169","B169",64,20.3,13,11.921875,1.08125,9,2,1,53
3002,"VN85403",2001,19,"20011SW126","SW126",761,18.9,32,14.090625,0.31875,6,1,0,52
3002,"VN85403",2002,20,"20021SW126","SW126",761,19.5,18,12.840625,1.7525,5,2,0,53
3002,"VN85403",2003,21,"20031SW127","SW127",762,18.3,21,14.18125,2.106875,7,3,0,54
3002,"VN85403",2004,22,"20041SW126","SW126",761,18.3,18,12.678125,0.174375,11,4,0,55
3003,"VN85410",2001,19,"20011EX86","EX86",484,18.4,30,14.0125,0.25125,9,1,0,52
3004,"VN85416",2002,20,"20021C103","C103",187,19.4,12,11.921875,1.08125,9,2,1,53
3005,"VN85422",2002,20,"20021C109","C109",193,19.3,13,11.921875,1.08125,8,2,0,53
3006,"VN85429",2002,20,"20021C153","C153",237,18.2,13,11.621875,1.1375,8,2,0,53
3007,"VN85437",2001,19,"20011SW105","SW105",737,19.8,15,12.85,2.634375,9,1,1,52
3007,"VN85437",2002,20,"20021SW106","SW106",738,19.6,15,13.15625,2.195625,8,2,1,53
3008,"VN85438",2001,19,"20011C128","C128",211,18.1,32,14.090625,0.31875,7,1,1,52
3009,"VN85439",2002,20,"20021C55","C55",294,18,8,10.83125,0.9525,9,2,1,53
3010,"VN85443",2002,20,"20021O75C","O75C",688,17.7,8,10.83125,0.9525,11,2,0,53
3011,"VN85458",2003,21,"20031C61","C61",300,19.3,27,12.7875,2.231875,5,3,1,54
3012,"VN85459",2001,19,"20011C136","C136",220,18,32,13.94375,0.25375,4,1,1,52
3012,"VN85459",2002,20,"20021C140","C140",224,18.3,15,11.621875,1.1375,3,2,1,53
3013,"VN85461",2001,19,"20011SW111","SW111",745,16.9,23,13.446875,2.501875,3,1,1,52
3013,"VN85461",2002,20,"20021SW112","SW112",746,19.5,15,12.840625,1.7525,9,2,1,53
3014,"VN85468",2001,19,"20011C62","C62",302,18.5,28,13.7125,0.7425,5,1,0,52
3015,"VN85491",2002,20,"20021C162","C162",248,19.9,9,10.83125,0.9525,8,2,1,53
3016,"VN85492",2001,19,"20011C9","C9",306,17.8,28,13.7125,0.7425,4,1,1,52
3016,"VN85492",2002,20,"20021C9","C9",306,18,13,10.83125,0.9525,7,2,1,53
3016,"VN85492",2003,21,"20031C9","C9",306,18.3,19,10.921875,2.463125,6,3,1,54
3016,"VN85492",2004,22,"20041C9","C9",306,17.6,15,12.565625,0.74375,6,4,1,55
3016,"VN85492",2005,23,"20051C9","C9",306,18,15,9.409375,1.253125,7,5,1,56
3017,"VN85497",2001,19,"20011O67","O67",676,19.4,19,13.653125,1.086875,5,1,1,52
3018,"VN85500",2001,19,"20011EX47A","EX47A",423,19.6,31,12.39375,0.844375,6,1,1,52
3018,"VN85500",2002,20,"20021EX48","EX48",424,19.1,16,12.315625,1.34625,7,2,1,53
3018,"VN85500",2003,21,"20031EX48","EX48",424,19.3,24,13.425,2.07375,9,3,1,54
3019,"VN85517",1997,15,"19971O25","O25",626,18.4,12,10.703125,2.984375,7,3,1,28
3019,"VN85517",1998,16,"19981O25","O25",626,19.3,20,14.240625,0.506875,5,4,1,29
3020,"VN85545",1996,14,"19961SW101","SW101",732,19,30,12.0375,1.2375,6,2,1,27
3021,"VN85551",1995,13,"19951EX86","EX86",484,19,30,12.6375,1.343125,6,1,1,26
3022,"VN85565",1995,13,"19951O111","O111",602,18.3,29,12.809375,1.588125,7,1,0,26
3023,"VN85570",1995,13,"19951EX9","EX9",488,17.9,12,9.396875,1.264375,11,1,0,26
3023,"VN85570",1996,14,"19961EX9","EX9",488,19,20,9,1.4375,11,2,0,27
3024,"VN85573",1995,13,"19951SW120","SW120",755,19.4,27,12.6375,1.343125,10,1,1,26
3025,"VN85603",1995,13,"19951SW125","SW125",760,18.7,17,9.459375,1.340625,6,1,0,26
3025,"VN85603",1996,14,"19961SW125","SW125",760,19.1,47,15.325,0.95,7,2,0,27
3026,"VN85616",1995,13,"19951CP39","CP39",343,19.1,13,10.096875,1.264375,8,1,0,26
3026,"VN85616",1996,14,"19961CP39","CP39",343,19.9,23,9.34375,1.4,6,2,0,27
3027,"VN85635",1995,13,"19951SW107","SW107",739,19.4,20,9.459375,1.340625,6,1,0,26
3028,"VN85644",1995,13,"19951CP11","CP11",310,18.7,14,9.396875,1.264375,10,1,1,26
3029,"VN85647",1995,13,"19951EX74","EX74",472,18.2,15,9.11875,1.23875,9,1,0,26
3029,"VN85647",1996,14,"19961EX74","EX74",472,18.2,24,10.621875,1.5375,7,2,0,27
3029,"VN85647",1997,15,"19971EX75","EX75",473,18.2,12,11.003125,2.2425,7,3,0,28
3030,"VN85650",1995,13,"19951O74","O74",684,18.2,27,11.7875,2.229375,7,1,1,26
3030,"VN85650",1997,15,"19971O71","O71",681,16.7,18,11.078125,1.55375,7,3,1,28
3031,"VN85654",1995,13,"19951O17","O17",617,18.6,14,9.11875,1.23875,8,1,0,26
3031,"VN85654",1996,14,"19961O54","O54",661,19.5,24,11.621875,1.29375,9,2,0,27
3032,"VN85655",1995,13,"19951W73","W73",936,19.4,15,10.221875,1.7025,11,1,0,26
3032,"VN85655",1996,14,"19961W73","W73",936,19.8,21,9.81875,1.5375,9,2,0,27
3033,"VN85668",1995,13,"19951SW21","SW21",779,18.7,17,9.309375,1.3275,7,1,0,26
3033,"VN85668",1996,14,"19961SW23","SW23",781,19.2,30,13.609375,1.23125,5,2,0,27
3034,"VN85711",1995,13,"19951O49","O49",655,19.5,20,10.778125,1.785,7,1,1,26
3034,"VN85711",1997,15,"19971O49","O49",655,18.8,11,10.703125,2.984375,10,3,1,28
3035,"VN85712",1995,13,"19951C3","C3",266,18.5,26,11.503125,2.2425,8,1,1,26
3035,"VN85712",1997,15,"19971C2","C2",253,17.9,8,10.4625,2.768125,10,3,1,28
3035,"VN85712",1998,16,"19981C3A","C3A",276,18.7,26,13.209375,1.898125,11,4,1,29
3036,"VN85713",1995,13,"19951O9","O9",703,16.9,26,12.03125,1.555625,10,1,0,26
3037,"VN85747",1996,14,"19961CP21","CP21",323,19.9,26,10.31875,1.5375,6,2,1,27
3038,"VN85781",1995,13,"19951O84","O84",699,19.7,19,9.309375,1.3275,7,1,1,26
3039,"VN85792",1995,13,"19951SW73","SW73",837,20.5,25,11.503125,2.2425,7,1,1,26
3040,"VN85794",1995,13,"19951EX49","EX49",426,20.6,22,9.459375,1.340625,6,1,0,26
3040,"VN85794",1996,14,"19961W79","W79",943,19.9,27,11.346875,1.5625,7,2,0,27
3040,"VN85794",1998,16,"19981W79","W79",943,18.8,23,13.875,0.44375,6,4,0,29
3041,"VN85821",1995,13,"19951C109","C109",193,18.8,22,9.309375,1.3275,5,1,0,26
3042,"VN85850",1995,13,"19951O81","O81",696,18.7,17,9.70625,1.423125,6,1,1,26
3043,"VN85859",1995,13,"19951EX75","EX75",473,19.2,21,11.159375,1.8675,9,1,0,26
3043,"VN85859",1997,15,"19971EX39A","EX39A",400,19.9,11,11.003125,2.2425,11,3,0,28
3043,"VN85859",1998,16,"19981EX44","EX44",419,20.2,24,12.90625,2.28875,9,4,0,29
3044,"VN85860",1996,14,"19961W9","W9",952,20.2,30,12.0375,1.2375,7,2,0,27
3044,"VN85860",1997,15,"19971W9","W9",952,19.9,11,10.503125,2.488125,6,3,0,28
3045,"VN85862",1995,13,"19951EX39","EX39",399,18.4,16,9.309375,1.3275,11,1,1,26
3045,"VN85862",1996,14,"19961EX37","EX37",396,19,20,9.34375,1.4,10,2,1,27
3046,"VN85920",1995,13,"19951EX74","EX74",472,18.5,15,9.11875,1.23875,9,1,1,26
3046,"VN85920",1996,14,"19961EX74","EX74",472,18.1,24,10.621875,1.5375,7,2,1,27
3046,"VN85920",1997,15,"19971EX75A","EX75A",474,18.7,11,10.503125,2.488125,9,3,1,28
3047,"VN85939",1995,13,"19951CP19","CP19",320,19.1,15,9.396875,1.264375,7,1,1,26
3048,"VN85957",1995,13,"19951MP52","MP52",538,18.7,15,9.396875,1.264375,9,1,1,26
3048,"VN85957",1996,14,"19961MP56","MP56",542,19.2,23,10.621875,1.5375,8,2,1,27
3049,"VN85999",1996,14,"19961C130","C130",214,18.3,31,12.9875,1.16875,10,2,0,27
3050,"VN86012",1995,13,"19951MP68","MP68",555,20.8,10,10.475,1.258125,7,1,1,26
3051,"VN86019",1995,13,"19951MP48","MP48",533,18.4,13,9.11875,1.23875,11,1,1,26
3051,"VN86019",1996,14,"19961MP55","MP55",541,18.2,22,9.81875,1.5375,8,2,1,27
3052,"VN86027",1995,13,"19951MP34","MP34",518,18,17,9.70625,1.423125,11,1,0,26
3053,"VN86033",1996,14,"19961B140","B140",37,20,34,13.46875,1.69375,6,2,1,27
3053,"VN86033",1997,15,"19971B145","B145",43,18.9,9,10.703125,2.984375,11,3,1,28
3054,"VN86038",1995,13,"19951B129","B129",28,18.7,28,12.03125,1.555625,6,1,1,26
3054,"VN86038",1997,15,"19971B13","B13",29,18.8,15,10.503125,2.488125,8,3,1,28
3054,"VN86038",1998,16,"19981B130","B130",30,19.7,25,13.5875,0.4975,6,4,1,29
3055,"VN86047",1995,13,"19951MP35","MP35",520,19.3,17,9.309375,1.3275,9,1,0,26
3056,"VN86049",1995,13,"19951MP52","MP52",538,18.7,15,9.396875,1.264375,9,1,0,26
3057,"VN86060",1995,13,"19951B223","B223",111,18.5,47,12.35625,1.094375,6,1,1,26
3058,"VN86066",1995,13,"19951SW110","SW110",744,17.7,27,11.159375,1.8675,6,1,0,26
3059,"VN86083",1995,13,"19951B53","B53",142,18.8,15,9.396875,1.264375,8,1,1,26
3060,"VN86090",1996,14,"19961SW41","SW41",800,18.5,25,10.621875,1.5375,7,2,0,27
3060,"VN86090",1997,15,"19971SW30","SW30",788,18.4,6,10.775,2.84625,10,3,0,28
3061,"VN86094",1995,13,"19951W54","W54",914,18.4,27,11.7875,2.229375,7,1,0,26
3062,"VN86096",1995,13,"19951MP68","MP68",555,17,10,10.475,1.258125,7,1,0,26
3063,"VN86106",1995,13,"19951O42","O42",648,18.9,23,10.778125,1.785,6,1,0,26
3063,"VN86106",1997,15,"19971O42","O42",648,19.4,16,10.703125,2.466875,6,3,0,28
3064,"VN86115",1996,14,"19961B38","B38",130,18.7,31,11.621875,1.29375,7,2,1,27
3064,"VN86115",1997,15,"19971B38","B38",130,18.7,8,10.503125,2.70625,10,3,1,28
3065,"VN86116",1995,13,"19951SW130","SW130",766,19.6,17,9.11875,1.23875,7,1,0,26
3065,"VN86116",1996,14,"19961SW16","SW16",773,20.5,31,12.45625,1.225,5,2,0,27
3065,"VN86116",1997,15,"19971SW132","SW132",768,19.2,15,10.703125,2.466875,7,3,0,28
3066,"VN86117",1996,14,"19961B115","B115",18,20.7,47,15.240625,0.95,6,2,1,27
3067,"VN86123",1995,13,"19951B122","B122",24,18.2,16,9.309375,1.3275,9,1,0,26
3068,"VN86125",1997,15,"19971B21","B21",98,19.3,4,10.775,2.84625,9,3,0,28
3069,"VN86135",1995,13,"19951SW73","SW73",837,19.5,25,11.503125,2.2425,7,1,0,26
3069,"VN86135",1996,14,"19961P1","P1",708,20.3,31,12.9875,1.16875,9,2,0,27
3070,"VN86147",1995,13,"19951MP24","MP24",508,19.2,12,9.746875,1.264375,8,1,1,26
3070,"VN86147",1996,14,"19961MP24","MP24",508,19.4,28,11.0125,1.49375,7,2,1,27
3070,"VN86147",1996,14,"19961MP21","MP21",505,19.1,58,14.565625,0.5,6,2,1,27
3070,"VN86147",1997,15,"19971MP30","MP30",514,19.3,12,10.603125,3.4225,10,3,1,28
3071,"VN86166",1995,13,"19951B27","B27",120,17.2,15,9.396875,1.264375,7,1,0,26
3071,"VN86166",1996,14,"19961B86","B86",170,17.5,26,10.621875,1.5375,7,2,0,27
3072,"VN86183",1995,13,"19951MP80","MP80",569,17.3,24,12.03125,1.555625,11,1,0,26
3072,"VN86183",1996,14,"19961MP33","MP33",517,19.3,29,13.609375,1.23125,12,2,0,27
3073,"VN86184",1995,13,"19951MP76","MP76",564,17.7,16,9.396875,1.264375,9,1,1,26
3073,"VN86184",1996,14,"19961MP75","MP75",563,18.3,33,14.4625,0.18125,6,2,1,27
3074,"VN86189",1995,13,"19951MP35","MP35",520,18.4,17,9.309375,1.3275,9,1,1,26
3075,"VN86192",1995,13,"19951B225","B225",112,19.2,18,9.309375,1.3275,7,1,1,26
3076,"VN86220",1995,13,"19951EX62I","EX62I",458,19.4,17,9.11875,1.23875,10,1,1,26
3077,"VN86232",1995,13,"19951B168","B168",63,18.2,18,9.459375,1.340625,9,1,0,26
3078,"VN86237",1997,15,"19971B87","B87",171,18.5,19,11.078125,1.55375,10,3,1,28
3079,"VN86270",1997,15,"19971MP20","MP20",504,18.3,13,10.603125,3.4225,8,3,1,28
3080,"VN86271",1996,14,"19961B197","B197",87,18.6,26,11.621875,1.29375,6,2,1,27
3081,"VN86275",1996,14,"19961B97","B97",180,18.6,32,11.621875,1.29375,7,2,0,27
3082,"VN86377",1995,13,"19951EX27","EX27",381,18.4,16,9.396875,1.264375,7,1,0,26
3083,"VN86379",1995,13,"19951CP38","CP38",341,18,13,11.465625,0.114375,6,1,0,26
3083,"VN86379",1996,14,"19961CP38","CP38",341,19.1,21,8.528125,1.4,6,2,0,27
3083,"VN86379",1997,15,"19971CP43","CP43",349,18.7,9,10.503125,2.70625,7,3,0,28
3084,"VN86420",1996,14,"19961MP65","MP65",552,18.7,38,14.509375,1.19375,3,1,0,30
3085,"VN86433",1996,14,"19961MP38","MP38",523,19.2,28,11.346875,1.5625,7,1,1,30
3085,"VN86433",1997,15,"19971MP37","MP37",522,19.6,16,11.003125,2.2425,8,2,1,31
3086,"VN86448",1997,15,"19971MP89","MP89",578,18,15,10.603125,3.4225,7,2,1,31
3086,"VN86448",1998,16,"19981MP16","MP16",499,18.2,30,13.109375,2.28875,8,3,1,32
3087,"VN86455",1996,14,"19961MP87","MP87",576,19,37,13.646875,1.1,4,1,0,30
3088,"VN86456",1997,15,"19971P5","P5",725,17.5,10,10.66875,2.874375,8,2,0,31
3088,"VN86456",1998,16,"19981P6","P6",726,18,28,13.109375,2.28875,9,3,0,32
3088,"VN86456",2000,18,"20001P9","P9",729,19.3,33,11.546875,4.335,5,5,0,34
3089,"VN86460",1996,14,"19961B91","B91",175,18.2,30,12.45625,1.225,10,1,1,30
3090,"VN86479",1996,14,"19961MP65","MP65",552,18.5,38,14.509375,1.19375,3,1,1,30
3091,"VN86484",1996,14,"19961MP41","MP41",526,17.9,27,12.0375,1.2375,9,1,0,30
3091,"VN86484",1997,15,"19971MP47","MP47",532,18,7,10.503125,2.488125,12,2,0,31
3092,"VN86486",1996,14,"19961MP46","MP46",531,19.1,31,12.0375,1.2375,7,1,1,30
3093,"VN86488",1996,14,"19961MP8","MP8",568,17.9,27,11.0125,1.49375,8,1,1,30
3093,"VN86488",1997,15,"19971MP6","MP6",546,17.8,13,10.603125,3.4225,8,2,1,31
3094,"VN86496",1996,14,"19961MP42","MP42",527,17.1,29,11.0125,1.49375,7,1,0,30
3095,"VN86498",1996,14,"19961MP78","MP78",566,18.7,33,13.609375,1.23125,5,1,1,30
3096,"VN86507",1998,16,"19981B229","B229",116,19.3,27,13.41875,0.49375,7,1,1,40
3097,"VN86520",1998,16,"19981B217","B217",105,17.2,21,13.5875,0.4975,8,1,1,40
3098,"VN86522",1998,16,"19981P1","P1",708,18.9,26,13.41875,0.49375,7,1,0,40
3099,"VN86539",1998,16,"19981EX49","EX49",426,18.2,28,13.209375,1.898125,7,1,0,40
3099,"VN86539",1999,17,"19991EX57","EX57",442,18.3,25,12.990625,0.590625,7,2,0,41
3100,"VN86545",1998,16,"19981B175","B175",70,18.8,24,13.5875,0.4975,9,1,1,40
3101,"VN86550",1998,16,"19981B189","B189",79,17.8,27,13.209375,1.898125,9,1,1,40
3102,"VN86575",1998,16,"19981EX62A","EX62A",450,17.9,29,13.109375,2.28875,8,1,0,40
3103,"VN86590",1998,16,"19981EX68","EX68",464,20,29,13.109375,2.28875,7,1,0,40
3103,"VN86590",1999,17,"19991EX2","EX2",375,19.1,29,13.484375,2.52625,9,2,0,41
3103,"VN86590",2000,18,"20001EX39","EX39",399,20,24,11.33125,4.911875,10,3,0,42
3104,"VN86597",1998,16,"19981MP14","MP14",497,18,17,14.33125,0.435625,10,1,0,40
3105,"VN86598",1998,16,"19981B31","B31",124,18.9,23,13.80625,0.44375,8,1,1,40
3106,"VN86600",1999,17,"19991EX22","EX22",378,17.4,18,12.6875,1.1275,7,2,1,41
3106,"VN86600",2000,18,"20001EX21","EX21",377,17.8,25,10.778125,5.2725,10,3,1,42
3107,"VN86601",1998,16,"19981EX27","EX27",381,18.4,27,13.109375,2.28875,11,1,1,40
3108,"VN86612",1999,17,"19991EX15","EX15",368,18.2,20,12.78125,0.688125,8,2,0,41
3108,"VN86612",2000,18,"20001EX14","EX14",365,18.4,20,12.98125,2.2475,9,3,0,42
3109,"VN86614",1998,16,"19981W99A","W99A",962,18.8,16,14.403125,0.4125,5,1,1,40
3110,"VN86615",1998,16,"19981B72","B72",160,18,27,13.41875,0.49375,6,1,0,40
3110,"VN86615",1999,17,"19991B43","B43",134,18.4,24,12.6375,0.914375,7,2,0,41
3110,"VN86615",2000,18,"20001B147","B147",45,19.4,26,11.33125,4.911875,7,3,0,42
3111,"VN86652",2000,18,"20001C117","C117",201,17.6,14,12.98125,2.2475,7,2,1,45
3112,"VN86656",1999,17,"19991O50","O50",657,17.7,35,13.05,3.959375,6,1,1,44
3113,"VN86673",1999,17,"19991MP29","MP29",512,19.8,19,12.75,1.334375,7,1,0,44
3113,"VN86673",2000,18,"20001MP37","MP37",522,19.6,24,12.0875,4.7925,9,2,0,45
3114,"VN86684",1999,17,"19991B206","B206",95,16.8,31,13.60625,2.39,7,1,0,44
3115,"VN86689",2000,18,"20001B29","B29",121,19.1,26,11.725,4.965625,6,2,0,45
3116,"VN86691",1999,17,"19991MP65","MP65",552,19.2,11,12.75,1.334375,8,1,1,44
3117,"VN86696",1999,17,"19991B76","B76",161,18.8,25,12.990625,0.590625,6,1,0,44
3118,"VN86699",2000,18,"20001CP13","CP13",313,19.5,31,11.38125,4.748125,7,2,0,45
3118,"VN86699",2001,19,"20011W7","W7",933,20,28,13.95625,0.255625,7,3,0,46
3118,"VN86699",2002,20,"20021W13","W13",869,19.1,17,13.028125,2.129375,7,4,0,47
3119,"VN86724",1995,13,"19951W68","W68",931,19.8,23,11.503125,2.2425,7,1,1,26
3119,"VN86724",1996,14,"19961W68","W68",931,20.5,27,11.0125,1.49375,8,2,1,27
3120,"VN86740",1995,13,"19951W46","W46",903,19.1,26,11.503125,2.2425,5,1,1,26
3120,"VN86740",1996,14,"19961W11","W11",867,19,24,10.621875,1.5375,7,2,1,27
3121,"VN86769",1995,13,"19951O8","O8",694,17.4,16,9.70625,1.423125,8,1,0,26
3121,"VN86769",1996,14,"19961O7","O7",679,19,22,10.621875,1.5375,10,2,0,27
3121,"VN86769",1997,15,"19971O7","O7",679,17.4,4,10.553125,2.859375,9,3,0,28
3121,"VN86769",1998,16,"19981O8","O8",694,18.4,21,13.5875,0.4975,8,4,0,29
3122,"VN86771",1995,13,"19951O102","O102",592,16.7,49,12.59375,0.868125,6,1,0,26
3122,"VN86771",1996,14,"19961EX92","EX92",491,17.7,30,11.621875,1.29375,6,2,0,27
3123,"VN86783",1995,13,"19951W42","W42",899,19.2,22,11.159375,1.8675,8,1,1,26
3124,"VN86785",1995,13,"19951C39","C39",275,18.7,25,11.7875,2.229375,8,1,0,26
3124,"VN86785",1996,14,"19961C37","C37",274,18.3,30,12.9875,1.16875,8,2,0,27
3124,"VN86785",1998,16,"19981C24A","C24A",258,17.8,13,14.390625,0.4075,9,4,0,29
3125,"VN86788",1996,14,"19961EX34A","EX34A",392,19.8,23,9.34375,1.4,9,2,0,27
3126,"VN86803",1995,13,"19951EX21","EX21",377,19.1,13,9.459375,1.340625,12,1,0,26
3127,"VN86815",1995,13,"19951EX67","EX67",463,19.9,12,10.921875,1.175625,9,1,0,26
3127,"VN86815",1996,14,"19961EX67","EX67",463,21.1,25,10.621875,1.5375,8,2,0,27
3128,"VN86833",1995,13,"19951EX76","EX76",475,19.1,16,10.221875,1.7025,11,1,1,26
3128,"VN86833",1996,14,"19961EX76","EX76",475,18.8,24,9.434375,1.41875,6,2,1,27
3129,"VN86839",1996,14,"19961O15","O15",615,18,27,11.346875,1.5625,8,2,1,27
3130,"VN86840",1995,13,"19951EX69","EX69",465,18.4,15,9.16875,1.264375,9,1,0,26
3130,"VN86840",1996,14,"19961EX72","EX72",469,19.3,25,10.621875,1.5375,5,2,0,27
3130,"VN86840",1997,15,"19971EX73","EX73",470,19.9,17,11.078125,1.55375,7,3,0,28
3131,"VN86848",1995,13,"19951O48","O48",654,17.6,16,9.309375,1.3275,7,1,0,26
3131,"VN86848",1996,14,"19961O49","O49",655,20,26,11.346875,1.5625,7,2,0,27
3131,"VN86848",1997,15,"19971O49","O49",655,18.8,11,10.703125,2.984375,10,3,0,28
3131,"VN86848",1998,16,"19981O49","O49",655,18.1,23,13.5875,0.4975,8,4,0,29
3132,"VN86853",1995,13,"19951EX75","EX75",473,18.7,21,11.159375,1.8675,9,1,1,26
3132,"VN86853",1996,14,"19961EX75","EX75",473,19.4,23,9.34375,1.4,5,2,1,27
3132,"VN86853",1997,15,"19971EX75","EX75",473,20.3,12,11.003125,2.2425,7,3,1,28
3133,"VN86877",1995,13,"19951CP11","CP11",310,18.7,14,9.396875,1.264375,10,1,0,26
3134,"VN86878",1995,13,"19951O20","O20",621,18.5,21,11.159375,1.8675,9,1,0,26
3134,"VN86878",1996,14,"19961O2","O2",620,18.7,23,10.621875,1.5375,8,2,0,27
3134,"VN86878",1997,15,"19971O20","O20",621,17.6,7,10.796875,2.91,10,3,0,28
3134,"VN86878",1998,16,"19981O20","O20",621,18.3,21,13.5875,0.4975,8,4,0,29
3135,"VN86922",1995,13,"19951EX62","EX62",449,19.2,26,12.03125,1.555625,10,1,1,26
3136,"VN86924",1996,14,"19961EX62C","EX62C",452,20,35,13.609375,1.23125,6,2,1,27
3137,"VN86930",1995,13,"19951CP34","CP34",337,18.6,28,12.03125,1.555625,8,1,0,26
3137,"VN86930",1997,15,"19971CP30","CP30",333,19.6,16,10.503125,2.488125,7,3,0,28
3138,"VN86934",1995,13,"19951EX56","EX56",441,19.2,12,10.475,1.258125,7,1,0,26
3139,"VN86947",1995,13,"19951C125","C125",209,17.9,15,9.396875,1.264375,7,1,0,26
3140,"VN86958",1995,13,"19951EX49A","EX49A",427,20.1,16,9.11875,1.23875,9,1,1,26
3140,"VN86958",1996,14,"19961EX49A","EX49A",427,19.7,25,14.225,1.2125,12,2,1,27
3141,"VN86959",1996,14,"19961W36","W36",893,19.7,26,11.0125,1.49375,7,2,1,27
3141,"VN86959",1997,15,"19971W37","W37",894,19.8,11,10.703125,2.984375,9,3,1,28
3142,"VN86964",1995,13,"19951W91","W91",953,18.8,20,11.503125,2.2425,8,1,0,26
3142,"VN86964",1996,14,"19961W93","W93",955,17.7,32,13.646875,1.1,7,2,0,27
3142,"VN86964",1997,15,"19971W93","W93",955,18.7,17,11.71875,1.179375,7,3,0,28
3143,"VN86984",1995,13,"19951EX18","EX18",371,18.9,16,9.459375,1.340625,11,1,1,26
3144,"VN86988",1995,13,"19951W5","W5",908,18.3,25,11.7875,2.229375,6,1,0,26
3144,"VN86988",1996,14,"19961W27","W27",884,18.4,30,12.9875,1.16875,7,2,0,27
3144,"VN86988",1997,15,"19971W25","W25",882,18.4,14,10.503125,2.488125,8,3,0,28
3145,"VN86989",1995,13,"19951EX58","EX58",443,17.5,12,10.096875,1.264375,11,1,1,26
3146,"VN86994",1995,13,"19951EX54","EX54",439,19.1,11,10.921875,1.175625,10,1,0,26
3147,"VN86996",1998,16,"19981EX11","EX11",360,18.9,18,14.003125,0.333125,11,4,1,29
3148,"VN86999",1995,13,"19951O102","O102",592,18.1,49,12.59375,0.868125,6,1,1,26
3148,"VN86999",1996,14,"19961EX92","EX92",491,18.4,30,11.621875,1.29375,6,2,1,27
3148,"VN86999",1997,15,"19971EX91","EX91",490,19.1,8,10.703125,2.984375,5,3,1,28
3149,"VN87029",1995,13,"19951SW8","SW8",844,19.3,17,9.11875,1.23875,5,1,0,26
3150,"VN87056",1996,14,"19961C58","C58",297,19.7,24,9.34375,1.4,8,1,1,30
3151,"VN87060",1996,14,"19961C160A","C160A",245,20.1,31,12.0375,1.2375,6,1,1,30
3151,"VN87060",1998,16,"19981C160A","C160A",245,20.8,26,13.41875,0.49375,9,3,1,32
3152,"VN87068",1997,15,"19971SW30","SW30",788,20.4,6,10.775,2.84625,10,2,1,31
3153,"VN87070",1996,14,"19961O95","O95",706,20.9,31,14.225,1.2125,7,1,1,30
3154,"VN87077",1997,15,"19971O65","O65",674,19.5,24,11.940625,0.956875,8,2,0,31
3155,"VN87078",1997,15,"19971O86","O86",701,20.5,10,12.40625,0.526875,12,2,0,31
3156,"VN87090",1996,14,"19961P24","P24",723,21.2,25,10.621875,1.5375,8,1,0,30
3157,"VN87098",1996,14,"19961P12","P12",711,20.2,21,9.434375,1.41875,10,1,1,30
3158,"VN87307",2000,18,"20001EX52","EX52",437,20.4,22,10.778125,5.2725,7,1,0,48
3159,"VN87315",2001,19,"20011SW112","SW112",746,18.7,24,13.525,2.48125,7,2,1,49
3160,"VN87317",2000,18,"20001W4B","W4B",907,18.8,23,11.33125,4.911875,9,1,0,48
3160,"VN87317",2001,19,"20011W4A","W4A",906,19,23,13.725,0.54,8,2,0,49
3160,"VN87317",2003,21,"20031W3","W3",887,19.6,17,10.9125,2.58625,8,4,0,51
3161,"VN87327",2000,18,"20001C110","C110",195,19.2,20,12.71875,2.445625,8,1,1,48
3161,"VN87327",2001,19,"20011C110","C110",195,20,23,13.94375,0.25375,8,2,1,49
3162,"VN87329",2000,18,"20001C62","C62",302,18.7,26,12.0875,4.7925,6,1,0,48
3162,"VN87329",2001,19,"20011C63","C63",303,18,50,13.30625,0.6,4,2,0,49
3162,"VN87329",2002,20,"20021C62","C62",302,19.6,14,11.321875,1.22875,3,3,0,50
3163,"VN87356",2001,19,"20011C135","C135",219,17.3,28,13.7125,0.7425,4,1,0,52
3164,"VN87359",2001,19,"20011CP5A","CP5A",351,18.2,30,14.090625,0.31875,7,1,0,52
3165,"VN87375",2001,19,"20011B1","B1",1,21,42,12.39375,0.844375,7,1,0,52
3166,"VN87380",2002,20,"20021C55","C55",294,19.1,8,10.83125,0.9525,9,2,0,53
3167,"VN87383",2001,19,"20011P14","P14",713,18.9,31,14.053125,0.25375,6,1,1,52
3167,"VN87383",2002,20,"20021P4","P4",724,19.2,7,11.621875,1.1375,11,2,1,53
3167,"VN87383",2003,21,"20031P4","P4",724,18.4,18,11.371875,2.60875,10,3,1,54
3168,"VN87389",2001,19,"20011C63","C63",303,18.8,50,13.30625,0.6,4,1,1,52
3168,"VN87389",2002,20,"20021C62","C62",302,18.9,14,11.321875,1.22875,3,2,1,53
3168,"VN87389",2004,22,"20041C62","C62",302,18.9,30,14.91875,0.84875,7,4,1,55
3169,"VN87394",2001,19,"20011C35","C35",272,18.5,20,13.525,2.48125,6,1,0,52
3170,"VN87395",2001,19,"20011O76","O76",690,18.2,20,13.7125,0.7425,7,1,0,52
3171,"VN87396",2001,19,"20011SW117","SW117",751,17.6,24,13.7125,0.7425,7,1,1,52
3171,"VN87396",2002,20,"20021SW117","SW117",751,18.4,25,13.04375,2.753125,6,2,1,53
3171,"VN87396",2002,20,"20021SW119","SW119",753,18.4,38,12.734375,2.226875,5,2,1,53
3172,"VN87397",2002,20,"20021C148","C148",231,18.6,7,10.83125,0.9525,4,2,1,53
3172,"VN87397",2004,22,"20041C148","C148",231,18.5,15,12.7375,0.158125,6,4,1,55
3173,"VN87398",2002,20,"20021C127","C127",210,18.6,8,10.83125,0.9525,8,2,1,53
3174,"VN87399",2003,21,"20031C48","C48",286,19,16,10.796875,2.34625,7,3,1,54
3175,"VN87401",1998,16,"19981O58","O58",665,19.7,23,13.80625,0.44375,7,1,1,40
3176,"VN87417",1998,16,"19981O58","O58",665,20.3,23,13.80625,0.44375,7,1,0,40
3176,"VN87417",1999,17,"19991O64","O64",673,21.3,20,12.75,1.334375,7,2,0,41
3176,"VN87417",2000,18,"20001O65","O65",674,20.6,22,12.49375,3.4725,7,3,0,42
3177,"VN87422",1998,16,"19981O80","O80",695,17.7,20,13.875,0.44375,10,1,0,40
3178,"VN87438",1998,16,"19981MP61","MP61",548,19.2,13,14.125,0.495,7,1,0,40
3178,"VN87438",1999,17,"19991MP61","MP61",548,19,8,12.709375,1.80875,8,2,0,41
3178,"VN87438",2000,18,"20001MP61","MP61",548,19.8,12,13.409375,0.720625,9,3,0,42
3178,"VN87438",2001,19,"20011MP61","MP61",548,22,21,13.653125,1.086875,8,4,0,43
3179,"VN87439",2000,18,"20001C45","C45",284,18.5,20,12.49375,3.4725,5,3,0,42
3179,"VN87439",2001,19,"20011C43","C43",282,18.6,31,13.95625,0.369375,3,4,0,43
3180,"VN87452",1998,16,"19981C19","C19",252,17.4,31,12.90625,2.28875,7,1,1,40
3180,"VN87452",1999,17,"19991C151","C151",235,19.3,13,12.78125,0.688125,8,2,1,41
3180,"VN87452",2000,18,"20001C21","C21",255,18.5,24,12.3,4.448125,6,3,1,42
3180,"VN87452",2001,19,"20011C21","C21",255,18.2,31,14.053125,0.25375,5,4,1,43
3181,"VN87454",1998,16,"19981W64B","W64B",927,19.3,12,14.390625,0.4075,10,1,1,40
3182,"VN87463",1998,16,"19981SW56","SW56",817,18.3,36,12.890625,2.49625,3,1,0,40
3183,"VN87468",1998,16,"19981C44","C44",283,17.9,27,13.209375,1.898125,7,1,0,40
3184,"VN87482",1998,16,"19981P15","P15",714,18.4,29,12.778125,2.370625,10,1,0,40
3185,"VN87484",1998,16,"19981SW118","SW118",752,18.6,35,13.053125,3.8,7,1,1,40
3186,"VN87487",1998,16,"19981SW107","SW107",739,19.5,32,13.109375,2.28875,5,1,1,40
3186,"VN87487",2000,18,"20001SW110","SW110",744,20,24,12.71875,2.445625,6,3,1,42
3186,"VN87487",2001,19,"20011SW108","SW108",740,19.4,21,13.446875,2.501875,9,4,1,43
3187,"VN87489",1998,16,"19981C51","C51",290,20.2,13,14.003125,0.333125,11,1,0,40
3187,"VN87489",1999,17,"19991C122","C122",207,20.5,13,12.5625,1.904375,10,2,0,41
3187,"VN87489",2000,18,"20001C118","C118",202,19.8,21,12.49375,3.4725,9,3,0,42
3187,"VN87489",2001,19,"20011C118","C118",202,20.6,23,13.7125,0.7425,8,4,0,43
3188,"VN87493",1999,17,"19991W71","W71",934,20.7,20,12.6375,0.914375,7,2,1,41
3189,"VN87501",1996,14,"19961O106","O106",596,19.2,33,13.953125,1.0875,6,1,0,30
3190,"VN87505",1996,14,"19961B223","B223",111,18.5,36,14.225,1.2125,7,1,1,30
3190,"VN87505",1997,15,"19971B31","B31",124,18.1,14,10.503125,2.488125,9,2,1,31
3191,"VN87513",1996,14,"19961B165","B165",62,18.2,29,11.621875,1.29375,8,1,0,30
3192,"VN87525",1996,14,"19961B35","B35",128,18,46,14.803125,1.04375,6,1,1,30
3193,"VN87541",1996,14,"19961B215","B215",103,17.1,30,11.621875,1.29375,4,1,0,30
3194,"VN87542",1996,14,"19961MP8","MP8",568,17.5,27,11.0125,1.49375,8,1,0,30
3195,"VN87550",1999,17,"19991MP20","MP20",504,19.6,21,12.990625,0.590625,8,4,1,33
3196,"VN87573",1996,14,"19961B97","B97",180,19,32,11.621875,1.29375,7,1,1,30
3197,"VN87574",1996,14,"19961MP55","MP55",541,19,22,9.81875,1.5375,8,1,0,30
3198,"VN87579",1996,14,"19961MP34","MP34",518,19.8,26,11.0125,1.49375,8,1,1,30
3198,"VN87579",1997,15,"19971MP34","MP34",518,21.1,9,10.66875,2.874375,8,2,1,31
3198,"VN87579",1998,16,"19981MP41","MP41",526,19.9,15,14.390625,0.4075,7,3,1,32
3199,"VN87581",1996,14,"19961B217","B217",105,20.2,26,10.621875,1.5375,5,1,1,30
3200,"VN87584",1996,14,"19961MP34","MP34",518,17.5,26,11.0125,1.49375,8,1,0,30
3201,"VN87585",1996,14,"19961B190","B190",80,18.8,37,14.26875,1.075,9,1,0,30
3202,"VN87587",1996,14,"19961B197","B197",87,18,26,11.621875,1.29375,6,1,0,30
3202,"VN87587",1997,15,"19971B217","B217",105,17.7,6,10.4625,2.768125,9,2,0,31
3202,"VN87587",1998,16,"19981B217","B217",105,18.1,21,13.5875,0.4975,8,3,0,32
3203,"VN87590",1996,14,"19961B215","B215",103,18.1,30,11.621875,1.29375,4,1,1,30
3204,"VN87598",1996,14,"19961B79","B79",163,18.2,35,13.609375,1.23125,7,1,0,30
3205,"VN87599",1996,14,"19961B190","B190",80,19.5,37,14.26875,1.075,9,1,1,30
3205,"VN87599",1997,15,"19971B193","B193",82,18.7,15,10.703125,2.466875,10,2,1,31
3205,"VN87599",1998,16,"19981B192","B192",81,18.8,21,13.80625,0.44375,8,3,1,32
3206,"VN87609",1996,14,"19961SW70","SW70",834,20,38,14.340625,1.2125,8,1,1,30
3207,"VN87610",1996,14,"19961CP9","CP9",356,19.6,27,10.31875,1.5375,6,1,0,30
3207,"VN87610",1997,15,"19971CP9","CP9",356,20,6,10.503125,2.70625,8,2,0,31
3207,"VN87610",1998,16,"19981CP9","CP9",356,20.1,21,14.184375,0.319375,3,3,0,32
3208,"VN87615",1997,15,"19971B111","B111",14,19.2,13,10.796875,2.91,8,2,0,31
3209,"VN87620",1996,14,"19961B76","B76",161,19.4,28,11.621875,1.29375,7,1,1,30
3210,"VN87628",1996,14,"19961B55","B55",144,18.1,31,12.9875,1.16875,8,1,0,30
3211,"VN87629",1996,14,"19961B86","B86",170,18.5,26,10.621875,1.5375,7,1,1,30
3212,"VN87633",1996,14,"19961B27","B27",120,17,31,12.45625,1.225,7,1,1,30
3213,"VN87670",1997,15,"19971B168","B168",63,18.4,11,10.603125,3.4225,10,2,0,31
3214,"VN87673",1996,14,"19961B55","B55",144,18.3,31,12.9875,1.16875,8,1,1,30
3215,"VN87683",1996,14,"19961O74","O74",684,19.2,39,14.340625,1.2125,6,1,0,30
3216,"VN87684",1996,14,"19961B184","B184",76,18.7,26,11.0125,1.49375,7,1,1,30
3216,"VN87684",1997,15,"19971B208","B208",97,18.5,13,10.503125,2.488125,10,2,1,31
3217,"VN87686",1996,14,"19961SW70","SW70",834,19,38,14.340625,1.2125,8,1,0,30
3218,"VN87701",1996,14,"19961B35","B35",128,17.7,46,14.803125,1.04375,6,1,0,30
3219,"VN87724",1996,14,"19961B62A","B62A",149,18.7,32,13.646875,1.1,7,1,1,30
3220,"VN87740",1996,14,"19961EX14B","EX14B",367,18.3,38,13.646875,1.1,5,1,0,30
3221,"VN87784",1997,15,"19971MP46","MP46",531,18.2,18,11.003125,2.2425,7,2,1,31
3221,"VN87784",1999,17,"19991MP37","MP37",522,18.5,21,12.6875,1.1275,6,4,1,33
3222,"VN87807",1997,15,"19971B159","B159",56,18.2,11,10.796875,2.91,8,1,1,35
3222,"VN87807",1998,16,"19981B212","B212",100,18.1,23,13.5875,0.4975,9,2,1,36
3222,"VN87807",1999,17,"19991B212","B212",100,18.3,14,12.5625,1.904375,8,3,1,37
3222,"VN87807",2001,19,"20011B81","B81",168,19.9,21,13.459375,2.431875,7,5,1,39
3223,"VN87822",1997,15,"19971EX62E","EX62E",454,17.7,16,11.078125,1.55375,10,1,0,35
3223,"VN87822",1998,16,"19981EX62D","EX62D",453,18.1,26,13.109375,2.28875,10,2,0,36
3224,"VN87824",1997,15,"19971EX51D","EX51D",436,19.4,16,11.078125,1.55375,7,1,1,35
3225,"VN87828",1997,15,"19971SW33","SW33",791,16.8,13,10.603125,3.4225,8,1,0,35
3226,"VN87840",1997,15,"19971MP60","MP60",547,18,29,12.475,0.8775,9,1,1,35
3227,"VN87845",1997,15,"19971MP52","MP52",538,19.3,14,10.703125,2.984375,5,1,1,35
3228,"VN87847",1997,15,"19971P9","P9",729,18.1,18,11.003125,2.2425,7,1,1,35
3228,"VN87847",1998,16,"19981P6","P6",726,17.8,28,13.109375,2.28875,9,2,1,36
3229,"VN87853",1997,15,"19971P6","P6",726,18.6,13,10.703125,2.984375,9,1,1,35
3230,"VN87856",1997,15,"19971EX39A","EX39A",400,19.3,11,11.003125,2.2425,11,1,1,35
3230,"VN87856",1998,16,"19981EX44","EX44",419,20.4,24,12.90625,2.28875,9,2,1,36
3231,"VN87878",1997,15,"19971B94","B94",178,17.2,10,10.703125,2.984375,7,1,0,35
3232,"VN87879",1997,15,"19971B216","B216",104,17.5,8,10.503125,2.70625,8,1,0,35
3233,"VN87885",1997,15,"19971EX49A","EX49A",427,17.9,16,11.1875,1.503125,10,1,0,35
3233,"VN87885",1998,16,"19981EX49A","EX49A",427,19,27,13.29375,1.0725,7,2,0,36
3234,"VN87887",1997,15,"19971B77","B77",162,17.8,15,10.503125,2.488125,7,1,0,35
3234,"VN87887",1998,16,"19981B215","B215",103,18,30,13.209375,1.898125,6,2,0,36
3235,"VN87899",1998,16,"19981B218","B218",106,17.1,27,13.41875,0.49375,8,2,0,36
3236,"VN87944",1996,14,"19961SW48","SW48",807,19.3,38,14.803125,1.04375,6,1,1,30
3237,"VN87950",1997,15,"19971MP74","MP74",562,19.1,15,10.603125,3.4225,3,1,0,35
3238,"VN87977",1997,15,"19971B77","B77",162,18,15,10.503125,2.488125,7,1,1,35
3239,"VN87996",1997,15,"19971C23","C23",256,18.2,9,10.703125,2.984375,9,1,1,35
3240,"VN87999",1999,17,"19991SW44","SW44",803,18.3,25,12.990625,0.590625,7,3,1,37
3241,"VP32004",1996,14,"19961O9","O9",703,20.9,25,10.31875,1.5375,6,1,0,30
3242,"VP32010",1996,14,"19961O49","O49",655,18.6,26,11.346875,1.5625,7,1,1,30
3242,"VP32010",1998,16,"19981O50","O50",657,17.4,27,13.209375,1.898125,7,3,1,32
3243,"VP32024",1996,14,"19961C111","C111",196,17.7,29,12.0375,1.2375,8,1,0,30
3244,"VP32031",1996,14,"19961MP12","MP12",495,18.3,40,14.459375,1.075,5,1,1,30
3245,"VP32034",1996,14,"19961CP29","CP29",331,18.9,33,13.646875,1.1,8,1,1,30
3245,"VP32034",1997,15,"19971CP29","CP29",331,19.6,13,10.503125,2.488125,9,2,1,31
3246,"VP32040",1996,14,"19961SW3","SW3",787,18.3,30,12.0375,1.2375,8,1,0,30
3247,"VP32044",1996,14,"19961EX46","EX46",421,18.4,26,11.346875,1.5625,8,1,1,30
3247,"VP32044",1997,15,"19971EX29A","EX29A",384,18.7,10,10.603125,3.4225,10,2,1,31
3247,"VP32044",1998,16,"19981EX29A","EX29A",384,18.9,25,13.209375,1.898125,10,3,1,32
3248,"VP32046",1996,14,"19961O74","O74",684,19.1,39,14.340625,1.2125,6,1,1,30
3249,"VP32048",1996,14,"19961SW65","SW65",828,19.2,29,11.621875,1.29375,7,1,0,30
3250,"VP32049",1997,15,"19971EX43D","EX43D",417,19.2,11,10.703125,2.466875,10,2,0,31
3251,"VP32051",1996,14,"19961SW61","SW61",823,19.2,27,12.9875,1.16875,9,1,0,30
3252,"VP32061",1997,15,"19971O115","O115",606,18.3,14,10.503125,2.488125,7,2,0,31
3253,"VP32074",1997,15,"19971O28","O28",629,19.6,19,11.1875,1.503125,7,2,1,31
3254,"VP32090",1996,14,"19961B184","B184",76,17.2,26,11.0125,1.49375,7,1,0,30
3255,"VP32104",1996,14,"19961EX91","EX91",490,20.8,24,11.621875,1.29375,2,1,0,30
3255,"VP32104",1997,15,"19971EX91","EX91",490,20.1,8,10.703125,2.984375,5,2,0,31
3255,"VP32104",1998,16,"19981EX92","EX92",491,19.7,24,13.41875,0.49375,9,3,0,32
3255,"VP32104",1999,17,"19991EX92","EX92",491,18.9,17,12.78125,0.688125,9,4,0,33
3255,"VP32104",2000,18,"20001O100","O100",590,19.3,20,11.33125,4.911875,10,5,0,34
3256,"VP32113",1996,14,"19961O39","O39",644,19.8,35,12.9875,1.16875,5,1,0,30
3257,"VP32116",1998,16,"19981EX67","EX67",463,18.6,28,12.890625,2.49625,10,3,1,32
3258,"VP32117",1996,14,"19961O55","O55",662,19.7,26,12.0375,1.2375,10,1,1,30
3258,"VP32117",1997,15,"19971O47","O47",653,18.6,15,10.703125,2.466875,6,2,1,31
3258,"VP32117",1998,16,"19981O30","O30",632,19.3,25,13.41875,0.49375,6,3,1,32
3259,"VP32128",1996,14,"19961C153","C153",237,18.5,32,12.0375,1.2375,5,1,0,30
3260,"VP32131",1997,15,"19971SW113","SW113",747,17.9,7,10.4625,2.768125,9,2,0,31
3260,"VP32131",1998,16,"19981SW113","SW113",747,17.7,14,14.240625,0.506875,7,3,0,32
3261,"VP32133",1996,14,"19961W15","W15",871,18.6,33,14.340625,1.2125,8,1,0,30
3261,"VP32133",1997,15,"19971W4B","W4B",907,19.5,11,10.503125,2.488125,10,2,0,31
3262,"VP32145",1997,15,"19971EX43C","EX43C",416,18.9,6,10.603125,3.4225,11,2,1,31
3263,"VP32149",1997,15,"19971SW104","SW104",736,17.9,12,10.703125,2.984375,2,2,0,31
3264,"VP32153",1996,14,"19961SW15","SW15",772,20,43,14.44375,1.075,8,1,0,30
3265,"VP32156",1996,14,"19961EX88","EX88",485,19.4,37,13.646875,1.1,5,1,0,30
3266,"VP32178",1997,15,"19971O65","O65",674,19.4,24,11.940625,0.956875,8,2,1,31
3267,"VP32221",1996,14,"19961SW110","SW110",744,20,36,13.46875,1.69375,5,1,1,30
3267,"VP32221",1997,15,"19971SW113","SW113",747,19,7,10.4625,2.768125,9,2,1,31
3267,"VP32221",1998,16,"19981SW113","SW113",747,18.6,14,14.240625,0.506875,7,3,1,32
3268,"VP32224",1997,15,"19971MP56","MP56",542,18.7,9,10.66875,2.874375,7,2,0,31
3268,"VP32224",1998,16,"19981MP55","MP55",541,18.8,19,14.240625,0.506875,8,3,0,32
3269,"VP32227",1996,14,"19961O46","O46",652,20,35,13.953125,1.0875,6,1,1,30
3270,"VP32233",1996,14,"19961B91","B91",175,18,30,12.45625,1.225,10,1,0,30
3271,"VP32235",1997,15,"19971O69","O69",678,17.9,8,10.796875,2.91,9,2,1,31
3272,"VP32238",1996,14,"19961EX13A","EX13A",364,16.3,25,12.0375,1.2375,9,1,0,30
3272,"VP32238",1997,15,"19971EX13","EX13",363,17.1,6,10.796875,2.91,8,2,0,31
3273,"VP32243",1996,14,"19961W11","W11",867,18.9,24,10.621875,1.5375,7,1,0,30
3273,"VP32243",1997,15,"19971W11","W11",867,19.4,5,10.553125,2.859375,12,2,0,31
3273,"VP32243",1998,16,"19981EX21","EX21",377,18.5,13,14.003125,0.333125,10,3,0,32
3273,"VP32243",1999,17,"19991W57","W57",917,19.5,8,12.68125,1.91375,8,4,0,33
3273,"VP32243",2000,18,"20001W59","W59",919,19,19,12.3,4.448125,11,5,0,34
3274,"VP32247",1996,14,"19961EX75","EX75",473,20.1,23,9.34375,1.4,5,1,0,30
3275,"VP32250",1996,14,"19961O78","O78",692,19.5,30,12.9875,1.16875,6,1,0,30
3276,"VP32256",1996,14,"19961EX14","EX14",365,18.1,21,10.31875,1.5375,10,1,1,30
3277,"VP32264",1996,14,"19961EX58","EX58",443,20.8,31,12.0375,1.2375,8,1,0,30
3277,"VP32264",1997,15,"19971EX51","EX51",432,21,12,10.603125,3.4225,10,2,0,31
3277,"VP32264",1998,16,"19981EX51","EX51",432,22,26,13.29375,1.0725,10,3,0,32
3278,"VP32266",1996,14,"19961B27","B27",120,19.6,31,12.45625,1.225,7,1,0,30
3279,"VP32280",1996,14,"19961C136","C136",220,18.8,39,14.340625,1.2125,6,1,0,30
3280,"VP32302",1996,14,"19961C19","C19",252,19.3,34,13.646875,1.1,7,1,0,30
3280,"VP32302",1997,15,"19971C19","C19",252,18.9,9,10.703125,2.984375,11,2,0,31
3280,"VP32302",1998,16,"19981C21","C21",255,18.5,19,13.80625,0.44375,10,3,0,32
3280,"VP32302",1999,17,"19991C119","C119",203,18.4,8,12.63125,1.835,9,4,0,33
3280,"VP32302",2000,18,"20001C117","C117",201,18.2,14,12.98125,2.2475,7,5,0,34
3281,"VP32325",1996,14,"19961W54","W54",914,19.1,28,12.45625,1.225,7,1,1,30
3281,"VP32325",1997,15,"19971W54","W54",914,19.1,10,10.66875,2.874375,9,2,1,31
3282,"VP32360",1997,15,"19971C34","C34",270,19,7,10.4625,2.768125,8,2,0,31
3282,"VP32360",1998,16,"19981C112","C112",197,18.6,16,14.390625,0.4075,7,3,0,32
3282,"VP32360",1999,17,"19991C12","C12",204,19.6,7,12.63125,1.835,8,4,0,33
3282,"VP32360",2000,18,"20001C108","C108",192,20.5,17,13.09375,2.00125,7,5,0,34
3283,"VP32364",1996,14,"19961C3B","C3B",277,18.7,34,13.46875,1.69375,5,1,0,30
3284,"VP32367",1998,16,"19981SW105","SW105",737,18.9,20,14.240625,0.506875,8,3,1,32
3284,"VP32367",2000,18,"20001SW105","SW105",737,18,20,12.49375,3.4725,8,5,1,34
3285,"VP32368",1996,14,"19961C59","C59",298,17.7,30,11.621875,1.29375,6,1,1,30
3286,"VP32415",2000,18,"20001EX58","EX58",443,19.9,26,10.85,5.268125,9,3,1,42
3286,"VP32415",2001,19,"20011EX60","EX60",447,19.9,36,14.090625,0.31875,7,4,1,43
3287,"VP32427",1998,16,"19981EX85","EX85",483,16.7,31,12.95,2.91375,10,1,0,40
3288,"VP32432",1998,16,"19981EX18A","EX18A",372,17.7,26,13.209375,1.898125,10,1,1,40
3289,"VP32441",1998,16,"19981C106","C106",190,17.8,25,13.5875,0.4975,8,1,1,40
3290,"VP32442",1999,17,"19991EX44","EX44",419,19.3,28,13.496875,2.29875,9,2,1,41
3290,"VP32442",2000,18,"20001EX39A","EX39A",400,19.4,20,12.49375,3.4725,10,3,1,42
3290,"VP32442",2001,19,"20011EX39A","EX39A",400,19.2,36,12.671875,0.57,8,4,1,43
3291,"VP32475",1998,16,"19981O39","O39",644,17.4,32,12.703125,2.24375,8,1,1,40
3292,"VP32478",1998,16,"19981O108","O108",598,17.3,31,13.109375,2.28875,7,1,0,40
3292,"VP32478",1999,17,"19991O109","O109",599,19.3,20,12.6375,0.914375,9,2,0,41
3292,"VP32478",2000,18,"20001O109","O109",599,18.1,25,11.33125,4.911875,9,3,0,42
3292,"VP32478",2001,19,"20011O108","O108",598,18.6,27,13.95625,0.255625,7,4,0,43
3293,"VP32481",1998,16,"19981EX90","EX90",489,17.9,32,12.778125,2.370625,9,1,1,40
3294,"VP32483",1998,16,"19981O37","O37",640,18.3,32,13.059375,2.939375,9,1,1,40
3295,"VP32493",1998,16,"19981O52","O52",659,18.4,27,12.90625,2.28875,5,1,1,40
3296,"VP32496",1998,16,"19981W49","W49",905,18.2,20,14.184375,0.319375,8,1,0,40
3297,"VP32506",1996,14,"19961C25","C25",261,17.6,32,13.46875,1.69375,7,1,0,30
3298,"VP32515",1996,14,"19961C19","C19",252,18.9,34,13.646875,1.1,7,1,1,30
3298,"VP32515",1997,15,"19971C19","C19",252,18.9,9,10.703125,2.984375,11,2,1,31
3298,"VP32515",1998,16,"19981C21","C21",255,19.7,19,13.80625,0.44375,10,3,1,32
3299,"VP32516",1996,14,"19961O46","O46",652,19.6,35,13.953125,1.0875,6,1,0,30
3300,"VP32519",1996,14,"19961O73","O73",683,20.1,26,12.0375,1.2375,8,1,1,30
3301,"VP32528",1996,14,"19961W31","W31",888,18.5,38,13.646875,1.1,5,1,1,30
3302,"VP32549",1996,14,"19961O28","O28",629,19.4,40,14.975,0.975,5,1,0,30
3303,"VP32550",1996,14,"19961EX90","EX90",489,18.6,40,13.646875,1.1,4,1,1,30
3303,"VP32550",1997,15,"19971EX76","EX76",475,19.3,9,10.66875,2.874375,10,2,1,31
3303,"VP32550",1998,16,"19981EX76","EX76",475,18.8,26,13.41875,0.49375,10,3,1,32
3303,"VP32550",1999,17,"19991EX76","EX76",475,18.6,23,12.990625,0.590625,8,4,1,33
3304,"VP32559",1996,14,"19961EX67","EX67",463,19.5,25,10.621875,1.5375,8,1,1,30
3305,"VP32564",1996,14,"19961W79","W79",943,19.8,27,11.346875,1.5625,7,1,1,30
3306,"VP32566",1996,14,"19961EX41D","EX41D",409,21.7,31,11.621875,1.29375,6,1,0,30
3307,"VP32567",1996,14,"19961EX66","EX66",462,19.9,29,11.346875,1.5625,6,1,1,30
3308,"VP32576",1996,14,"19961W45","W45",902,19.2,28,11.0125,1.49375,6,1,0,30
3308,"VP32576",1998,16,"19981W45","W45",902,19,10,14.403125,0.4125,8,3,0,32
3308,"VP32576",1999,17,"19991W45","W45",902,18.4,10,12.5625,1.904375,9,4,0,33
3309,"VP32597",1996,14,"19961EX62E","EX62E",454,18.9,41,14.26875,1.075,6,1,1,30
3310,"VP32601",1997,15,"19971O32","O32",635,17.8,16,11.078125,1.55375,7,2,0,31
3311,"VP32603",1996,14,"19961B165","B165",62,18.6,29,11.621875,1.29375,8,1,1,30
3312,"VP32604",1997,15,"19971SW56","SW56",817,19,21,11.778125,1.021875,9,2,0,31
3313,"VP32605",1996,14,"19961O14","O14",614,19.7,26,12.0375,1.2375,8,1,0,30
3314,"VP32702",1999,17,"19991P9","P9",729,18.1,35,13.23125,3.83,7,2,0,41
3315,"VP32709",1998,16,"19981P1","P1",708,18.6,26,13.41875,0.49375,7,1,1,40
3316,"VP32727",1998,16,"19981B76","B76",161,18.2,24,13.875,0.44375,6,1,1,40
3317,"VP32767",1998,16,"19981MP79","MP79",567,18.4,21,13.80625,0.44375,9,1,1,40
3318,"VP32790",2000,18,"20001B125","B125",26,19.1,25,11.725,4.965625,9,3,0,42
3318,"VP32790",2001,19,"20011B123","B123",25,18.5,25,13.95625,0.255625,7,4,0,43
3319,"VP32819",1998,16,"19981EX62F","EX62F",455,18.4,29,13.109375,2.28875,7,1,0,40
3319,"VP32819",1999,17,"19991EX62H","EX62H",457,17.9,15,12.6375,0.914375,5,2,0,41
3320,"VP32841",1998,16,"19981EX19A","EX19A",374,19,21,13.875,0.44375,6,1,0,40
3320,"VP32841",2000,18,"20001EX19","EX19",373,19,22,10.85,5.268125,11,3,0,42
3321,"VP32843",1998,16,"19981C140","C140",224,18.8,13,14.390625,0.4075,8,1,1,40
3322,"VP32860",1999,17,"19991O38","O38",641,18.8,21,12.990625,0.590625,8,2,0,41
3323,"VP32863",1998,16,"19981SW16","SW16",773,18.8,27,13.209375,1.898125,7,1,0,40
3324,"VP32867",1998,16,"19981SW112","SW112",746,20.1,24,14.184375,0.319375,4,1,1,40
3325,"VP32871",1998,16,"19981C138","C138",222,18.8,38,13.059375,2.939375,6,1,0,40
3326,"VP32886",1998,16,"19981O52","O52",659,18,27,12.90625,2.28875,5,1,0,40
3327,"VP32894",1998,16,"19981EX43B","EX43B",415,18.9,25,13.41875,0.49375,8,1,1,40
3327,"VP32894",2000,18,"20001EX41A","EX41A",406,18.8,28,10.9875,4.934375,10,3,1,42
3328,"VP32913",1998,16,"19981EX85","EX85",483,17.9,31,12.95,2.91375,10,1,1,40
3329,"VP32916",1998,16,"19981SW5","SW5",810,17.5,30,13.109375,2.28875,7,1,0,40
3330,"VP32925",1999,17,"19991B152","B152",51,18.9,20,12.6375,0.914375,7,2,1,41
3330,"VP32925",2000,18,"20001B52","B52",141,19.7,23,12.0875,4.7925,7,3,1,42
3330,"VP32925",2001,19,"20011B151","B151",50,20.2,26,13.94375,0.25375,5,4,1,43
3331,"VP32940",1998,16,"19981SW112","SW112",746,17.4,24,14.184375,0.319375,4,1,0,40
3332,"VP32956",1998,16,"19981C140","C140",224,18.2,13,14.390625,0.4075,8,1,0,40
3333,"VP32960",1998,16,"19981O103","O103",593,18.8,30,13.109375,2.28875,5,1,1,40
3333,"VP32960",1999,17,"19991O113","O113",604,19.6,27,13.121875,0.866875,6,2,1,41
3333,"VP32960",2001,19,"20011O93","O93",704,18.8,42,12.425,1.9325,6,4,1,43
3334,"VP32986",1998,16,"19981B115","B115",18,18.1,29,13.109375,2.28875,8,1,1,40
3335,"VP51003",1995,13,"19951CP2","CP2",321,18.2,21,11.503125,2.2425,8,1,0,26
3336,"VP51017",1995,13,"19951MP13","MP13",496,19.4,20,9.309375,1.3275,8,1,1,26
3336,"VP51017",1996,14,"19961MP14","MP14",497,18.7,25,10.621875,1.5375,9,2,1,27
3336,"VP51017",1997,15,"19971MP14","MP14",497,18.6,11,10.703125,2.984375,11,3,1,28
3337,"VP51035",1995,13,"19951EX42A","EX42A",412,18.8,12,9.746875,1.264375,9,1,1,26
3337,"VP51035",1996,14,"19961EX42A","EX42A",412,18.5,25,11.346875,1.5625,8,2,1,27
3338,"VP51055",1995,13,"19951EX49","EX49",426,19.9,22,9.459375,1.340625,6,1,1,26
3339,"VP51082",1995,13,"19951CP19","CP19",320,18.2,15,9.396875,1.264375,7,1,0,26
3339,"VP51082",1996,14,"19961CP17","CP17",318,17.5,27,11.0125,1.49375,7,2,0,27
3340,"VP51083",1995,13,"19951CP2","CP2",321,17.8,21,11.503125,2.2425,8,1,1,26
3341,"VP51086",1995,13,"19951CP24","CP24",326,18.1,17,10.221875,1.7025,11,1,1,26
3341,"VP51086",1997,15,"19971CP28","CP28",330,19,18,11.078125,1.55375,7,3,1,28
3341,"VP51086",1998,16,"19981CP28","CP28",330,18.6,30,12.703125,2.24375,9,4,1,29
3342,"VP51113",1996,14,"19961CP5B","CP5B",352,18.9,31,14.509375,1.19375,9,2,1,27
3343,"VP51117",1995,13,"19951EX40","EX40",404,19.3,14,9.16875,1.264375,11,1,1,26
3344,"VP51119",1995,13,"19951W10","W10",859,18.5,20,10.221875,1.7025,8,1,1,26
3345,"VP51122",1995,13,"19951EX39A","EX39A",400,18.2,15,9.11875,1.23875,10,1,0,26
3345,"VP51122",1996,14,"19961EX39A","EX39A",400,19.2,27,11.621875,1.29375,10,2,0,27
3346,"VP51136",1996,14,"19961EX34A","EX34A",392,19.9,23,9.34375,1.4,9,2,1,27
3347,"VP51245",1996,14,"19961O39","O39",644,20.3,35,12.9875,1.16875,5,2,1,27
3348,"VP51333",1997,15,"19971EX65","EX65",461,18.9,14,11.003125,2.2425,9,1,0,35
3348,"VP51333",1998,16,"19981EX65","EX65",461,19.1,25,13.41875,0.49375,8,2,0,36
3349,"VP51335",1997,15,"19971W73","W73",936,18.3,15,10.503125,2.488125,5,1,0,35
3350,"VP51340",1997,15,"19971B86","B86",170,19.5,12,10.503125,2.488125,10,1,1,35
3351,"VP51341",1999,17,"19991EX61","EX61",448,21.1,28,13.0125,0.85125,8,3,1,37
3352,"VP51348",1999,17,"19991O38A","O38A",642,19.7,13,12.89375,1.221875,8,3,0,37
3353,"VP51350",1997,15,"19971EX74","EX74",472,17.9,17,11.40625,1.279375,8,1,0,35
3354,"VP51351",1997,15,"19971CP33","CP33",336,20.5,15,10.703125,2.466875,7,1,0,35
3355,"VP51355",1997,15,"19971EX5","EX5",430,18.2,8,10.503125,2.488125,10,1,0,35
3355,"VP51355",1998,16,"19981EX3","EX3",385,18.4,26,12.90625,2.28875,10,2,0,36
3356,"VP51360",1998,16,"19981EX47A","EX47A",423,19,26,13.41875,0.49375,8,2,0,36
3357,"VP51362",1997,15,"19971C127","C127",210,16.8,13,11.003125,2.2425,10,1,0,35
3358,"VP51365",1997,15,"19971SW132","SW132",768,18.9,15,10.703125,2.466875,7,1,1,35
3359,"VP51367",1998,16,"19981EX4","EX4",403,17.5,23,13.109375,2.28875,11,2,0,36
3360,"VP51371",1997,15,"19971SW26","SW26",783,18.6,12,10.796875,2.91,9,1,1,35
3361,"VP51377",1997,15,"19971W67","W67",930,18.6,10,10.703125,2.984375,10,1,1,35
3361,"VP51377",1998,16,"19981W52","W52",912,18.5,22,13.5875,0.4975,8,2,1,36
3362,"VP51385",1997,15,"19971W8","W8",944,18.1,22,11.778125,1.021875,6,1,0,35
3363,"VP51386",1998,16,"19981W101","W101",861,19.5,31,12.890625,2.49625,8,2,0,36
3363,"VP51386",1999,17,"19991EX77","EX77",476,18.8,35,12.88125,3.87,9,3,0,37
3364,"VP51414",1996,14,"19961EX58","EX58",443,20.8,31,12.0375,1.2375,8,1,1,30
3365,"VP51421",1996,14,"19961W50","W50",909,20,25,9.81875,1.5375,6,1,1,30
3366,"VP51422",1996,14,"19961W28","W28",885,19,27,10.621875,1.5375,4,1,1,30
3367,"VP51425",1996,14,"19961SW113","SW113",747,19.5,30,12.0375,1.2375,6,1,1,30
3368,"VP51426",1997,15,"19971CP11","CP11",310,19.5,14,10.603125,3.4225,7,2,1,31
3369,"VP51427",1996,14,"19961SW127","SW127",762,20.4,29,12.0375,1.2375,8,1,1,30
3370,"VP51433",1996,14,"19961W36","W36",893,19.4,26,11.0125,1.49375,7,1,0,30
3371,"VP51438",1996,14,"19961O101","O101",591,19,38,13.646875,1.1,7,1,1,30
3371,"VP51438",1997,15,"19971O102","O102",592,18.4,15,10.703125,2.466875,8,2,1,31
3371,"VP51438",1998,16,"19981EX92","EX92",491,19,24,13.41875,0.49375,9,3,1,32
3372,"VP51443",1996,14,"19961EX18","EX18",371,18.9,23,9.34375,1.4,7,1,1,30
3373,"VP51444",1996,14,"19961W92","W92",954,19.8,38,13.953125,1.0875,7,1,1,30
3374,"VP51447",1996,14,"19961W94","W94",956,18.5,29,12.45625,1.225,7,1,1,30
3374,"VP51447",1998,16,"19981W77","W77",941,19.2,23,13.875,0.44375,8,3,1,32
3374,"VP51447",1999,17,"19991W75","W75",938,19.4,26,13.121875,0.866875,6,4,1,33
3375,"VP51448",1997,15,"19971W98","W98",960,19.3,12,10.703125,2.984375,9,2,1,31
3376,"VP51452",1996,14,"19961EX12A","EX12A",362,20.2,21,9.34375,1.4,9,1,1,30
3377,"VP51456",1996,14,"19961MP24","MP24",508,18.5,28,11.0125,1.49375,7,1,0,30
3378,"VP51457",1998,16,"19981EX31A","EX31A",388,19.2,27,13.209375,1.898125,10,3,1,32
3379,"VP51467",1996,14,"19961W63","W63",924,19.9,27,11.621875,1.29375,9,1,1,30
3380,"VP51471",1997,15,"19971O36","O36",639,19.8,9,10.796875,2.91,8,2,0,31
3380,"VP51471",1999,17,"19991O34","O34",637,19.3,13,12.55,1.864375,7,4,0,33
3381,"VP51473",1996,14,"19961EX49","EX49",426,19,27,12.0375,1.2375,2,1,1,30
3381,"VP51473",1997,15,"19971EX47A","EX47A",423,19.4,15,11.003125,2.2425,10,2,1,31
3382,"VP51489",1996,14,"19961EX54","EX54",439,19.6,22,9,1.4375,8,1,1,30
3383,"VP51491",1997,15,"19971CP41","CP41",347,17.8,11,10.603125,3.4225,9,2,1,31
3384,"VP51492",1996,14,"19961W49","W49",905,18.3,49,15.325,0.95,7,1,0,30
3385,"VP51493",1996,14,"19961EX43B","EX43B",415,19.2,25,10.31875,1.5375,9,1,0,30
3386,"VP51494",1996,14,"19961EX26","EX26",380,19.5,31,12.0375,1.2375,8,1,0,30
3387,"VP51498",1996,14,"19961CP5A","CP5A",351,18.6,35,13.46875,1.69375,4,1,1,30
3388,"VP51500",1996,14,"19961EX89","EX89",486,17.7,29,13.646875,1.1,8,1,1,30
3389,"VP51511",1997,15,"19971EX62C","EX62C",452,20.3,24,11.71875,1.179375,7,2,1,31
3390,"VP51529",1996,14,"19961O47","O47",653,20.6,38,13.953125,1.0875,6,1,1,30
3391,"VP51531",1996,14,"19961EX39C","EX39C",402,19.6,26,10.31875,1.5375,7,1,1,30
3392,"VP51534",1996,14,"19961O101","O101",591,20.2,38,13.646875,1.1,7,1,0,30
3392,"VP51534",1997,15,"19971O102","O102",592,18.5,15,10.703125,2.466875,8,2,0,31
3393,"VP51535",1996,14,"19961EX17","EX17",370,19.6,46,14.509375,1.19375,7,1,1,30
3394,"VP51539",1996,14,"19961EX73","EX73",470,19.4,24,10.621875,1.5375,8,1,1,30
3394,"VP51539",1997,15,"19971EX73A","EX73A",471,20,16,10.703125,2.466875,10,2,1,31
3395,"VP51541",1996,14,"19961EX66","EX66",462,21.1,29,11.346875,1.5625,6,1,0,30
3396,"VP51545",1997,15,"19971EX73","EX73",470,20.8,17,11.078125,1.55375,7,2,1,31
3396,"VP51545",1998,16,"19981EX73A","EX73A",471,20,30,12.90625,2.28875,10,3,1,32
3397,"VP51557",1996,14,"19961CP24","CP24",326,19,22,10.621875,1.5375,11,1,1,30
3398,"VP51573",1997,15,"19971O64","O64",673,19.5,14,10.503125,2.488125,6,2,0,31
3398,"VP51573",1998,16,"19981O67","O67",676,20.2,24,13.41875,0.49375,7,3,0,32
3399,"VP51574",1997,15,"19971CP25","CP25",327,19.5,6,10.796875,2.91,12,2,0,31
3400,"VP51577",1996,14,"19961W6","W6",920,20.5,28,11.621875,1.29375,8,1,1,30
3400,"VP51577",1997,15,"19971W8","W8",944,20.7,22,11.778125,1.021875,6,2,1,31
3400,"VP51577",1998,16,"19981W3","W3",887,21.8,34,12.90625,2.28875,5,3,1,32
3401,"VP51578",1996,14,"19961O117","O117",608,19.5,47,14.975,0.975,7,1,0,30
3402,"VP51579",1996,14,"19961EX49B","EX49B",428,20.1,34,14.26875,1.075,7,1,1,30
3403,"VP51588",1996,14,"19961SW65","SW65",828,18.4,29,11.621875,1.29375,7,1,1,30
3404,"VP51596",1996,14,"19961EX36","EX36",395,19.4,22,9.34375,1.4,10,1,0,30
3405,"VP51604",1996,14,"19961EX22","EX22",378,19,30,12.9875,1.16875,6,1,1,30
3405,"VP51604",1997,15,"19971W13","W13",869,19.6,9,10.553125,2.859375,8,2,1,31
3406,"VP51622",1996,14,"19961SW103","SW103",735,20.4,30,11.621875,1.29375,6,1,0,30
3407,"VP51630",1996,14,"19961C51","C51",290,17.8,32,13.46875,1.69375,7,1,1,30
3408,"VP51632",1997,15,"19971O50","O50",657,18.4,13,10.703125,2.466875,7,2,0,31
3408,"VP51632",1998,16,"19981O50","O50",657,19.4,27,13.209375,1.898125,7,3,0,32
3409,"VP51646",1996,14,"19961EX71","EX71",468,19.4,28,11.346875,1.5625,9,1,1,30
3410,"VP51649",1996,14,"19961EX21","EX21",377,18.4,28,11.0125,1.49375,7,1,1,30
3411,"VP51653",1996,14,"19961EX62I","EX62I",458,18.9,40,14.340625,1.2125,7,1,0,30
3411,"VP51653",1997,15,"19971EX62I","EX62I",458,20,11,10.503125,2.488125,6,2,0,31
3412,"VP51659",1996,14,"19961CP27","CP27",329,18.6,30,12.0375,1.2375,7,1,0,30
3413,"VP51662",1996,14,"19961EX52","EX52",437,18.1,25,11.0125,1.49375,9,1,0,30
3414,"VP51676",1999,17,"19991W81","W81",946,18.4,28,13.0125,0.85125,8,4,1,33
3415,"VP51701",1997,15,"19971O72","O72",682,18.4,12,10.503125,2.488125,8,2,0,31
3416,"VP51705",1996,14,"19961SW121","SW121",756,18.2,30,12.0375,1.2375,8,1,1,30
3417,"VP51706",1997,15,"19971O85","O85",700,18.6,13,10.503125,2.488125,9,2,1,31
3417,"VP51706",1998,16,"19981O69","O69",678,18.6,24,13.5875,0.4975,8,3,1,32
3417,"VP51706",1999,17,"19991O69","O69",678,19.2,30,13.484375,2.52625,10,4,1,33
3418,"VP51711",1996,14,"19961EX47A","EX47A",423,19,32,12.9875,1.16875,7,1,0,30
3418,"VP51711",1997,15,"19971EX47A","EX47A",423,19,15,11.003125,2.2425,10,2,0,31
3419,"VP51720",1996,14,"19961EX19A","EX19A",374,18.6,22,9.434375,1.41875,9,1,1,30
3420,"VP51728",1997,15,"19971O37","O37",640,18.4,15,10.603125,3.4225,8,2,1,31
3421,"VP51729",1997,15,"19971CP5","CP5",350,18.8,12,11.003125,2.2425,10,2,0,31
3421,"VP51729",1998,16,"19981CP6","CP6",353,19.2,28,13.209375,1.898125,10,3,0,32
3422,"VP51731",1996,14,"19961W14","W14",870,19.8,38,13.953125,1.0875,5,1,1,30
3423,"VP51735",1996,14,"19961W83","W83",947,20.4,26,11.346875,1.5625,10,1,1,30
3424,"VP51736",1996,14,"19961CP33","CP33",336,19.2,28,10.621875,1.5375,5,1,1,30
3425,"VP51737",1996,14,"19961CP9","CP9",356,19.9,27,10.31875,1.5375,6,1,1,30
3426,"VP51770",1996,14,"19961B125","B125",26,19,35,13.646875,1.1,5,1,0,30
3426,"VP51770",1997,15,"19971B13","B13",29,18.4,15,10.503125,2.488125,8,2,0,31
3426,"VP51770",1998,16,"19981B130","B130",30,19.4,25,13.5875,0.4975,6,3,0,32
3427,"VP51771",1996,14,"19961W62","W62",923,18.2,29,11.621875,1.29375,6,1,0,30
3427,"VP51771",1997,15,"19971W67","W67",930,17.8,10,10.703125,2.984375,10,2,0,31
3428,"VP51773",1996,14,"19961W4B","W4B",907,19.5,23,10.31875,1.5375,10,1,1,30
3429,"VP51776",1996,14,"19961CP4","CP4",344,19.4,31,12.0375,1.2375,7,1,1,30
3430,"VP51778",1996,14,"19961W52","W52",912,18.5,29,13.46875,1.69375,9,1,0,30
3431,"VP51782",1996,14,"19961W9","W9",952,18.2,30,12.0375,1.2375,7,1,1,30
3431,"VP51782",1997,15,"19971W7","W7",933,19.1,13,10.503125,2.488125,9,2,1,31
3432,"VP51797",1996,14,"19961O31","O31",634,20.9,39,14.340625,1.2125,4,1,0,30
3432,"VP51797",1997,15,"19971O54","O54",661,20,12,10.603125,3.4225,11,2,0,31
3432,"VP51797",1998,16,"19981O54","O54",661,19.9,28,13.109375,2.28875,8,3,0,32
3433,"VP51799",1997,15,"19971O63","O63",672,18.7,12,10.703125,2.466875,9,2,0,31
3434,"VP51817",1996,14,"19961W95","W95",957,19.7,30,12.0375,1.2375,8,1,1,30
3434,"VP51817",1997,15,"19971W93","W93",955,21.2,17,11.71875,1.179375,7,2,1,31
3435,"VP51839",1996,14,"19961SW132","SW132",768,20,30,12.9875,1.16875,7,1,1,30
3436,"VP51841",1998,16,"19981SW125","SW125",760,19.1,26,13.29375,1.0725,8,3,0,32
3436,"VP51841",1999,17,"19991SW127","SW127",762,20.1,22,13.121875,0.866875,4,4,0,33
3436,"VP51841",2000,18,"20001SW127","SW127",762,19.4,25,10.778125,5.2725,7,5,0,34
3437,"VP51843",1997,15,"19971O109","O109",599,19,25,11.940625,0.956875,10,2,1,31
3438,"VP51844",1996,14,"19961EX10A","EX10A",359,19.5,25,11.0125,1.49375,10,1,0,30
3439,"VP51847",1996,14,"19961EX6","EX6",446,18.4,23,9.434375,1.41875,8,1,1,30
3439,"VP51847",1997,15,"19971EX5","EX5",430,19.3,8,10.503125,2.488125,10,2,1,31
3440,"VP51848",1997,15,"19971C61","C61",300,18.2,12,10.703125,2.984375,9,2,0,31
3441,"VP51922",1996,14,"19961CP12","CP12",312,18.8,28,10.621875,1.5375,7,1,1,30
3442,"VP51938",1996,14,"19961W15","W15",871,18,33,14.340625,1.2125,8,1,1,30
3443,"VP51946",1997,15,"19971CP28","CP28",330,17.6,18,11.078125,1.55375,7,2,0,31
3444,"VP51947",1996,14,"19961W18","W18",874,18.5,34,13.646875,1.1,6,1,1,30
3445,"VP51948",1998,16,"19981CP28","CP28",330,17.1,30,12.703125,2.24375,9,3,0,32
3446,"VP51951",1996,14,"19961CP12","CP12",312,18.8,28,10.621875,1.5375,7,1,0,30
3446,"VP51951",1997,15,"19971CP11","CP11",310,18.3,14,10.603125,3.4225,7,2,0,31
3446,"VP51951",1998,16,"19981CP5","CP5",350,18.3,29,13.109375,2.28875,9,3,0,32
3447,"VP51953",1997,15,"19971W37","W37",894,18.9,11,10.703125,2.984375,9,2,0,31
3447,"VP51953",1998,16,"19981W25","W25",882,18.7,24,13.5875,0.4975,8,3,0,32
3448,"VP51955",1996,14,"19961EX30","EX30",386,19.9,22,9.34375,1.4,9,1,0,30
3449,"VP51957",1997,15,"19971W28","W28",885,18.8,11,10.66875,2.874375,8,2,0,31
3450,"VP51960",1996,14,"19961EX6","EX6",446,19.6,23,9.434375,1.41875,8,1,0,30
3450,"VP51960",1997,15,"19971EX4","EX4",403,19.1,12,10.503125,2.488125,7,2,0,31
3451,"VP51962",1997,15,"19971W14","W14",870,18.5,18,11.40625,1.279375,9,2,1,31
3452,"VP51975",1996,14,"19961SW113","SW113",747,20,30,12.0375,1.2375,6,1,0,30
3453,"VR26003",1998,16,"19981C146","C146",229,18.8,28,13.109375,2.28875,8,1,1,40
3453,"VR26003",1999,17,"19991C42","C42",281,18.8,22,12.78125,0.688125,7,2,1,41
3453,"VR26003",2000,18,"20001C41","C41",280,18.6,14,13.396875,0.903125,5,3,1,42
3454,"VR26016",2000,18,"20001W37","W37",894,20.1,21,12.0875,4.7925,10,2,1,45
3454,"VR26016",2001,19,"20011W49","W49",905,20.5,27,14.053125,0.25375,7,3,1,46
3455,"VR26020",1999,17,"19991C24C","C24C",260,17.8,13,12.69375,1.89875,7,1,1,44
3455,"VR26020",2000,18,"20001C101","C101",185,18.1,23,12.0875,4.7925,9,2,1,45
3455,"VR26020",2001,19,"20011C1","C1",183,18,25,13.725,0.54,7,3,1,46
3456,"VR26025",1999,17,"19991O95","O95",706,18.7,27,13.2125,1.54875,9,1,0,44
3456,"VR26025",2000,18,"20001SW125","SW125",760,17.9,30,11.546875,4.335,9,2,0,45
3456,"VR26025",2001,19,"20011O95","O95",706,18.6,31,14.090625,0.31875,10,3,0,46
3456,"VR26025",2002,20,"20021O95","O95",706,19,17,12.940625,2.74375,10,4,0,47
3457,"VR26029",1999,17,"19991CP13","CP13",313,19.1,27,13.2125,1.54875,10,1,0,44
3458,"VR26030",2000,18,"20001C149","C149",232,18,35,11.61875,4.356875,6,2,0,45
3459,"VR26060",1999,17,"19991C36","C36",273,19.8,11,12.596875,1.89875,8,1,1,44
3459,"VR26060",2000,18,"20001C141","C141",225,20.1,22,11.33125,4.911875,9,2,1,45
3460,"VR26072",1999,17,"19991CP40A","CP40A",346,19.4,10,12.596875,1.89875,8,1,1,44
3460,"VR26072",2000,18,"20001CP42A","CP42A",348,20.3,28,10.778125,5.2725,4,2,1,45
3461,"VR26098",1999,17,"19991O80","O80",695,18.9,30,13.2125,3.139375,8,1,0,44
3461,"VR26098",2000,18,"20001O79","O79",693,18.9,26,11.228125,5.03125,8,2,0,45
3462,"VR26114",1998,16,"19981SW115","SW115",749,19.4,27,13.29375,1.0725,10,1,1,40
3462,"VR26114",1999,17,"19991SW114","SW114",748,20.9,27,13.496875,2.29875,10,2,1,41
3462,"VR26114",2001,19,"20011SW114","SW114",748,19.9,28,14.053125,0.25375,6,4,1,43
3463,"VR26119",1999,17,"19991C138","C138",222,18,39,12.88125,3.87,8,2,1,41
3463,"VR26119",2000,18,"20001C39","C39",275,18.6,21,12.71875,2.445625,9,3,1,42
3464,"VR26146",1998,16,"19981EX84","EX84",482,17.4,33,13.059375,2.939375,10,1,1,40
3465,"VR26162",1998,16,"19981C160A","C160A",245,18.4,26,13.41875,0.49375,9,1,0,40
3466,"VR26168",1998,16,"19981SW76","SW76",840,18.5,26,13.41875,0.49375,7,1,1,40
3467,"VR26170",1998,16,"19981C61","C61",300,18.8,29,13.209375,1.898125,6,1,1,40
3467,"VR26170",1999,17,"19991C161","C161",247,19.2,14,12.68125,1.91375,2,2,1,41
3467,"VR26170",2000,18,"20001C62","C62",302,18.3,26,12.0875,4.7925,6,3,1,42
3468,"VR26206",1999,17,"19991MP71","MP71",559,17.6,12,12.63125,1.835,7,1,0,44
3468,"VR26206",2000,18,"20001MP71","MP71",559,18.4,19,12.98125,2.2475,7,2,0,45
3469,"VR26236",1999,17,"19991MP73","MP73",561,17.5,27,12.9875,0.860625,7,1,0,44
3470,"VR26253",2000,18,"20001P6","P6",726,18.9,24,10.778125,5.2725,9,1,0,48
3471,"VR26256",2000,18,"20001SW105","SW105",737,18.5,20,12.49375,3.4725,8,1,0,48
3471,"VR26256",2001,19,"20011SW105","SW105",737,18.3,15,12.85,2.634375,9,2,0,49
3471,"VR26256",2002,20,"20021SW106","SW106",738,18.2,15,13.15625,2.195625,8,3,0,50
3472,"VR26274",2000,18,"20001O67","O67",676,18.2,30,10.9875,4.934375,6,1,0,48
3473,"VR26276",2000,18,"20001O8","O8",694,18.5,26,10.85,5.268125,7,1,0,48
3473,"VR26276",2001,19,"20011O8","O8",694,18.2,27,13.653125,0.380625,7,2,0,49
3474,"VR26303",1997,15,"19971B170","B170",65,17.2,27,12.475,0.8775,7,1,0,35
3475,"VR26305",1997,15,"19971B127","B127",27,16.5,32,12.68125,0.234375,8,1,0,35
3476,"VR26316",1998,16,"19981MP76","MP76",564,18.3,24,13.41875,0.49375,9,2,1,36
3476,"VR26316",1999,17,"19991MP75","MP75",563,18,31,13.60625,2.39,8,3,1,37
3476,"VR26316",2001,19,"20011MP77","MP77",565,19.9,27,14.0125,0.25125,6,5,1,39
3477,"VR26323",1997,15,"19971B145","B145",43,19.4,9,10.703125,2.984375,11,1,0,35
3477,"VR26323",1998,16,"19981B155","B155",53,18.6,13,14.365625,0.435625,10,2,0,36
3477,"VR26323",1999,17,"19991B46","B46",136,18.8,15,12.990625,0.590625,10,3,0,37
3478,"VR26327",1997,15,"19971B127","B127",27,19.8,32,12.68125,0.234375,8,1,1,35
3479,"VR26328",1997,15,"19971B229","B229",116,20,11,10.66875,2.874375,8,1,1,35
3480,"VR26335",1997,15,"19971B90","B90",174,17.7,17,11.003125,2.2425,9,1,0,35
3480,"VR26335",1998,16,"19981B189","B189",79,17.9,27,13.209375,1.898125,9,2,0,36
3481,"VR26356",1997,15,"19971SW1","SW1",730,17.9,21,11.778125,1.021875,7,1,0,35
3481,"VR26356",1998,16,"19981SW1","SW1",730,18.6,28,13.109375,2.28875,9,2,0,36
3482,"VR26357",1997,15,"19971SW42","SW42",801,18.6,15,10.503125,2.488125,11,1,1,35
3483,"VR26361",1997,15,"19971B76","B76",161,18,14,10.603125,3.4225,7,1,0,35
3484,"VR26362",1997,15,"19971B168","B168",63,18.4,11,10.603125,3.4225,10,1,1,35
3484,"VR26362",1998,16,"19981SW82","SW82",848,18.2,26,13.29375,1.0725,9,2,1,36
3485,"VR26365",1997,15,"19971B117","B117",20,16.7,16,11.078125,1.55375,8,1,0,35
3486,"VR26371",1997,15,"19971P9","P9",729,19.2,18,11.003125,2.2425,7,1,0,35
3487,"VR26372",1997,15,"19971CP29","CP29",331,19.1,13,10.503125,2.488125,9,1,0,35
3488,"VR26374",1997,15,"19971B87","B87",171,19.2,19,11.078125,1.55375,10,1,0,35
3489,"VR26383",1997,15,"19971C110","C110",195,17.6,7,10.628125,2.883125,9,1,0,35
3489,"VR26383",1998,16,"19981C110","C110",195,19.4,27,13.29375,1.0725,8,2,0,36
3490,"VR26415",1997,15,"19971EX29A","EX29A",384,17,10,10.603125,3.4225,10,1,0,35
3490,"VR26415",1998,16,"19981EX29A","EX29A",384,17,25,13.209375,1.898125,10,2,0,36
3490,"VR26415",1999,17,"19991EX29A","EX29A",384,18.1,22,12.990625,0.590625,7,3,0,37
3490,"VR26415",2000,18,"20001EX29A","EX29A",384,17.7,27,11.228125,5.03125,10,4,0,38
3491,"VR26421",1998,16,"19981B79","B79",163,17.3,30,12.90625,2.28875,9,2,0,36
3492,"VR26433",1997,15,"19971MP34A","MP34A",519,17.5,20,11.71875,1.179375,9,1,1,35
3492,"VR26433",1998,16,"19981MP33","MP33",517,18.9,24,13.41875,0.49375,11,2,1,36
3493,"VR26449",1998,16,"19981MP90","MP90",580,18.3,21,14.003125,0.333125,8,2,0,36
3494,"VR26451",1997,15,"19971MP29","MP29",512,18.6,19,11.1875,1.503125,7,1,1,35
3494,"VR26451",1998,16,"19981MP21","MP21",505,19.2,25,13.41875,0.49375,8,2,1,36
3494,"VR26451",1999,17,"19991MP29","MP29",512,19.4,19,12.75,1.334375,7,3,1,37
3495,"VR26478",1997,15,"19971B206","B206",95,19.2,14,10.703125,2.984375,8,1,1,35
3495,"VR26478",1998,16,"19981B56","B56",145,19.2,26,13.41875,0.49375,9,2,1,36
3495,"VR26478",2001,19,"20011B57","B57",146,22,23,13.653125,1.086875,5,5,1,39
3496,"VR26484",1997,15,"19971MP24","MP24",508,17.4,16,15.225,2.6525,4,1,0,35
3496,"VR26484",1998,16,"19981MP23","MP23",507,17.5,11,14.33125,0.435625,7,2,0,36
3496,"VR26484",1999,17,"19991MP27","MP27",511,17.2,10,12.69375,1.89875,10,3,0,37
3496,"VR26484",2000,18,"20001MP25","MP25",509,17.2,20,12.71875,2.445625,9,4,0,38
3497,"VR26516",1999,17,"19991MP69","MP69",556,19.7,16,12.69375,1.89875,8,2,0,41
3498,"VR26566",1998,16,"19981P14","P14",713,18.9,28,13.29375,1.0725,6,1,0,40
3498,"VR26566",1999,17,"19991SW46","SW46",805,18,27,13.0125,0.85125,7,2,0,41
3499,"VR26570",1998,16,"19981MP6","MP6",546,19.1,27,13.29375,1.0725,8,1,1,40
3500,"VR26581",1998,16,"19981B23","B23",117,19,21,14.003125,0.333125,7,1,0,40
3501,"VR26583",1998,16,"19981MP68","MP68",555,18.4,21,14.003125,0.333125,8,1,0,40
3501,"VR26583",1999,17,"19991MP76","MP76",564,19.5,14,12.89375,1.221875,6,2,0,41
3501,"VR26583",2000,18,"20001MP76","MP76",564,18,23,11.725,4.965625,8,3,0,42
3502,"VR26592",1998,16,"19981MP13","MP13",496,19.9,28,12.90625,2.28875,9,1,0,40
3503,"VR26605",1998,16,"19981SW89","SW89",855,19.5,30,13.109375,2.28875,9,1,0,40
3504,"VR26630",1998,16,"19981B205","B205",94,17.2,28,13.109375,2.28875,9,1,0,40
3504,"VR26630",1999,17,"19991B92","B92",176,18.5,18,12.6375,0.914375,8,2,0,41
3505,"VR26660",1999,17,"19991B188","B188",78,19,32,13.23125,2.903125,7,2,0,41
3506,"VR26676",1998,16,"19981P14","P14",713,18.5,28,13.29375,1.0725,6,1,1,40
3507,"VR26686",1998,16,"19981CP30","CP30",333,18.6,32,12.703125,2.24375,8,1,0,40
3508,"VR26720",1998,16,"19981SW80","SW80",845,18.3,25,13.29375,1.0725,9,1,0,40
3509,"VR26723",1998,16,"19981P13","P13",712,18.4,32,12.703125,2.24375,7,1,1,40
3510,"VR26789",1998,16,"19981SW51","SW51",812,18.3,36,12.946875,3.53375,10,1,1,40
3511,"VR26796",1998,16,"19981P23","P23",722,18.1,26,13.41875,0.49375,7,1,0,40
3512,"VR26801",1997,15,"19971EX84","EX84",482,18.9,16,11.1875,1.503125,10,1,1,35
3513,"VR26810",1997,15,"19971EX51A","EX51A",433,18.9,14,10.503125,2.488125,9,1,1,35
3513,"VR26810",1998,16,"19981W78","W78",942,19.6,30,12.90625,2.28875,8,2,1,36
3513,"VR26810",1999,17,"19991W79","W79",943,20,34,13.2125,3.139375,8,3,1,37
3513,"VR26810",2000,18,"20001W64A","W64A",926,20.1,28,10.85,5.268125,8,4,1,38
3514,"VR26812",1997,15,"19971P14","P14",713,17.7,13,10.503125,2.488125,10,1,0,35
3515,"VR26814",1997,15,"19971EX51","EX51",432,18.9,12,10.603125,3.4225,10,1,1,35
3515,"VR26814",1998,16,"19981EX51","EX51",432,19.7,26,13.29375,1.0725,10,2,1,36
3516,"VR26820",1998,16,"19981CP40","CP40",345,18.9,50,14.228125,3.21,7,2,1,36
3517,"VR26828",1997,15,"19971W22","W22",879,18.2,13,10.503125,2.488125,11,1,1,35
3518,"VR26839",1997,15,"19971CP30","CP30",333,19.6,16,10.503125,2.488125,7,1,1,35
3518,"VR26839",1998,16,"19981CP30","CP30",333,20,32,12.703125,2.24375,8,2,1,36
3519,"VR26843",1997,15,"19971W57","W57",917,19.3,23,11.778125,1.021875,8,1,1,35
3519,"VR26843",1998,16,"19981W32","W32",889,19.4,23,13.109375,2.28875,10,2,1,36
3520,"VR26846",1997,15,"19971EX20","EX20",376,18.2,10,10.66875,2.874375,7,1,0,35
3521,"VR26853",1997,15,"19971EX14","EX14",365,16.7,12,15.103125,2.8575,4,1,0,35
3522,"VR26865",1997,15,"19971EX62E","EX62E",454,17.7,16,11.078125,1.55375,10,1,1,35
3523,"VR26866",1997,15,"19971CP36","CP36",339,18.4,13,10.796875,2.91,8,1,1,35
3524,"VR26869",1997,15,"19971EX80","EX80",480,18.2,27,12.475,0.8775,8,1,0,35
3524,"VR26869",1998,16,"19981EX80","EX80",480,18,33,12.890625,2.49625,9,2,0,36
3525,"VR26935",1998,16,"19981EX32","EX32",389,19,21,13.5875,0.4975,9,2,0,36
3526,"VR26946",1997,15,"19971P24","P24",723,16.8,15,11.078125,1.55375,10,1,0,35
3527,"VR26948",1999,17,"19991MP9","MP9",579,18.1,15,12.89375,1.221875,9,3,1,37
3528,"VR26958",1998,16,"19981O18","O18",618,19.6,26,13.29375,1.0725,9,2,0,36
3528,"VR26958",1999,17,"19991O19","O19",619,18.6,30,13.484375,2.52625,7,3,0,37
3529,"VR26963",1997,15,"19971O117","O117",608,18.2,20,10.703125,2.466875,5,1,0,35
3530,"VR26967",1997,15,"19971O109","O109",599,17.5,25,11.940625,0.956875,10,1,0,35
3531,"VR26970",1997,15,"19971W68","W68",931,19.8,14,10.503125,2.488125,8,1,1,35
3532,"VR26977",1997,15,"19971EX72","EX72",469,19.3,17,10.703125,2.466875,7,1,1,35
3533,"VR26986",1997,15,"19971EX45","EX45",420,19,11,10.796875,2.91,7,1,0,35
3533,"VR26986",1998,16,"19981EX45","EX45",420,17.9,25,13.29375,1.0725,10,2,0,36
3533,"VR26986",2000,18,"20001EX43","EX43",413,18.2,21,12.3,4.448125,11,4,0,38
3533,"VR26986",2001,19,"20011EX29A","EX29A",384,18.6,33,13.653125,0.380625,7,5,0,39
3534,"VR26989",1998,16,"19981W85","W85",949,18.6,29,12.90625,2.28875,9,2,1,36
3535,"VR27004",1996,14,"19961EX12A","EX12A",362,20.3,21,9.34375,1.4,9,1,0,30
3536,"VR27008",1996,14,"19961EX52","EX52",437,19.3,25,11.0125,1.49375,9,1,1,30
3537,"VR27009",1996,14,"19961W89","W89",951,17.7,29,12.0375,1.2375,7,1,0,30
3538,"VR27010",1996,14,"19961EX14A","EX14A",366,20,20,8.790625,1.425,6,1,1,30
3539,"VR27018",1996,14,"19961EX47A","EX47A",423,18.9,32,12.9875,1.16875,7,1,1,30
3540,"VR27024",1996,14,"19961MP12","MP12",495,17.8,40,14.459375,1.075,5,1,0,30
3541,"VR27026",1996,14,"19961W103","W103",863,18.6,28,11.621875,1.29375,9,1,0,30
3542,"VR27041",1996,14,"19961CP20","CP20",322,17.9,26,11.346875,1.5625,8,1,0,30
3543,"VR27054",1996,14,"19961W75","W75",938,20.6,26,12.0375,1.2375,9,1,0,30
3544,"VR27059",1996,14,"19961W95","W95",957,19,30,12.0375,1.2375,8,1,0,30
3544,"VR27059",1997,15,"19971W98","W98",960,19,12,10.703125,2.984375,9,2,0,31
3544,"VR27059",1998,16,"19981W95","W95",957,20,27,13.209375,1.898125,10,3,0,32
3545,"VR27064",1996,14,"19961O35","O35",638,21,32,12.9875,1.16875,6,1,1,30
3546,"VR27067",1996,14,"19961O84","O84",699,19.2,31,12.0375,1.2375,6,1,1,30
3547,"VR27077",1996,14,"19961W69","W69",932,18,30,12.45625,1.225,6,1,0,30
3548,"VR27089",1996,14,"19961EX22","EX22",378,18.8,30,12.9875,1.16875,6,1,0,30
3549,"VR27109",1996,14,"19961EX70","EX70",467,17.6,31,12.0375,1.2375,7,1,1,30
3550,"VR27114",1997,15,"19971O28","O28",629,17.5,19,11.1875,1.503125,7,2,0,31
3551,"VR27126",1996,14,"19961W84","W84",948,19.6,36,13.646875,1.1,7,1,0,30
3552,"VR27127",1997,15,"19971W23","W23",880,19.5,17,10.503125,2.488125,8,2,1,31
3552,"VR27127",1998,16,"19981W22","W22",879,19,24,13.41875,0.49375,9,3,1,32
3552,"VR27127",1999,17,"19991W22","W22",879,18.6,30,13.60625,2.39,7,4,1,33
3553,"VR27151",1996,14,"19961EX32","EX32",389,19.5,24,9.34375,1.4,6,1,1,30
3554,"VR27152",1996,14,"19961O111","O111",602,20.7,32,13.46875,1.69375,8,1,1,30
3555,"VR27156",1999,17,"19991O38A","O38A",642,18.9,13,12.89375,1.221875,8,4,1,33
3556,"VR27157",1996,14,"19961O35","O35",638,19.1,32,12.9875,1.16875,6,1,0,30
3557,"VR27183",1997,15,"19971EX58","EX58",443,17.9,11,10.703125,2.984375,8,1,1,35
3558,"VR27211",1997,15,"19971EX64","EX64",460,17.9,19,11.1875,1.503125,8,1,0,35
3559,"VR27293",1997,15,"19971MP56","MP56",542,18.3,9,10.66875,2.874375,7,1,1,35
3559,"VR27293",1998,16,"19981MP55","MP55",541,19.5,19,14.240625,0.506875,8,2,1,36
3560,"VR27297",1997,15,"19971W81","W81",946,18.2,14,10.703125,2.984375,7,1,1,35
3560,"VR27297",1998,16,"19981W94","W94",956,18.7,21,13.875,0.44375,9,2,1,36
3561,"VR27298",1998,16,"19981W45","W45",902,18.4,10,14.403125,0.4125,8,2,1,36
3561,"VR27298",1999,17,"19991W45","W45",902,17.9,10,12.5625,1.904375,9,3,1,37
3562,"VR27300",1997,15,"19971W4B","W4B",907,19,11,10.503125,2.488125,10,1,1,35
3562,"VR27300",1998,16,"19981CP3","CP3",332,19,30,13.109375,2.28875,9,2,1,36
3563,"VR27304",1997,15,"19971C122","C122",207,17,16,11.078125,1.55375,8,1,0,35
3564,"VR27309",1997,15,"19971W92","W92",954,18.9,16,11.003125,2.2425,6,1,1,35
3565,"VR27315",1997,15,"19971EX49","EX49",426,19,12,10.603125,3.4225,9,1,0,35
3566,"VR27332",1997,15,"19971SW86","SW86",852,18.4,16,10.703125,2.466875,8,1,0,35
3566,"VR27332",1998,16,"19981SW83","SW83",849,19.1,27,13.109375,2.28875,7,2,0,36
3567,"VR27337",1997,15,"19971EX58","EX58",443,19.4,11,10.703125,2.984375,8,1,0,35
3568,"VR27347",1998,16,"19981W104","W104",865,19.3,26,13.109375,2.28875,9,2,1,36
3569,"VR27357",1997,15,"19971EX39","EX39",399,17.7,12,10.703125,2.466875,11,1,1,35
3570,"VR27363",1997,15,"19971CP34","CP34",337,17.5,18,11.078125,1.55375,10,1,0,35
3570,"VR27363",1998,16,"19981CP34","CP34",337,17.9,24,13.209375,1.898125,11,2,0,36
3571,"VR27370",1997,15,"19971CP21","CP21",323,17.9,15,11.003125,2.2425,11,1,0,35
3571,"VR27370",1998,16,"19981CP24","CP24",326,19,21,13.5875,0.4975,10,2,0,36
3571,"VR27370",2000,18,"20001CP24","CP24",326,18.2,31,12.93125,1.609375,10,4,0,38
3571,"VR27370",2001,19,"20011CP23","CP23",325,19.2,37,12.671875,0.57,2,5,0,39
3572,"VR27372",1997,15,"19971W34","W34",891,19.1,15,10.603125,3.4225,9,1,1,35
3572,"VR27372",1998,16,"19981W25","W25",882,18.6,24,13.5875,0.4975,8,2,1,36
3573,"VR27380",1997,15,"19971CP27","CP27",329,18.1,17,11.078125,1.55375,10,1,1,35
3574,"VR27384",1997,15,"19971B108","B108",11,17.5,31,12.40625,0.526875,10,1,1,35
3575,"VR27386",1997,15,"19971C53","C53",292,17.4,14,10.503125,2.488125,7,1,0,35
3576,"VR27389",1997,15,"19971C61","C61",300,19.3,12,10.703125,2.984375,9,1,1,35
3577,"VR27390",1997,15,"19971B66","B66",153,20,10,10.66875,2.874375,8,1,0,35
3578,"VR27394",1997,15,"19971W81","W81",946,19.3,14,10.703125,2.984375,7,1,0,35
3579,"VR27397",1998,16,"19981W47","W47",904,19.4,21,13.80625,0.44375,8,2,0,36
3579,"VR27397",2000,18,"20001W49","W49",905,18.4,30,12.13125,3.814375,6,4,0,38
3579,"VR27397",2001,19,"20011EX21","EX21",377,18.4,31,12.41875,1.463125,6,5,0,39
3580,"VR27400",1997,15,"19971W77","W77",941,18.1,16,10.703125,2.984375,3,1,0,35
3580,"VR27400",1998,16,"19981W77","W77",941,18.1,23,13.875,0.44375,8,2,0,36
3580,"VR27400",1999,17,"19991W75","W75",938,18,26,13.121875,0.866875,6,3,0,37
3580,"VR27400",2000,18,"20001W77","W77",941,17.9,25,10.85,5.268125,8,4,0,38
3581,"VR27416",1997,15,"19971EX43D","EX43D",417,18.1,11,10.703125,2.466875,10,1,1,35
3582,"VR27421",1998,16,"19981EX6","EX6",446,18,31,12.778125,2.370625,8,2,0,36
3583,"VR27431",1997,15,"19971O80","O80",695,18.7,14,10.603125,3.4225,9,1,0,35
3584,"VR27433",1997,15,"19971MP90","MP90",580,18,10,10.66875,2.874375,10,1,0,35
3585,"VR27434",1997,15,"19971B99","B99",182,18.2,16,11.003125,2.2425,9,1,1,35
3586,"VR27459",1997,15,"19971B96","B96",179,20,16,10.703125,2.466875,6,1,1,35
3586,"VR27459",1999,17,"19991B99","B99",182,19.3,29,13.496875,2.29875,11,3,1,37
3587,"VR27484",1997,15,"19971SW103","SW103",735,18,14,10.603125,3.4225,8,1,0,35
3587,"VR27484",1999,17,"19991SW102","SW102",734,19.2,20,12.6375,0.914375,4,3,0,37
3588,"VR27489",1997,15,"19971B46","B46",136,16.9,14,11.078125,1.55375,8,1,0,35
3589,"VR27499",1997,15,"19971SW68","SW68",831,18.6,20,11.003125,2.2425,4,1,1,35
3590,"VR27512",1997,15,"19971C120","C120",205,20,11,10.796875,2.91,8,1,0,35
3591,"VR27515",1999,17,"19991CP13","CP13",313,18.3,27,13.2125,1.54875,10,3,1,37
3591,"VR27515",2000,18,"20001CP13","CP13",313,18.4,31,11.38125,4.748125,7,4,1,38
3591,"VR27515",2001,19,"20011CP14","CP14",314,18.7,34,13.95625,0.369375,9,5,1,39
3592,"VR27527",1997,15,"19971EX49","EX49",426,18.8,12,10.603125,3.4225,9,1,1,35
3592,"VR27527",1998,16,"19981EX49","EX49",426,19.2,28,13.209375,1.898125,7,2,1,36
3593,"VR27533",1997,15,"19971SW121","SW121",756,19.1,18,11.40625,1.279375,11,1,1,35
3594,"VR27548",1997,15,"19971O71","O71",681,18.8,18,11.078125,1.55375,7,1,0,35
3595,"VR27554",1997,15,"19971EX72","EX72",469,18.9,17,10.703125,2.466875,7,1,0,35
3595,"VR27554",1998,16,"19981EX72","EX72",469,19,30,13.209375,1.898125,7,2,0,36
3596,"VR27558",1997,15,"19971W5","W5",908,17.4,18,11.003125,2.2425,6,1,0,35
3597,"VR27559",1997,15,"19971SW59","SW59",820,17.4,11,11.40625,1.279375,14,1,1,35
3598,"VR27561",1997,15,"19971EX30","EX30",386,17.3,10,10.796875,2.91,8,1,0,35
3598,"VR27561",1998,16,"19981EX30","EX30",386,17.1,23,13.5875,0.4975,8,2,0,36
3599,"VR27602",1997,15,"19971SW19","SW19",776,18.9,19,11.40625,1.279375,4,1,1,35
3600,"VR27623",1997,15,"19971EX21","EX21",377,17.5,11,10.603125,3.4225,5,1,0,35
3601,"VR27632",1997,15,"19971W13","W13",869,18.5,9,10.553125,2.859375,8,1,0,35
3602,"VR27650",1997,15,"19971CP36","CP36",339,17.6,13,10.796875,2.91,8,1,0,35
3603,"VR27657",1997,15,"19971SW112","SW112",746,19.2,16,10.603125,3.4225,6,1,0,35
3604,"VR27659",1997,15,"19971B206","B206",95,18.6,14,10.703125,2.984375,8,1,0,35
3604,"VR27659",1998,16,"19981B206","B206",95,18.3,24,13.80625,0.44375,8,2,0,36
3605,"VR27689",1997,15,"19971O77","O77",691,18.9,13,11.003125,2.2425,8,1,1,35
3605,"VR27689",1998,16,"19981O77","O77",691,19.2,25,13.5875,0.4975,7,2,1,36
3606,"VR27714",1997,15,"19971O70","O70",680,18.1,13,10.703125,2.984375,9,1,1,35
3607,"VR27809",2004,22,"20041SW20","SW20",778,17.9,17,12.640625,0.19875,9,2,0,62
3608,"VR27819",2003,21,"20031SW49","SW49",808,19.8,27,14.18125,2.106875,8,1,1,61
3609,"VR27832",2003,21,"20031EX33","EX33",390,18.5,23,12.278125,2.36125,8,1,0,61
3609,"VR27832",2004,22,"20041EX34","EX34",391,18.7,18,12.640625,0.19875,10,2,0,62
3610,"VR27836",2003,21,"20031EX70","EX70",467,17.9,28,13.8875,2.204375,4,1,1,61
3610,"VR27836",2004,22,"20041EX70","EX70",467,18.1,17,12.7375,0.158125,11,2,1,62
3610,"VR27836",2005,23,"20051EX80","EX80",480,17.2,34,13.5875,1.255625,6,3,1,63
3611,"VR27842",2003,21,"20031CP15","CP15",316,17.1,28,14.18125,2.106875,7,1,0,61
3612,"VR27859",2003,21,"20031SW131","SW131",767,18.4,23,13.425,2.07375,10,1,1,61
3613,"VR27872",2004,22,"20041W93","W93",955,18.5,24,12.859375,0.285,10,2,0,62
3614,"VR27888",2003,21,"20031EX76","EX76",475,17.5,26,13.425,2.07375,8,1,0,61
3615,"VR90012",1997,15,"19971W68","W68",931,17.3,14,10.503125,2.488125,8,1,0,35
3616,"VR90013",1997,15,"19971C18","C18",251,18.9,12,10.603125,3.4225,9,1,1,35
3617,"VR90034",1997,15,"19971SW19","SW19",776,17.5,19,11.40625,1.279375,4,1,0,35
3617,"VR90034",1998,16,"19981SW108","SW108",740,17.5,24,14.003125,0.333125,6,2,0,36
3618,"VR90049",1997,15,"19971B86","B86",170,17.4,12,10.503125,2.488125,10,1,0,35
3619,"VR90058",1997,15,"19971SW33","SW33",791,19.7,13,10.603125,3.4225,8,1,1,35
3619,"VR90058",1999,17,"19991SW29","SW29",786,18.8,28,13.484375,2.52625,9,3,1,37
3620,"VR90059",1997,15,"19971SW130","SW130",766,19.3,14,11.003125,2.2425,8,1,1,35
3621,"VR90069",1997,15,"19971C135","C135",219,18.3,13,10.796875,2.91,9,1,0,35
3621,"VR90069",1998,16,"19981C135","C135",219,18.6,24,13.5875,0.4975,9,2,0,36
3621,"VR90069",2000,18,"20001C160A","C160A",245,19.5,24,11.725,4.965625,9,4,0,38
3621,"VR90069",2001,19,"20011C160","C160",244,18.4,35,14.090625,0.31875,3,5,0,39
3622,"VR90097",2019,37,"20191SW116","SW116",750,19.1,12,9.509375,1.92375,8,1,0,105
3623,"VR90101",1998,16,"19981O84","O84",699,18.6,26,13.41875,0.49375,7,2,1,36
3624,"VR90116",1997,15,"19971B42","B42",133,19.4,14,10.603125,3.4225,8,1,1,35
3624,"VR90116",1998,16,"19981B71","B71",159,20,30,12.703125,2.24375,8,2,1,36
3624,"VR90116",1999,17,"19991B140","B140",37,20,32,13.2125,3.139375,7,3,1,37
3625,"VR90118",1997,15,"19971EX80","EX80",480,18.9,27,12.475,0.8775,8,1,1,35
3625,"VR90118",1998,16,"19981EX80","EX80",480,18.1,33,12.890625,2.49625,9,2,1,36
3626,"VR90123",1997,15,"19971EX6","EX6",446,21.3,15,10.503125,2.488125,9,1,1,35
3627,"VR90134",1997,15,"19971B117","B117",20,17.8,16,11.078125,1.55375,8,1,1,35
3628,"VR90145",1997,15,"19971CP38","CP38",341,18.5,10,10.796875,2.91,10,1,0,35
3629,"VR90159",1997,15,"19971W57","W57",917,18.1,23,11.778125,1.021875,8,1,0,35
3630,"VR90167",1997,15,"19971SW125","SW125",760,17.8,16,11.003125,2.2425,8,1,0,35
3631,"VR90179",1997,15,"19971CP21","CP21",323,19.1,15,11.003125,2.2425,11,1,1,35
3632,"VR90183",1997,15,"19971W92","W92",954,19.2,16,11.003125,2.2425,6,1,0,35
3632,"VR90183",1998,16,"19981W91","W91",953,20.4,25,13.41875,0.49375,3,2,0,36
3633,"VR90208",1997,15,"19971O23","O23",624,17.4,12,10.703125,2.466875,9,1,0,35
3633,"VR90208",1998,16,"19981O23","O23",624,20,21,12.946875,3.53375,11,2,0,36
3634,"VR90213",1997,15,"19971CP5A","CP5A",351,17.7,12,11.1875,1.503125,7,1,0,35
3635,"VR90253",1997,15,"19971EX21","EX21",377,17.2,11,10.603125,3.4225,5,1,1,35
3636,"VR90264",1997,15,"19971EX20","EX20",376,17.7,10,10.66875,2.874375,7,1,1,35
3637,"VR90292",1997,15,"19971CP24","CP24",326,19,7,10.503125,2.70625,9,1,1,35
3637,"VR90292",1998,16,"19981CP24","CP24",326,19,21,13.5875,0.4975,10,2,1,36
3638,"VR90297",1997,15,"19971EX34","EX34",391,18.4,14,10.703125,2.466875,10,1,1,35
3639,"VR90299",1997,15,"19971EX18","EX18",371,19,14,10.503125,2.488125,3,1,1,35
3640,"VR90301",1997,15,"19971EX51C","EX51C",435,17.9,5,10.775,2.84625,10,1,1,35
3640,"VR90301",1998,16,"19981EX51C","EX51C",435,18.6,26,13.41875,0.49375,8,2,1,36
3640,"VR90301",1999,17,"19991CP22","CP22",324,18.8,16,12.6875,1.1275,8,3,1,37
3641,"VR90311",1997,15,"19971C106","C106",190,18.7,7,10.4625,2.768125,11,1,0,35
3642,"VR90320",1997,15,"19971O117","O117",608,17.9,20,10.703125,2.466875,5,1,1,35
3642,"VR90320",1998,16,"19981SW125","SW125",760,19.8,26,13.29375,1.0725,8,2,1,36
3642,"VR90320",1999,17,"19991SW127","SW127",762,19.9,22,13.121875,0.866875,4,3,1,37
3642,"VR90320",2000,18,"20001SW127","SW127",762,17.8,25,10.778125,5.2725,7,4,1,38
3643,"VR90321",1997,15,"19971EX39","EX39",399,17.2,12,10.703125,2.466875,11,1,0,35
3644,"VR90325",1997,15,"19971O80","O80",695,18.4,14,10.603125,3.4225,9,1,1,35
3645,"VR90374",1999,17,"19991EX57","EX57",442,19.3,25,12.990625,0.590625,7,3,1,37
3645,"VR90374",2001,19,"20011EX55","EX55",440,18.8,35,13.653125,0.380625,8,5,1,39
3646,"VR90382",1997,15,"19971MP34A","MP34A",519,18.3,20,11.71875,1.179375,9,1,0,35
3647,"VR90384",1999,17,"19991O19","O19",619,18.4,30,13.484375,2.52625,7,3,1,37
3648,"VR90389",1997,15,"19971W51A","W51A",911,19.6,16,10.703125,2.466875,8,1,1,35
3648,"VR90389",1998,16,"19981W60","W60",921,19.1,12,14.403125,0.4125,8,2,1,36
3648,"VR90389",1999,17,"19991W51","W51",910,18.7,12,12.75,1.334375,7,3,1,37
3648,"VR90389",2000,18,"20001W58","W58",918,19.1,28,10.85,5.268125,7,4,1,38
3648,"VR90389",2001,19,"20011W58","W58",918,19.4,26,13.30625,0.6,7,5,1,39
3649,"VR90405",1997,15,"19971O118","O118",609,17.6,15,10.603125,3.4225,6,1,0,35
3649,"VR90405",1998,16,"19981O118","O118",609,18,30,13.109375,2.28875,7,2,0,36
3649,"VR90405",1999,17,"19991O117","O117",608,18.9,15,12.75,1.334375,6,3,0,37
3650,"VR90406",1997,15,"19971EX31A","EX31A",388,18.4,9,10.66875,2.874375,9,1,0,35
3650,"VR90406",1998,16,"19981EX31A","EX31A",388,18.4,27,13.209375,1.898125,10,2,0,36
3650,"VR90406",1999,17,"19991EX31A","EX31A",388,18.1,27,13.496875,2.29875,10,3,0,37
3651,"VR90412",1997,15,"19971EX14A","EX14A",366,19.4,11,10.796875,2.91,9,1,1,35
3652,"VR90433",1997,15,"19971EX51B","EX51B",434,16.4,7,10.628125,2.883125,9,1,0,35
3653,"VR90441",1997,15,"19971CP34","CP34",337,17.5,18,11.078125,1.55375,10,1,1,35
3654,"VR90463",1997,15,"19971W5","W5",908,19,18,11.003125,2.2425,6,1,1,35
3654,"VR90463",1999,17,"19991W29","W29",886,19.4,30,13.496875,2.29875,7,3,1,37
3655,"VR90517",1999,17,"19991EX14","EX14",365,19,21,12.78125,0.688125,7,2,1,41
3655,"VR90517",2000,18,"20001EX14","EX14",365,20.1,20,12.98125,2.2475,9,3,1,42
3656,"VR90546",1998,16,"19981B165","B165",62,18.4,27,13.41875,0.49375,6,1,0,40
3657,"VR90549",1998,16,"19981W8","W8",944,19.8,30,12.778125,2.370625,11,1,1,40
3658,"VR90550",1998,16,"19981CP9","CP9",356,18.9,21,14.184375,0.319375,3,1,1,40
3659,"VR90563",1998,16,"19981O3","O3",631,18.3,26,13.5875,0.4975,6,1,0,40
3660,"VR90612",1998,16,"19981W18","W18",874,19,20,14.003125,0.333125,5,1,0,40
3660,"VR90612",1999,17,"19991W18","W18",874,20,16,12.6875,1.1275,5,2,0,41
3660,"VR90612",2000,18,"20001W21","W21",878,19.6,20,12.0875,4.7925,9,3,0,42
3660,"VR90612",2001,19,"20011W21","W21",878,19.1,23,13.94375,0.25375,6,4,0,43
3661,"VR90626",1998,16,"19981W2","W2",876,19.3,33,12.703125,2.24375,6,1,1,40
3661,"VR90626",1999,17,"19991W2","W2",876,19.7,26,13.0125,0.85125,10,2,1,41
3662,"VR90650",1998,16,"19981CP39","CP39",343,19,29,13.209375,1.898125,7,1,1,40
3663,"VR90651",1999,17,"19991EX77","EX77",476,18.4,35,12.88125,3.87,9,2,1,41
3664,"VR90652",1998,16,"19981EX37","EX37",396,17.5,8,13.359375,0.4525,6,1,0,40
3665,"VR90659",1998,16,"19981CP32","CP32",335,19.5,23,13.41875,0.49375,11,1,1,40
3666,"VR90661",1998,16,"19981B31","B31",124,17,23,13.80625,0.44375,8,1,0,40
3667,"VR90666",1998,16,"19981W100","W100",860,19,20,14.003125,0.333125,10,1,0,40
3667,"VR90666",2000,18,"20001W100","W100",860,19,16,13.09375,2.00125,10,3,0,42
3667,"VR90666",2001,19,"20011W99","W99",961,18.7,13,13.459375,2.431875,9,4,0,43
3668,"VR90676",1998,16,"19981EX55","EX55",440,18.5,28,13.209375,1.898125,8,1,0,40
3669,"VR90677",1998,16,"19981W68","W68",931,18,28,13.41875,0.49375,7,1,0,40
3670,"VR90681",1998,16,"19981CP43","CP43",349,18.5,28,12.703125,2.24375,10,1,0,40
3670,"VR90681",1999,17,"19991CP38A","CP38A",342,19.1,26,13.2125,1.54875,11,2,0,41
3670,"VR90681",2000,18,"20001CP38A","CP38A",342,18.9,31,12.009375,4.0425,10,3,0,42
3671,"VR90682",2000,18,"20001W31","W31",888,19.1,26,11.33125,4.911875,8,3,1,42
3672,"VR90687",1998,16,"19981W76","W76",940,19.2,32,12.778125,2.370625,8,1,1,40
3673,"VR90702",1998,16,"19981EX73A","EX73A",471,18,30,12.90625,2.28875,10,1,0,40
3673,"VR90702",1999,17,"19991EX73","EX73",470,18.2,26,13.496875,2.29875,11,2,0,41
3674,"VR90709",1999,17,"19991W3","W3",887,18.7,24,12.78125,0.688125,7,2,1,41
3675,"VR90720",1998,16,"19981EX18","EX18",371,17.4,34,12.95,2.91375,6,1,0,40
3675,"VR90720",1999,17,"19991EX18A","EX18A",372,17.5,33,12.865625,4.000625,9,2,0,41
3675,"VR90720",2000,18,"20001EX18","EX18",371,18.1,26,11.725,4.965625,7,3,0,42
3675,"VR90720",2001,19,"20011EX18A","EX18A",372,18.5,35,14.090625,0.31875,5,4,0,43
3676,"VR90721",1998,16,"19981W76","W76",940,19.5,32,12.778125,2.370625,8,1,0,40
3676,"VR90721",1999,17,"19991W76","W76",940,19.8,31,13.60625,2.39,7,2,0,41
3677,"VR90731",1998,16,"19981O5","O5",656,17.9,29,12.703125,2.24375,7,1,0,40
3678,"VR90738",1998,16,"19981W68","W68",931,19.6,28,13.41875,0.49375,7,1,1,40
3679,"VR90751",1998,16,"19981EX19A","EX19A",374,18.7,21,13.875,0.44375,6,1,1,40
3680,"VR90761",1998,16,"19981EX20","EX20",376,18,27,13.209375,1.898125,8,1,0,40
3681,"VR90770",1998,16,"19981C23","C23",256,17.4,21,14.003125,0.333125,9,1,0,40
3681,"VR90770",1999,17,"19991C36","C36",273,17.8,11,12.596875,1.89875,8,2,0,41
3681,"VR90770",2000,18,"20001C141","C141",225,18.1,22,11.33125,4.911875,9,3,0,42
3682,"VR90783",1999,17,"19991EX47A","EX47A",423,17.8,33,13.23125,3.83,7,2,1,41
3683,"VR90790",1998,16,"19981SW18","SW18",775,19.4,26,13.29375,1.0725,10,1,1,40
3684,"VR90826",1998,16,"19981SW23","SW23",781,17,25,13.109375,2.28875,11,1,1,40
3685,"VR90840",1998,16,"19981W60","W60",921,18.2,12,14.403125,0.4125,8,1,0,40
3685,"VR90840",1999,17,"19991W51","W51",910,18.5,12,12.75,1.334375,7,2,0,41
3686,"VR90881",1998,16,"19981EX51A","EX51A",433,18.8,28,12.778125,2.370625,12,1,0,40
3686,"VR90881",1999,17,"19991EX51","EX51",432,19.2,26,13.60625,2.39,12,2,0,41
3686,"VR90881",2000,18,"20001EX51","EX51",432,18.8,28,11.38125,4.748125,11,3,0,42
3687,"VR90906",1999,17,"19991W94","W94",956,17.8,27,13.0125,0.85125,8,2,0,41
3688,"VR90912",1998,16,"19981MP6","MP6",546,18.8,27,13.29375,1.0725,8,1,0,40
3688,"VR90912",1999,17,"19991MP6","MP6",546,18,25,12.9875,0.860625,8,2,0,41
3688,"VR90912",2000,18,"20001MP7","MP7",557,17.8,28,10.778125,5.2725,8,3,0,42
3689,"VR90926",1998,16,"19981W4B","W4B",907,19.8,33,12.703125,2.24375,8,1,1,40
3690,"VR90931",1998,16,"19981W35","W35",892,18.9,25,13.5875,0.4975,7,1,1,40
3690,"VR90931",1999,17,"19991W34","W34",891,19.3,18,12.89375,1.221875,9,2,1,41
3691,"VR90937",1998,16,"19981W94","W94",956,19.3,21,13.875,0.44375,9,1,0,40
3692,"VR90955",1998,16,"19981W18","W18",874,18.2,20,14.003125,0.333125,5,1,1,40
3693,"VR90958",1998,16,"19981W3","W3",887,18.5,34,12.90625,2.28875,5,1,0,40
3693,"VR90958",1999,17,"19991W3","W3",887,17.7,24,12.78125,0.688125,7,2,0,41
3694,"VR90961",1998,16,"19981W13","W13",869,18.9,30,12.90625,2.28875,7,1,1,40
3695,"VR90984",1998,16,"19981CP11","CP11",310,18,26,13.109375,2.28875,10,1,0,40
3696,"VR90987",1998,16,"19981SW18","SW18",775,17.9,26,13.29375,1.0725,10,1,0,40
3697,"VR90988",1998,16,"19981CP3","CP3",332,18.4,30,13.109375,2.28875,9,1,0,40
3697,"VR90988",1999,17,"19991CP5A","CP5A",351,18.3,18,12.75,1.334375,8,2,0,41
3698,"VR90991",1998,16,"19981CP39","CP39",343,18,29,13.209375,1.898125,7,1,0,40
3699,"VR90992",1998,16,"19981EX54","EX54",439,20,23,13.80625,0.44375,6,1,1,40
3700,"VR91000",1998,16,"19981EX41","EX41",405,20.2,36,12.890625,2.49625,4,1,0,40
3701,"VR91006",2000,18,"20001SW10","SW10",731,19.2,26,10.9875,4.934375,9,1,1,48
3701,"VR91006",2001,19,"20011SW9","SW9",856,20.2,49,13,1.875625,4,2,1,49
3702,"VR91029",2001,19,"20011B57","B57",146,20.5,23,13.653125,1.086875,5,2,0,49
3702,"VR91029",2002,20,"20021B154","B154",52,19.7,8,10.13125,1.69125,8,3,0,50
3702,"VR91029",2003,21,"20031B156","B156",54,19.8,19,10.9125,2.58625,6,4,0,51
3703,"VR91040",2000,18,"20001SW44","SW44",803,19.8,29,11.38125,4.748125,8,1,0,48
3703,"VR91040",2001,19,"20011P21","P21",720,18.7,46,12.425,1.9325,6,2,0,49
3704,"VR91041",2000,18,"20001B21","B21",98,18,32,11.546875,4.335,8,1,1,48
3704,"VR91041",2001,19,"20011MP6","MP6",546,20.6,33,13.140625,0.6425,6,2,1,49
3704,"VR91041",2002,20,"20021MP9","MP9",579,18.8,12,12.840625,1.7525,9,3,1,50
3705,"VR91043",2001,19,"20011MP37","MP37",522,21,23,13.725,0.54,6,2,0,49
3705,"VR91043",2002,20,"20021MP37","MP37",522,18.9,12,11.321875,1.22875,9,3,0,50
3705,"VR91043",2003,21,"20031MP37","MP37",522,18,20,11.784375,2.52625,9,4,0,51
3706,"VR91045",2001,19,"20011MP63","MP63",550,22.3,37,12.671875,0.57,7,2,1,49
3707,"VR91079",2001,19,"20011B165","B165",62,21.5,30,13.94375,0.25375,8,2,0,49
3707,"VR91079",2002,20,"20021B155","B155",53,19.1,18,12.840625,1.7525,8,3,0,50
3708,"VR91081",2000,18,"20001SW80A","SW80A",846,17.1,27,10.778125,5.2725,8,1,0,48
3709,"VR91205",2004,22,"20041EX43D","EX43D",417,19.9,17,12.575,0.743125,9,1,1,66
3710,"VR91220",2005,23,"20051C113","C113",198,18,2,10.809375,1.810625,8,2,0,67
3710,"VR91220",2006,24,"20061C112","C112",197,17.9,18,12.3125,3.76875,9,3,0,68
3711,"VR91221",2004,22,"20041EX88","EX88",485,18.1,20,12.640625,0.145,8,1,0,66
3711,"VR91221",2005,23,"20051O113","O113",604,18.4,19,10.784375,1.07125,7,2,0,67
3712,"VR91311",2005,23,"20051W66","W66",929,18.8,21,12.165625,1.31,9,2,0,67
3713,"VR91346",2004,22,"20041EX39","EX39",399,17.8,17,12.575,0.743125,11,1,1,66
3714,"VR91375",2004,22,"20041W73","W73",936,18.6,21,12.6125,0.145,9,1,0,66
3715,"VR91379",2004,22,"20041B203","B203",92,18.1,25,12.859375,0.285,7,1,0,66
3715,"VR91379",2005,23,"20051B107","B107",10,20.3,25,11.946875,1.07,6,2,0,67
3715,"VR91379",2006,24,"20061B107","B107",10,18.9,25,11.865625,3.72875,8,3,0,68
3716,"VR91385",2004,22,"20041CP24","CP24",326,18.8,25,12.771875,0.67875,4,1,1,66
3717,"VR91388",2004,22,"20041B34","B34",127,17.6,24,12.859375,0.285,9,1,0,66
3718,"VR91410",2000,18,"20001CP37","CP37",340,18.4,23,12.3,4.448125,8,1,0,48
3719,"VR91429",2000,18,"20001O49","O49",655,19.6,25,11.33125,4.911875,6,1,1,48
3720,"VR91431",2000,18,"20001O49","O49",655,17.5,25,11.33125,4.911875,6,1,0,48
3721,"VR91444",2000,18,"20001O100","O100",590,18.3,20,11.33125,4.911875,10,1,1,48
3722,"VR91448",2000,18,"20001O115","O115",606,17.2,29,11.228125,5.03125,7,1,1,48
3722,"VR91448",2001,19,"20011O115","O115",606,17.4,29,13.725,0.54,8,2,1,49
3723,"VR91454",2000,18,"20001C51","C51",290,21,21,12.49375,3.4725,2,1,0,48
3724,"VR91458",2000,18,"20001O112","O112",603,18.7,26,11.228125,5.03125,9,1,1,48
3724,"VR91458",2001,19,"20011O95","O95",706,19.5,31,14.090625,0.31875,10,2,1,49
3724,"VR91458",2002,20,"20021O95","O95",706,19.7,17,12.940625,2.74375,10,3,1,50
3724,"VR91458",2003,21,"20031O95","O95",706,20.1,19,10.9125,2.58625,7,4,1,51
3725,"VR91483",2000,18,"20001CP15","CP15",316,18.5,25,10.85,5.268125,8,1,1,48
3726,"VR91517",2001,19,"20011SW64","SW64",827,17.5,40,13.30625,0.6,8,3,1,46
3726,"VR91517",2002,20,"20021SW63","SW63",826,18.3,10,11.621875,1.1375,1,4,1,47
3727,"VR91526",2000,18,"20001B145","B145",43,18.5,26,10.85,5.268125,7,2,0,45
3727,"VR91526",2001,19,"20011B145","B145",43,19.6,31,14.053125,0.25375,6,3,0,46
3728,"VR91550",1999,17,"19991MP33","MP33",517,18.7,20,12.6375,0.914375,9,1,0,44
3729,"VR91590",1999,17,"19991B198","B198",88,18.2,29,13.2125,1.54875,6,1,0,44
3729,"VR91590",2000,18,"20001MP1","MP1",492,19.9,25,11.725,4.965625,8,2,0,45
3730,"VR91628",1999,17,"19991MP4","MP4",524,18.3,24,13.121875,0.866875,7,1,0,44
3731,"VR91631",1999,17,"19991B46","B46",136,18.3,15,12.990625,0.590625,10,1,1,44
3732,"VR91661",2000,18,"20001MP71","MP71",559,19.7,19,12.98125,2.2475,7,1,1,48
3732,"VR91661",2001,19,"20011MP71","MP71",559,23.1,29,13.95625,0.369375,8,2,1,49
3732,"VR91661",2002,20,"20021MP71","MP71",559,20.2,14,11.921875,1.08125,7,3,1,50
3732,"VR91661",2003,21,"20031MP71","MP71",559,19.7,16,12.278125,2.36125,7,4,1,51
3733,"VR91666",2000,18,"20001B203","B203",92,18.5,29,10.778125,5.2725,5,1,0,48
3733,"VR91666",2001,19,"20011B103","B103",6,21.5,24,13.7125,0.7425,7,2,0,49
3733,"VR91666",2002,20,"20021B7","B7",157,19.8,10,11.321875,1.22875,6,3,0,50
3734,"VR91672",2000,18,"20001B217","B217",105,19.2,23,12.3,4.448125,6,1,0,48
3734,"VR91672",2001,19,"20011B216","B216",104,21.4,30,13.95625,0.369375,7,2,0,49
3735,"VR91679",2000,18,"20001MP1","MP1",492,18.5,25,11.725,4.965625,8,1,1,48
3735,"VR91679",2001,19,"20011MP3","MP3",513,20,41,13.30625,0.6,5,2,1,49
3736,"VR91688",2003,21,"20031SW17","SW17",774,18.4,24,13.8875,2.204375,8,4,0,51
3737,"VR91710",2001,19,"20011B46","B46",136,20.4,37,12.49375,0.5875,8,2,0,49
3738,"VR91723",2000,18,"20001SW58","SW58",819,18.7,26,10.9875,4.934375,7,1,0,48
3739,"VR91734",2000,18,"20001CP7","CP7",354,19.8,26,11.33125,4.911875,8,1,0,48
3739,"VR91734",2001,19,"20011CP7","CP7",354,19.1,21,14.053125,0.25375,8,2,0,49
3740,"VR91737",2000,18,"20001EX74","EX74",472,19.3,27,10.778125,5.2725,8,1,1,48
3740,"VR91737",2001,19,"20011EX74","EX74",472,19.4,36,13.30625,0.6,8,2,1,49
3740,"VR91737",2002,20,"20021EX74","EX74",472,19.5,14,12.315625,1.34625,5,3,1,50
3740,"VR91737",2003,21,"20031EX74","EX74",472,20,26,13.8875,2.204375,6,4,1,51
3741,"VR91738",2000,18,"20001CP40","CP40",345,19,21,12.3,4.448125,8,1,1,48
3742,"VR91742",2001,19,"20011B80A","B80A",167,20.6,35,13.30625,0.6,7,2,1,49
3743,"VR91781",2000,18,"20001SW63","SW63",826,18,33,11.61875,4.356875,8,1,0,48
3744,"VR91805",2000,18,"20001SW18","SW18",775,19.4,20,12.49375,3.4725,9,1,1,48
3745,"VR91811",2000,18,"20001EX27","EX27",381,18.6,25,11.725,4.965625,5,1,0,48
3746,"VR91814",2000,18,"20001EX41C","EX41C",408,18.6,23,12.3,4.448125,7,1,0,48
3746,"VR91814",2001,19,"20011EX41C","EX41C",408,19.4,31,13.653125,0.380625,6,2,0,49
3747,"VR91819",2001,19,"20011SW126","SW126",761,18.6,32,14.090625,0.31875,6,2,1,49
3748,"VR91849",2000,18,"20001SW75","SW75",839,18.4,28,10.9875,4.934375,9,1,1,48
3748,"VR91849",2001,19,"20011SW78","SW78",842,18.5,38,13.140625,0.6425,8,2,1,49
3748,"VR91849",2002,20,"20021P1","P1",708,18.7,10,11.621875,1.1375,4,3,1,50
3749,"VR91891",2001,19,"20011O74","O74",684,19.1,14,12.85,2.634375,4,2,0,49
3749,"VR91891",2002,20,"20021O74","O74",684,18.6,11,12.315625,1.34625,10,3,0,50
3750,"VR91900",2000,18,"20001EX62F","EX62F",455,18.7,28,10.85,5.268125,7,1,0,48
3751,"VR91902",2000,18,"20001EX73A","EX73A",471,18,39,12.13125,3.814375,7,1,0,48
3752,"VR91923",2001,19,"20011SW112","SW112",746,17.9,24,13.525,2.48125,7,2,0,49
3753,"VR91954",2001,19,"20011O34","O34",637,17.9,34,13.95625,0.255625,6,1,1,52
3754,"VR91959",2001,19,"20011SW9","SW9",856,18.2,49,13,1.875625,4,1,0,52
3755,"VR91966",2001,19,"20011B203","B203",92,19.5,31,14.053125,0.25375,6,1,1,52
3756,"VR91970",2001,19,"20011O76","O76",690,20,20,13.7125,0.7425,7,1,1,52
3757,"VR91981",2001,19,"20011EX66","EX66",462,19.6,44,12.39375,0.844375,4,1,1,52
3758,"VR91982",2002,20,"20021O72","O72",682,18.8,19,13.20625,2.585,7,2,1,53
3759,"VR91992",2001,19,"20011O116","O116",607,17.8,30,13.95625,0.369375,7,1,0,52
3759,"VR91992",2002,20,"20021O111","O111",602,18.2,9,12.315625,1.34625,8,2,0,53
3759,"VR91992",2003,21,"20031O95","O95",706,17.6,19,10.9125,2.58625,7,3,0,54
3760,"VR98038",2005,23,"20051W46","W46",903,18.7,16,9.65,1.149375,9,1,0,69
3760,"VR98038",2006,24,"20061W45","W45",902,18.2,22,11.865625,3.72875,9,2,0,70
3761,"VR98040",2005,23,"20051SW84A","SW84A",851,19,35,13.2125,1.363125,0,1,1,69
3762,"VR98050",2005,23,"20051C107","C107",191,17.9,42,13.03125,1.310625,8,1,0,69
3762,"VR98050",2007,25,"20071C107","C107",191,18.3,12,11.9625,4.174375,7,3,0,71
3762,"VR98050",2008,26,"20081C107","C107",191,17.7,15,13.35625,0.281875,7,4,0,72
3763,"VR98062",2005,23,"20051C7","C7",304,17.3,18,11.51875,1.07,3,1,0,69
3764,"VR98110",2005,23,"20051C18","C18",251,17.1,24,11.51875,1.07,4,1,0,69
3765,"VR98112",2005,23,"20051C110","C110",195,17.5,18,13.01875,1.454375,9,1,1,69
3766,"VR98113",2005,23,"20051C20","C20",254,18.5,21,10.171875,1.07625,5,1,0,69
3767,"VR98144",2005,23,"20051C127","C127",210,18.7,30,13.01875,1.454375,5,1,0,69
3768,"VR98163",2005,23,"20051C104","C104",188,18.9,33,13.746875,1.19375,6,1,1,69
3769,"VR98167",2005,23,"20051C150","C150",234,19,16,9.375,1.599375,7,1,0,69
3770,"VR98174",2005,23,"20051C117","C117",201,19.1,20,9.65,1.149375,4,1,0,69
3770,"VR98174",2006,24,"20061C16","C16",243,18.5,24,12.053125,3.684375,6,2,0,70
3771,"VR98182",2007,25,"20071SW113","SW113",747,19,17,12.19375,3.989375,10,3,0,71
3771,"VR98182",2008,26,"20081O76","O76",690,17.9,27,12.48125,2.959375,9,4,0,72
3772,"VR98183",2005,23,"20051EX43A","EX43A",414,19.3,32,13.5875,1.255625,10,1,0,69
3773,"VR98196",2005,23,"20051C1","C1",183,20.1,25,11.946875,1.07,5,1,0,69
3774,"VR98200",2005,23,"20051C26","C26",262,18.8,22,12.40625,1.3225,5,1,1,69
3775,"VR98209",2006,24,"20061P15","P15",714,18.6,20,12.271875,3.86875,8,1,0,74
3776,"VR98214",2007,25,"20071O70","O70",680,18.5,18,12.19375,3.989375,9,2,1,75
3776,"VR98214",2008,26,"20081O70","O70",680,18.3,24,11.853125,3.08375,10,3,1,76
3777,"VR98216",2006,24,"20061EX41B","EX41B",407,18.5,30,11.475,3.008125,7,1,1,74
3778,"VR98227",2006,24,"20061P15","P15",714,18.2,20,12.271875,3.86875,8,1,1,74
3778,"VR98227",2007,25,"20071P16","P16",715,19.2,17,12.0875,4.113125,9,2,1,75
3779,"VR98249",2007,25,"20071B56","B56",145,19.3,17,12.0875,4.113125,8,2,0,75
3779,"VR98249",2009,27,"20091B54","B54",143,19.1,14,11.146875,2.243125,10,4,0,77
3780,"VR98260",2006,24,"20061C8","C8",305,18.1,20,12.271875,3.86875,8,1,1,74
3780,"VR98260",2007,25,"20071C8","C8",305,19,11,11.91875,4.13875,7,2,1,75
3780,"VR98260",2008,26,"20081C112","C112",197,18.3,25,11.9625,3.085,7,3,1,76
3781,"VR98264",2007,25,"20071EX29A","EX29A",384,19.1,19,12.546875,3.125625,8,2,1,75
3782,"VR98279",2006,24,"20061O85","O85",700,17.3,36,14.371875,0.41,10,1,1,74
3783,"VR98288",2006,24,"20061C108","C108",192,18.1,27,11.475,3.008125,9,1,1,74
3783,"VR98288",2007,25,"20071C9A","C9A",307,18.2,16,12.05,4.179375,9,2,1,75
3784,"VR98292",2006,24,"20061C23","C23",256,19.2,28,11.5875,2.428125,8,1,1,74
3785,"VR98317",2004,22,"20041W69","W69",932,18.3,25,12.884375,0.355,7,1,0,66
3785,"VR98317",2005,23,"20051W59","W59",919,18.9,21,11.946875,1.07,8,2,0,67
3786,"VR98327",2004,22,"20041EX78","EX78",477,17.9,25,12.884375,0.355,8,1,0,66
3787,"VR98369",2005,23,"20051SW132","SW132",768,19.6,25,12.40625,1.3225,8,1,0,69
3788,"VR98370",2006,24,"20061EX30","EX30",386,17.4,24,11.521875,3.5975,8,2,1,70
3789,"VS83001",2002,20,"20021SW29","SW29",786,19.2,7,10.434375,1.208125,9,1,1,57
3790,"VS83011",2002,20,"20021B161","B161",58,19.5,18,12.603125,1.711875,7,1,0,57
3791,"VS83014",2002,20,"20021MP45","MP45",530,19,9,10.83125,0.9525,8,1,0,57
3792,"VS83016",2002,20,"20021B14","B14",36,17.5,10,11.921875,1.08125,8,1,0,57
3793,"VS83063",2002,20,"20021B217","B217",105,18.7,14,11.921875,1.08125,8,1,0,57
3794,"VS83074",2002,20,"20021B91","B91",175,19.5,18,12.840625,1.7525,8,1,1,57
3794,"VS83074",2003,21,"20031MP13","MP13",496,19.1,25,12.7875,2.231875,7,2,1,58
3794,"VS83074",2005,23,"20051MP13","MP13",496,18.8,24,11.51875,1.07,6,4,1,60
3795,"VS83088",2002,20,"20021MP45","MP45",530,18.5,9,10.83125,0.9525,8,1,1,57
3796,"VS83099",2002,20,"20021CP40A","CP40A",346,17.7,9,11.321875,1.22875,8,1,1,57
3797,"VS83115",2002,20,"20021CP39","CP39",343,19.6,18,12.603125,1.711875,7,1,1,57
3797,"VS83115",2003,21,"20031CP39","CP39",343,20.3,21,11.371875,2.60875,7,2,1,58
3797,"VS83115",2004,22,"20041CP39","CP39",343,21.1,14,11.746875,1.91125,8,3,1,59
3797,"VS83115",2005,23,"20051CP39","CP39",343,20.8,26,12.021875,1.191875,7,4,1,60
3798,"VS83126",2002,20,"20021B190","B190",80,18.3,24,12.940625,2.74375,7,1,0,57
3798,"VS83126",2005,23,"20051B192","B192",81,18,24,11.51875,1.07,7,4,0,60
3799,"VS83127",2002,20,"20021B34","B34",127,17.7,20,12.940625,2.74375,8,1,1,57
3799,"VS83127",2003,21,"20031B223","B223",111,17,27,14.290625,1.839375,8,2,1,58
3800,"VS83166",2002,20,"20021MP77","MP77",565,18.4,8,11.321875,1.22875,8,1,0,57
3800,"VS83166",2003,21,"20031MP77","MP77",565,17.9,11,10.565625,1.976875,10,2,0,58
3801,"VS83171",2002,20,"20021B34","B34",127,18.5,20,12.940625,2.74375,8,1,0,57
3802,"VS83214",2002,20,"20021P1","P1",708,19,10,11.621875,1.1375,4,1,0,57
3802,"VS83214",2003,21,"20031SW76","SW76",840,20,33,14.90625,1.54875,7,2,0,58
3803,"VS83221",2002,20,"20021SW79","SW79",843,18.2,15,12.603125,1.711875,9,1,1,57
3803,"VS83221",2003,21,"20031SW80","SW80",845,18.4,24,12.7875,2.231875,8,2,1,58
3804,"VS83235",2002,20,"20021MP5","MP5",535,19.3,19,13.20625,2.585,8,1,1,57
3804,"VS83235",2004,22,"20041MP2","MP2",503,19.4,18,12.640625,0.145,6,3,1,59
3805,"VS83256",2002,20,"20021B226","B226",113,18.5,10,11.321875,1.22875,8,1,0,57
3805,"VS83256",2004,22,"20041MP96","MP96",585,16.4,14,12.565625,0.74375,7,3,0,59
3805,"VS83256",2005,23,"20051B194A","B194A",84,20.1,15,10.171875,1.07625,7,4,0,60
3806,"VS83259",2002,20,"20021B161","B161",58,17.7,18,12.603125,1.711875,7,1,1,57
3807,"VS83264",2002,20,"20021B168","B168",63,18.9,9,10.83125,0.9525,8,1,1,57
3808,"VS83300",2002,20,"20021MP32","MP32",516,19.2,27,12.996875,2.43375,9,1,0,57
3809,"VS83310",2002,20,"20021MP41","MP41",526,18.9,15,12.603125,1.711875,10,1,0,57
3810,"VS83313",2002,20,"20021C118","C118",202,17.9,15,12.840625,1.7525,10,1,0,57
3811,"VS83344",2002,20,"20021MP32","MP32",516,19,27,12.996875,2.43375,9,1,1,57
3812,"VS83383",2002,20,"20021B25","B25",119,18.6,17,13.028125,2.129375,7,1,1,57
3813,"VS83402",2000,18,"20001CP32","CP32",335,19.4,30,11.228125,5.03125,7,1,1,48
3814,"VS83406",2001,19,"20011MP6","MP6",546,20.6,33,13.140625,0.6425,6,2,0,49
3814,"VS83406",2002,20,"20021B91","B91",175,19.4,18,12.840625,1.7525,8,3,0,50
3814,"VS83406",2003,21,"20031MP14","MP14",497,17.5,23,11.784375,2.52625,7,4,0,51
3815,"VS83447",2000,18,"20001SW54","SW54",815,20.3,24,10.85,5.268125,10,1,0,48
3816,"VS83451",2000,18,"20001EX20","EX20",376,19.4,31,11.38125,4.748125,5,1,1,48
3817,"VS83505",2000,18,"20001SW37","SW37",795,18.8,28,10.9875,4.934375,9,1,0,48
3817,"VS83505",2001,19,"20011SW37","SW37",795,18.7,32,14.090625,0.31875,8,2,0,49
3818,"VS83642",2001,19,"20011W67","W67",930,18.6,25,13.94375,0.25375,8,2,1,49
3818,"VS83642",2002,20,"20021W69","W69",932,18.8,9,9.98125,1.960625,9,3,1,50
3819,"VS83644",2000,18,"20001C15","C15",233,18.4,28,11.33125,4.911875,5,1,1,48
3820,"VS83666",2000,18,"20001CP24","CP24",326,18,31,12.93125,1.609375,10,1,1,48
3821,"VS83683",2000,18,"20001W15","W15",871,19,29,10.778125,5.2725,7,1,0,48
3821,"VS83683",2002,20,"20021CP3","CP3",332,18.8,19,12.603125,1.711875,7,3,0,50
3821,"VS83683",2003,21,"20031W20","W20",877,20.7,23,15.26875,1.8175,5,4,0,51
3822,"VS83726",2000,18,"20001B94","B94",178,18.6,29,11.38125,4.748125,10,1,0,48
3823,"VS83730",2001,19,"20011W75A","W75A",939,19.1,32,14.090625,0.31875,7,1,1,52
3824,"VS83731",2001,19,"20011W55","W55",915,17.6,35,12.815625,0.593125,6,1,0,52
3824,"VS83731",2002,20,"20021W22","W22",879,17.3,10,12.315625,1.34625,8,2,0,53
3824,"VS83731",2003,21,"20031W55","W55",915,18.4,20,11.09375,2.651875,7,3,0,54
3825,"VS83736",2001,19,"20011W102","W102",862,19.3,27,13.94375,0.25375,4,1,1,52
3825,"VS83736",2002,20,"20021W99","W99",961,19,9,11.921875,1.08125,8,2,1,53
3826,"VS83741",2001,19,"20011SW11","SW11",743,18.6,42,12.49375,0.5875,8,1,1,52
3827,"VS83743",2001,19,"20011MP13","MP13",496,20.5,37,13.140625,0.6425,4,1,1,52
3828,"VS83744",2002,20,"20021EX73","EX73",470,18.3,15,12.315625,1.34625,6,2,1,53
3829,"VS83747",2001,19,"20011EX25","EX25",379,19.5,37,12.815625,0.593125,6,1,0,52
3829,"VS83747",2002,20,"20021EX26","EX26",380,19.2,15,12.603125,1.711875,9,2,0,53
3830,"VS83749",2001,19,"20011EX48","EX48",424,20.5,35,13.140625,0.6425,6,1,0,52
3831,"VS83758",2002,20,"20021CP35","CP35",338,18.6,14,13.028125,2.129375,11,2,1,53
3831,"VS83758",2003,21,"20031CP37","CP37",340,18.9,21,12.7875,2.231875,8,3,1,54
3832,"VS83766",2001,19,"20011EX20","EX20",376,19,34,12.815625,0.593125,5,1,0,52
3833,"VS83770",2001,19,"20011CP12","CP12",312,18.2,34,13.653125,0.380625,6,1,0,52
3833,"VS83770",2002,20,"20021CP4","CP4",344,18.5,23,12.996875,2.281875,9,2,0,53
3834,"VS83771",2002,20,"20021CP25","CP25",327,18.8,17,12.603125,1.711875,6,2,1,53
3835,"VS83776",2001,19,"20011O83","O83",698,18.2,36,12.815625,0.593125,4,1,0,52
3836,"VS83777",2001,19,"20011EX77","EX77",476,18.3,34,13.653125,0.380625,7,1,1,52
3837,"VS83778",2001,19,"20011CP25","CP25",327,18.3,34,13.95625,0.369375,6,1,0,52
3837,"VS83778",2002,20,"20021CP25","CP25",327,19.5,17,12.603125,1.711875,6,2,0,53
3838,"VS83783",2001,19,"20011W41","W41",898,20.1,27,14.053125,0.25375,6,1,1,52
3838,"VS83783",2002,20,"20021W40","W40",897,19.9,7,11.321875,1.22875,8,2,1,53
3838,"VS83783",2003,21,"20031W35","W35",892,20.8,18,10.921875,2.463125,7,3,1,54
3838,"VS83783",2004,22,"20041W35","W35",892,19.8,19,12.7375,0.158125,6,4,1,55
3838,"VS83783",2005,23,"20051W54","W54",914,20.2,25,11.51875,1.07,7,5,1,56
3839,"VS83786",2001,19,"20011W41","W41",898,17.9,27,14.053125,0.25375,6,1,0,52
3839,"VS83786",2002,20,"20021W40","W40",897,18.3,7,11.321875,1.22875,8,2,0,53
3839,"VS83786",2003,21,"20031W35","W35",892,18.9,18,10.921875,2.463125,7,3,0,54
3839,"VS83786",2004,22,"20041W35","W35",892,18.1,19,12.7375,0.158125,6,4,0,55
3840,"VS83789",2002,20,"20021W87","W87",950,18.7,20,13.028125,2.129375,9,2,1,53
3841,"VS83792",2001,19,"20011W76","W76",940,18.6,44,12.465625,2.046875,6,1,0,52
3842,"VS83796",2001,19,"20011MP75","MP75",563,19.7,31,14.0125,0.25125,8,1,0,52
3843,"VS83797",2001,19,"20011CP23","CP23",325,20.5,37,12.671875,0.57,2,1,1,52
3843,"VS83797",2002,20,"20021CP15","CP15",316,19.6,12,11.921875,1.08125,11,2,1,53
3844,"VS83800",2001,19,"20011EX56","EX56",441,18.9,29,14.053125,0.25375,6,1,1,52
3844,"VS83800",2002,20,"20021EX58","EX58",443,18.9,8,12.315625,1.34625,10,2,1,53
3844,"VS83800",2003,21,"20031EX55","EX55",440,19.1,19,11.784375,2.52625,8,3,1,54
3844,"VS83800",2004,22,"20041EX55","EX55",440,19.4,12,12.565625,0.74375,11,4,1,55
3845,"VS83864",2004,22,"20041W49","W49",905,18.9,34,13.378125,0.75625,8,1,0,66
3845,"VS83864",2005,23,"20051W37","W37",894,18.2,13,9.375,1.599375,10,2,0,67
3846,"VS83870",2004,22,"20041CP5","CP5",350,17.5,18,12.765625,0.105,8,1,1,66
3847,"VS83950",2020,38,"20201EX51","EX51",432,17.5,18,11.909375,0.27875,8,2,0,106
3848,"VS84026",2000,18,"20001O73","O73",683,18.6,26,10.85,5.268125,6,1,0,48
3849,"VS84062",2021,39,"20211MP93","MP93",582,18.2,27,13.03125,1.718125,6,2,0,108
3850,"VS84180",2021,39,"20211C62","C62",302,18.4,19,10.609375,4.04,3,2,1,108
3851,"VS84187",2020,38,"20201B174","B174",69,18.5,22,11.925,0.2725,7,1,1,107
3852,"VS84191",2021,39,"20211P6","P6",726,18.4,18,11.36875,2.77375,9,2,0,108
3853,"VS84206",2020,38,"20201MP73","MP73",561,18.2,10,10.184375,0.286875,9,1,0,107
3854,"VS84265",2020,38,"20201B145","B145",43,17.8,32,14.5875,0.91625,2,1,0,107
3855,"VS84314",2001,19,"20011B63","B63",150,19.5,20,13.95625,0.255625,11,1,0,52
3856,"VS84323",2001,19,"20011EX31","EX31",387,18.2,33,13.95625,0.369375,8,1,0,52
3857,"VS84324",2001,19,"20011B177","B177",71,21.4,37,12.815625,0.593125,6,1,1,52
3858,"VS84326",2001,19,"20011EX41D","EX41D",409,18.5,38,13.653125,0.380625,4,1,1,52
3859,"VS84331",2001,19,"20011EX14B","EX14B",367,18.6,24,13.725,0.54,10,1,0,52
3859,"VS84331",2002,20,"20021EX14B","EX14B",367,18.5,3,11.921875,1.08125,10,2,0,53
3859,"VS84331",2003,21,"20031EX14B","EX14B",367,18.3,9,10.71875,1.454375,11,3,0,54
3860,"VS84332",2001,19,"20011EX12A","EX12A",362,19.3,27,13.94375,0.25375,5,1,0,52
3860,"VS84332",2002,20,"20021EX12A","EX12A",362,20.1,5,10.83125,0.9525,10,2,0,53
3861,"VS84334",2001,19,"20011O115","O115",606,18.5,29,13.725,0.54,8,1,0,52
3861,"VS84334",2002,20,"20021O115","O115",606,18,9,11.621875,1.1375,9,2,0,53
3862,"VS84335",2001,19,"20011O6","O6",668,18.8,40,13.95625,0.369375,7,1,0,52
3863,"VS84351",2001,19,"20011EX50","EX50",431,19.2,32,13.653125,0.380625,9,1,1,52
3863,"VS84351",2002,20,"20021CP41","CP41",347,18.6,5,11.621875,1.1375,10,2,1,53
3864,"VS84356",2001,19,"20011CP5A","CP5A",351,18.5,30,14.090625,0.31875,7,1,1,52
3864,"VS84356",2002,20,"20021CP5B","CP5B",352,18.4,18,13.028125,2.129375,9,2,1,53
3865,"VS84358",2002,20,"20021EX31","EX31",387,17.8,5,10.13125,1.69125,9,2,0,53
3866,"VS84360",2004,22,"20041EX61","EX61",448,18.2,18,12.765625,0.105,10,4,0,55
3867,"VS84368",2001,19,"20011W93","W93",955,17.7,33,13.30625,0.6,7,1,0,52
3868,"VS84371",2001,19,"20011EX1","EX1",357,18.9,33,14.0125,0.25125,7,1,0,52
3869,"VS84372",2001,19,"20011EX43B","EX43B",415,17.9,37,13.140625,0.6425,9,1,0,52
3869,"VS84372",2002,20,"20021EX41C","EX41C",408,18.3,16,12.721875,2.2375,8,2,0,53
3869,"VS84372",2003,21,"20031EX1","EX1",357,17.5,25,14.18125,2.106875,8,3,0,54
3870,"VS84375",2001,19,"20011W83","W83",947,19.1,27,13.725,0.54,7,1,1,52
3871,"VS84380",2001,19,"20011W75A","W75A",939,19.2,32,14.090625,0.31875,7,1,0,52
3871,"VS84380",2002,20,"20021W75","W75",938,18.6,7,12.315625,1.34625,7,2,0,53
3872,"VS84381",2001,19,"20011EX39B","EX39B",401,17.4,29,13.95625,0.255625,9,1,1,52
3873,"VS84385",2001,19,"20011W69","W69",932,19.2,30,14.053125,0.25375,8,1,1,52
3874,"VS84386",2001,19,"20011O53","O53",660,19,35,13.95625,0.369375,7,1,0,52
3874,"VS84386",2004,22,"20041O53","O53",660,18.3,26,12.84375,0.618125,8,4,0,55
3874,"VS84386",2005,23,"20051O53","O53",660,18.8,22,11.946875,1.07,7,5,0,56
3875,"VS84395",2001,19,"20011SW122","SW122",757,18.2,28,13.653125,0.380625,7,1,0,52
3876,"VS84403",2001,19,"20011W102","W102",862,18.5,27,13.94375,0.25375,4,1,0,52
3877,"VS84406",2001,19,"20011W91","W91",953,18.5,32,13.30625,0.6,7,1,1,52
3877,"VS84406",2002,20,"20021W63","W63",924,17.9,17,12.840625,1.7525,7,2,1,53
3878,"VS84408",2001,19,"20011EX62A","EX62A",450,18.1,35,13.95625,0.255625,5,1,0,52
3879,"VS84415",2003,21,"20031CP17","CP17",318,18.7,27,13.425,2.07375,6,3,0,54
3879,"VS84415",2005,23,"20051CP19","CP19",320,19.2,27,12.40625,1.3225,5,5,0,56
3880,"VS84417",2001,19,"20011W14","W14",870,19.8,28,14.090625,0.31875,10,1,1,52
3880,"VS84417",2002,20,"20021W3","W3",887,19.8,19,13.15625,2.195625,9,2,1,53
3880,"VS84417",2003,21,"20031W14","W14",870,19.1,22,11.371875,2.60875,6,3,1,54
3881,"VS84423",2001,19,"20011W16","W16",872,18.6,29,13.7125,0.7425,6,1,1,52
3882,"VS84425",2001,19,"20011EX75A","EX75A",474,19.4,41,12.39375,0.844375,5,1,0,52
3883,"VS84428",2001,19,"20011W42","W42",899,20.2,26,14.053125,0.25375,9,1,1,52
3884,"VS84430",2001,19,"20011EX65","EX65",461,20.5,34,13.95625,0.369375,6,1,1,52
3884,"VS84430",2002,20,"20021EX65","EX65",461,20.5,25,12.834375,2.141875,6,2,1,53
3885,"VS84431",2001,19,"20011CP4","CP4",344,20.2,29,14.053125,0.25375,4,1,0,52
3885,"VS84431",2002,20,"20021CP5B","CP5B",352,19.9,18,13.028125,2.129375,9,2,0,53
3886,"VS84435",2001,19,"20011W55","W55",915,19.5,35,12.815625,0.593125,6,1,1,52
3887,"VS84438",2001,19,"20011W22","W22",879,19.2,31,13.30625,0.6,6,1,1,52
3888,"VS84443",2001,19,"20011W16","W16",872,18.5,29,13.7125,0.7425,6,1,0,52
3889,"VS84449",2001,19,"20011W13","W13",869,18.6,30,13.653125,0.380625,6,1,1,52
3890,"VS84455",2001,19,"20011EX76","EX76",475,18.6,39,12.49375,0.5875,7,1,0,52
3890,"VS84455",2002,20,"20021EX76","EX76",475,19.4,9,10.13125,1.69125,4,2,0,53
3891,"VS84465",2001,19,"20011SW3","SW3",787,18.8,50,12.975,1.940625,6,1,1,52
3892,"VS84469",2001,19,"20011EX27","EX27",381,20.1,36,12.815625,0.593125,8,1,1,52
3893,"VS84472",2001,19,"20011EX75A","EX75A",474,19.7,41,12.39375,0.844375,5,1,1,52
3894,"VS84473",2001,19,"20011EX63","EX63",459,19.8,35,13.30625,0.6,8,1,0,52
3895,"VS84483",2001,19,"20011EX49A","EX49A",427,18.9,33,13.95625,0.369375,9,1,1,52
3896,"VS84489",2001,19,"20011EX80","EX80",480,18.9,29,13.94375,0.25375,8,1,0,52
3897,"VS84491",2001,19,"20011EX72","EX72",469,18.4,36,13.653125,0.380625,5,1,0,52
3897,"VS84491",2002,20,"20021EX74","EX74",472,17.7,14,12.315625,1.34625,5,2,0,53
3897,"VS84491",2003,21,"20031EX74","EX74",472,18,26,13.8875,2.204375,6,3,0,54
3897,"VS84491",2004,22,"20041EX74","EX74",472,18,18,12.6125,0.145,9,4,0,55
3898,"VS84492",2001,19,"20011EX43","EX43",413,19.4,33,12.49375,0.5875,8,1,1,52
3899,"VS84536",2001,19,"20011MP75","MP75",563,18.6,31,14.0125,0.25125,8,1,1,52
3899,"VS84536",2003,21,"20031MP77","MP77",565,18,11,10.565625,1.976875,10,3,1,54
3899,"VS84536",2004,22,"20041MP73","MP73",561,18.5,13,12.565625,0.74375,10,4,1,55
3900,"VS84537",2001,19,"20011MP53","MP53",539,21,32,13.95625,0.255625,7,1,1,52
3900,"VS84537",2002,20,"20021MP38","MP38",523,19.4,14,11.321875,1.22875,9,2,1,53
3900,"VS84537",2003,21,"20031MP34","MP34",518,19.8,19,10.93125,2.7025,7,3,1,54
3901,"VS84544",2001,19,"20011B54","B54",143,22.4,34,13.30625,0.6,4,1,0,52
3901,"VS84544",2002,20,"20021B152","B152",51,20.4,10,11.321875,1.22875,7,2,0,53
3902,"VS84545",2001,19,"20011MP87","MP87",576,19.3,30,13.30625,0.6,6,1,1,52
3902,"VS84545",2002,20,"20021MP20","MP20",504,19.1,8,11.321875,1.22875,11,2,1,53
3902,"VS84545",2003,21,"20031MP20","MP20",504,18.8,20,11.09375,2.651875,9,3,1,54
3903,"VS84546",2001,19,"20011B177","B177",71,20,37,12.815625,0.593125,6,1,0,52
3903,"VS84546",2002,20,"20021B215","B215",103,20.3,7,10.434375,1.208125,8,2,0,53
3904,"VS84548",2002,20,"20021MP79","MP79",567,19.6,7,9.775,2.10125,5,2,1,53
3904,"VS84548",2003,21,"20031MP79","MP79",567,19.5,15,10.803125,1.8025,4,3,1,54
3904,"VS84548",2004,22,"20041MP79","MP79",567,17.3,11,11.2125,1.97375,4,4,1,55
3905,"VS84549",2001,19,"20011MP20","MP20",504,20,28,14.053125,0.25375,9,1,1,52
3905,"VS84549",2002,20,"20021MP83","MP83",572,23.1,16,13.028125,2.129375,6,2,1,53
3906,"VS84555",2002,20,"20021MP97","MP97",586,19.1,20,12.996875,2.43375,6,2,1,53
3907,"VS84556",2001,19,"20011MP34","MP34",518,20.4,31,13.95625,0.369375,4,1,0,52
3907,"VS84556",2002,20,"20021MP34","MP34",518,18,9,10.83125,0.9525,9,2,0,53
3908,"VS84557",2001,19,"20011SW34","SW34",792,18.3,31,12.425,1.9325,4,1,1,52
3908,"VS84557",2002,20,"20021SW35","SW35",793,18,18,13.04375,2.753125,9,2,1,53
3909,"VS84562",2001,19,"20011MP21","MP21",505,20,27,14.0125,0.25125,7,1,1,52
3910,"VS84567",2001,19,"20011MP21","MP21",505,19.5,27,14.0125,0.25125,7,1,0,52
3911,"VS84581",2001,19,"20011EX84","EX84",482,18,38,13.653125,0.380625,6,1,0,52
3912,"VS84588",2001,19,"20011B165","B165",62,20.2,30,13.94375,0.25375,8,1,1,52
3912,"VS84588",2002,20,"20021B155","B155",53,19.7,18,12.840625,1.7525,8,2,1,53
3913,"VS84591",2002,20,"20021B30","B30",123,19.1,8,10.83125,0.9525,8,2,1,53
3914,"VS84592",2001,19,"20011EX84","EX84",482,18.5,38,13.653125,0.380625,6,1,1,52
3915,"VS84594",2001,19,"20011B107","B107",10,20,31,14.053125,0.25375,7,1,0,52
3916,"VS84595",2001,19,"20011MP53","MP53",539,20.5,32,13.95625,0.255625,7,1,0,52
3916,"VS84595",2003,21,"20031MP49","MP49",534,19.4,22,11.371875,2.60875,7,3,0,54
3917,"VS84597",2001,19,"20011O75B","O75B",687,19.8,22,13.4625,2.2575,7,1,1,52
3918,"VS84608",2001,19,"20011MP74","MP74",562,20.4,22,13.4625,2.2575,9,1,1,52
3918,"VS84608",2002,20,"20021MP74","MP74",562,19.6,6,10.83125,0.9525,11,2,1,53
3919,"VS84614",2002,20,"20021MP21","MP21",505,18.6,16,12.940625,2.74375,9,2,0,53
3920,"VS84619",2001,19,"20011B79","B79",163,19.6,30,14.053125,0.25375,7,1,0,52
3920,"VS84619",2005,23,"20051B212","B212",100,18.9,23,11.946875,1.07,2,5,0,56
3921,"VS84620",2001,19,"20011SW111","SW111",745,20.4,23,13.446875,2.501875,3,1,0,52
3921,"VS84620",2002,20,"20021SW112","SW112",746,20.8,15,12.840625,1.7525,9,2,0,53
3921,"VS84620",2004,22,"20041SW111","SW111",745,18.4,23,12.859375,0.285,9,4,0,55
3922,"VS84629",2001,19,"20011B103","B103",6,19.3,24,13.7125,0.7425,7,1,1,52
3922,"VS84629",2002,20,"20021B102","B102",5,18.4,11,11.321875,1.22875,7,2,1,53
3922,"VS84629",2003,21,"20031B108","B108",11,17.4,25,11.784375,2.52625,7,3,1,54
3922,"VS84629",2004,22,"20041B103","B103",6,18,20,12.7375,0.158125,8,4,1,55
3923,"VS84642",2002,20,"20021P15","P15",714,17.6,12,12.315625,1.34625,10,2,1,53
3924,"VS84648",2001,19,"20011O27A","O27A",628,19.4,26,13.725,0.54,8,1,0,52
3925,"VS84649",2001,19,"20011B80A","B80A",167,18.8,35,13.30625,0.6,7,1,0,52
3925,"VS84649",2002,20,"20021B164","B164",61,19.4,16,12.603125,1.711875,9,2,0,53
3926,"VS84654",2001,19,"20011C27","C27",263,20.6,32,13.95625,0.369375,8,1,0,52
3927,"VS84655",2002,20,"20021B51","B51",140,19.8,14,11.621875,1.1375,7,2,0,53
3928,"VS84662",2001,19,"20011B15","B15",48,21,25,13.95625,0.255625,8,1,1,52
3928,"VS84662",2003,21,"20031B115","B115",18,18.8,18,11.371875,2.60875,8,3,1,54
3929,"VS84665",2001,19,"20011MP22","MP22",506,20,34,12.815625,0.593125,7,1,0,52
3929,"VS84665",2002,20,"20021MP83","MP83",572,19.3,16,13.028125,2.129375,6,2,0,53
3930,"VS84673",2001,19,"20011CP13","CP13",313,18.4,37,12.41875,1.463125,9,1,0,52
3931,"VS84688",2001,19,"20011EX50","EX50",431,18.9,32,13.653125,0.380625,9,1,0,52
3932,"VS84692",2001,19,"20011EX58","EX58",443,19.6,29,14.090625,0.31875,6,1,0,52
3933,"VS84702",2002,20,"20021B116","B116",19,19.1,20,13.04375,2.753125,10,2,1,53
3934,"VS84713",2002,20,"20021B170","B170",65,19.1,18,12.603125,1.711875,6,2,1,53
3935,"VS84714",2001,19,"20011MP78","MP78",566,20.5,40,12.465625,2.046875,8,1,1,52
3935,"VS84714",2002,20,"20021MP77","MP77",565,18.5,8,11.321875,1.22875,8,2,1,53
3936,"VS84719",2001,19,"20011B68","B68",155,19.5,32,14.0125,0.25125,7,1,0,52
3936,"VS84719",2002,20,"20021B168","B168",63,18.2,9,10.83125,0.9525,8,2,0,53
3937,"VS84724",2001,19,"20011P19","P19",718,17.9,46,12.4125,1.948125,6,1,0,52
3937,"VS84724",2002,20,"20021P15","P15",714,17.6,12,12.315625,1.34625,10,2,0,53
3937,"VS84724",2003,21,"20031P18","P18",717,16.2,21,12.7875,2.231875,8,3,0,54
3938,"VS84727",2001,19,"20011MP70","MP70",558,19.9,48,12.796875,1.943125,6,1,0,52
3938,"VS84727",2002,20,"20021MP69","MP69",556,18,8,11.321875,1.22875,7,2,0,53
3939,"VS84757",2002,20,"20021EX43C","EX43C",416,19,21,13.04375,2.753125,8,1,1,57
3940,"VS84810",2002,20,"20021B92","B92",176,18.4,21,13.04375,2.753125,9,2,1,53
3940,"VS84810",2004,22,"20041B92","B92",176,19,14,12.0875,1.1375,8,4,1,55
3941,"VS84819",2001,19,"20011MP89","MP89",578,21.3,35,12.39375,0.844375,8,1,1,52
3942,"VS84834",2002,20,"20021MP26","MP26",510,19.5,13,11.921875,1.08125,8,2,0,53
3942,"VS84834",2003,21,"20031MP26","MP26",510,17.6,20,11.09375,2.651875,8,3,0,54
3943,"VS84844",2002,20,"20021C30","C30",267,19.1,10,10.83125,0.9525,8,2,0,53
3943,"VS84844",2003,21,"20031C130","C130",214,18.1,21,12.278125,2.36125,9,3,0,54
3943,"VS84844",2004,22,"20041C134","C134",218,19.8,58,14.521875,2.490625,3,4,0,55
3943,"VS84844",2004,22,"20041C32","C32",268,18,21,12.765625,0.105,4,4,0,55
3943,"VS84844",2005,23,"20051C16","C16",243,19,18,10.171875,1.07625,7,5,0,56
3944,"VS84864",2001,19,"20011SW60","SW60",822,17.4,39,13.653125,0.380625,7,1,0,52
3945,"VS84868",2001,19,"20011P5","P5",725,18.1,34,14.090625,0.31875,6,1,1,52
3946,"VS84876",2001,19,"20011MP3","MP3",513,21.5,41,13.30625,0.6,5,1,0,52
3946,"VS84876",2002,20,"20021MP3","MP3",513,18.4,13,11.621875,1.1375,7,2,0,53
3947,"VS84884",2002,20,"20021C61A","C61A",301,20.2,20,13.15625,2.195625,7,2,1,53
3947,"VS84884",2003,21,"20031C61A","C61A",301,20.5,25,13.425,2.07375,6,3,1,54
3948,"VS84887",2001,19,"20011SW117","SW117",751,19.4,24,13.7125,0.7425,7,1,0,52
3949,"VS84889",2002,20,"20021MP12","MP12",495,19.5,20,13.20625,2.585,9,2,1,53
3950,"VS84890",2002,20,"20021C61A","C61A",301,19,20,13.15625,2.195625,7,2,0,53
3950,"VS84890",2003,21,"20031C61A","C61A",301,18.6,25,13.425,2.07375,6,3,0,54
3951,"VS84892",2001,19,"20011MP64","MP64",551,20.4,25,13.725,0.54,8,1,1,52
3952,"VS84918",2004,22,"20041EX21","EX21",377,17.6,22,12.84375,0.618125,11,1,1,66
3953,"VS84950",2004,22,"20041W71","W71",934,18.1,24,12.859375,0.285,9,1,1,66
3954,"VS84959",2004,22,"20041CP5","CP5",350,16.3,18,12.765625,0.105,8,1,0,66
3954,"VS84959",2005,23,"20051CP5","CP5",350,17.6,23,12.40625,1.3225,9,2,0,67
3955,"VS84962",2004,22,"20041W77","W77",941,17.3,18,12.6125,0.145,8,1,1,66
3956,"VS84963",2004,22,"20041EX15","EX15",368,17.3,22,12.859375,0.285,11,1,1,66
3957,"VS84968",2004,22,"20041CP34","CP34",337,19.1,21,12.640625,0.145,11,1,1,66
3957,"VS84968",2005,23,"20051CP30","CP30",333,19.8,31,13.465625,1.865,9,2,1,67
3957,"VS84968",2006,24,"20061CP30","CP30",333,19.8,28,11.475,3.008125,8,3,1,68
3958,"VT33008",2002,20,"20021W99A","W99A",962,18.1,14,12.315625,1.34625,6,1,1,57
3958,"VT33008",2003,21,"20031W100","W100",860,18.6,20,10.9125,2.58625,7,2,1,58
3958,"VT33008",2004,22,"20041W100","W100",860,19.3,22,12.6125,0.145,8,3,1,59
3958,"VT33008",2005,23,"20051W100","W100",860,18.6,20,10.171875,1.07625,7,4,1,60
3959,"VT33013",2002,20,"20021EX90","EX90",489,19.3,20,13.20625,2.585,4,1,0,57
3960,"VT33014",2002,20,"20021EX43C","EX43C",416,19.4,21,13.04375,2.753125,8,1,0,57
3961,"VT33022",2002,20,"20021W12","W12",868,19,14,11.321875,1.22875,8,1,0,57
3962,"VT33023",2002,20,"20021CP40A","CP40A",346,18.5,9,11.321875,1.22875,8,1,0,57
3963,"VT33031",2002,20,"20021CP24","CP24",326,18.5,17,12.940625,2.74375,10,1,1,57
3964,"VT33038",2002,20,"20021W42","W42",899,18.4,7,12.315625,1.34625,12,1,0,57
3964,"VT33038",2003,21,"20031W45","W45",902,19.6,21,11.371875,2.60875,10,2,0,58
3965,"VT33047",2002,20,"20021P7","P7",727,18.9,17,11.621875,1.1375,4,1,0,57
3966,"VT33072",2002,20,"20021EX64","EX64",460,19.9,14,12.315625,1.34625,7,1,1,57
3967,"VT33093",2002,20,"20021EX21","EX21",377,18.8,11,11.321875,1.22875,9,1,1,57
3968,"VT33111",2003,21,"20031W75A","W75A",939,17.8,23,12.7875,2.231875,3,2,0,58
3969,"VT33143",2002,20,"20021CP4","CP4",344,17.8,23,12.996875,2.281875,9,1,1,57
3969,"VT33143",2003,21,"20031CP5B","CP5B",352,19.1,25,13.8875,2.204375,8,2,1,58
3970,"VT33180",2004,22,"20041EX64","EX64",460,18.8,22,12.6125,0.145,8,3,1,59
3971,"VT33188",2002,20,"20021EX44","EX44",419,19.2,13,11.621875,1.1375,8,1,1,57
3971,"VT33188",2003,21,"20031EX44","EX44",419,20.2,22,12.278125,2.36125,7,2,1,58
3972,"VT33221",2002,20,"20021W77","W77",941,19,12,11.921875,1.08125,7,1,1,57
3972,"VT33221",2004,22,"20041W94","W94",956,18.7,17,12.575,0.743125,8,3,1,59
3973,"VT33225",2002,20,"20021B170","B170",65,19.8,18,12.603125,1.711875,6,1,0,57
3974,"VT33243",2003,21,"20031EX25","EX25",379,18.1,21,12.278125,2.36125,9,2,1,58
3975,"VT33313",2003,21,"20031CP5A","CP5A",351,16.8,21,12.7875,2.231875,9,1,0,61
3976,"VT33316",2003,21,"20031W102","W102",862,17.8,23,12.7875,2.231875,8,1,0,61
3976,"VT33316",2004,22,"20041W103","W103",863,18.1,18,12.7375,0.158125,9,2,0,62
3976,"VT33316",2005,23,"20051W103A","W103A",864,17.6,18,9.65,1.149375,9,3,0,63
3977,"VT33317",2003,21,"20031CP30","CP30",333,18.7,34,14.90625,1.54875,7,1,1,61
3978,"VT33331",2003,21,"20031O117","O117",608,18,32,14.45,1.520625,7,1,0,61
3979,"VT33336",2003,21,"20031CP22","CP22",324,18.4,31,14.290625,1.839375,5,1,0,61
3980,"VT33360",2003,21,"20031SW119","SW119",753,17.2,27,14.18125,2.106875,10,1,1,61
3981,"VT33378",2003,21,"20031EX77","EX77",476,17.9,31,14.696875,1.436875,8,1,0,61
3982,"VT33379",2003,21,"20031EX75","EX75",473,19,25,14.290625,1.839375,10,1,1,61
3982,"VT33379",2004,22,"20041EX75","EX75",473,19.4,15,12.575,0.743125,11,2,1,62
3982,"VT33379",2005,23,"20051EX75A","EX75A",474,19.4,28,12.525,1.44,7,3,1,63
3982,"VT33379",2006,24,"20061EX75","EX75",473,19.2,30,11.715625,2.271875,9,4,1,64
3982,"VT33379",2007,25,"20071EX75A","EX75A",474,19.1,21,12.415625,4.52875,10,5,1,65
3983,"VT33381",2003,21,"20031EX10A","EX10A",359,17.9,19,12.278125,2.36125,11,1,0,61
3983,"VT33381",2004,22,"20041EX19","EX19",373,19,12,12.565625,0.74375,12,2,0,62
3983,"VT33381",2005,23,"20051EX18A","EX18A",372,18.8,16,11.946875,1.07,12,3,0,63
3983,"VT33381",2006,24,"20061EX18A","EX18A",372,18.1,22,11.65625,3.61125,2,4,0,64
3984,"VT33383",2003,21,"20031EX73A","EX73A",471,19.1,28,14.18125,2.106875,8,1,0,61
3985,"VT33388",2004,22,"20041W49","W49",905,18.6,34,13.378125,0.75625,8,2,1,62
3986,"VT33407",2004,22,"20041O35","O35",638,17.1,28,12.79375,0.8375,9,2,0,62
3987,"VT33419",2003,21,"20031CP6","CP6",353,18.7,34,15.1625,1.829375,5,1,1,61
3988,"VT33463",2003,21,"20031EX63","EX63",459,17.7,28,14.18125,2.106875,6,1,1,61
3989,"VT33480",2003,21,"20031EX43B","EX43B",415,18.6,26,12.7875,2.231875,8,1,1,61
3990,"VT33486",2003,21,"20031EX60","EX60",447,17.1,29,14.18125,2.106875,7,1,1,61
3990,"VT33486",2004,22,"20041EX62","EX62",449,17.8,16,12.640625,0.19875,11,2,1,62
3990,"VT33486",2005,23,"20051EX62","EX62",449,17.4,25,12.525,1.44,10,3,1,63
3991,"VT33500",2003,21,"20031W103A","W103A",864,18.1,24,12.7875,2.231875,8,1,1,61
3992,"VT33506",2003,21,"20031EX40","EX40",404,17.5,22,12.278125,2.36125,9,1,1,61
3993,"VT33529",2003,21,"20031CP31","CP31",334,17.9,29,14.18125,2.106875,6,1,0,61
3994,"VT33530",2004,22,"20041B100","B100",3,19.2,19,12.7375,0.158125,7,2,0,62
3994,"VT33530",2005,23,"20051B1","B1",1,18.6,21,11.51875,1.07,5,3,0,63
3995,"VT33533",2003,21,"20031MP88","MP88",577,18.3,25,12.278125,2.36125,4,1,0,61
3996,"VT33544",2003,21,"20031MP51","MP51",537,18.4,18,10.921875,2.463125,8,1,0,61
3997,"VT33548",2003,21,"20031W75A","W75A",939,19.1,23,12.7875,2.231875,3,1,1,61
3997,"VT33548",2004,22,"20041W78","W78",942,19.8,18,12.7375,0.158125,8,2,1,62
3997,"VT33548",2005,23,"20051W75A","W75A",939,19.4,19,12.165625,1.31,10,3,1,63
3998,"VT33550",2003,21,"20031W62","W62",923,17.4,21,12.7875,2.231875,4,1,1,61
3998,"VT33550",2004,22,"20041W66","W66",929,18,18,12.765625,0.105,5,2,1,62
3999,"VT33556",2003,21,"20031W32","W32",889,17.5,20,10.9125,2.58625,8,1,0,61
4000,"VT33566",2003,21,"20031B142","B142",39,19.8,25,14.290625,1.839375,9,1,0,61
4000,"VT33566",2004,22,"20041B155","B155",53,18.8,21,12.884375,0.355,13,2,0,62
4000,"VT33566",2005,23,"20051B145","B145",43,19.1,18,11.946875,1.07,9,3,0,63
4001,"VT33585",2004,22,"20041W91","W91",953,19.3,20,12.640625,0.145,10,2,1,62
4002,"VT33595",2003,21,"20031W51","W51",910,18.6,24,12.278125,2.36125,5,1,1,61
4003,"VT33596",2004,22,"20041EX28","EX28",382,18.6,19,12.575,0.743125,8,2,0,62
4003,"VT33596",2005,23,"20051EX26","EX26",380,18.3,26,12.021875,1.191875,7,3,0,63
4003,"VT33596",2006,24,"20061EX26","EX26",380,17.6,26,11.521875,3.5975,8,4,0,64
4004,"VT33598",2003,21,"20031O41","O41",647,17,54,12.7875,2.231875,3,1,0,61
4004,"VT33598",2004,22,"20041O41","O41",647,17.6,18,12.640625,0.19875,7,2,0,62
4004,"VT33598",2005,23,"20051O41","O41",647,17.2,17,9.409375,1.253125,6,3,0,63
4005,"VT33603",2003,21,"20031EX20","EX20",376,18.3,32,14.696875,1.436875,7,1,1,61
4005,"VT33603",2004,22,"20041EX20","EX20",376,19.2,17,12.640625,0.19875,10,2,1,62
4006,"VT33629",2003,21,"20031EX1","EX1",357,17.8,25,14.18125,2.106875,8,1,1,61
4007,"VT33658",2003,21,"20031SW67","SW67",830,17.8,23,12.7875,2.231875,6,1,1,61
4008,"VT33662",2003,21,"20031EX61","EX61",448,16.3,23,12.7875,2.231875,8,1,0,61
4009,"VT33689",2003,21,"20031W76","W76",940,17.4,21,13.8875,2.204375,10,1,0,61
4010,"VT33691",2005,23,"20051EX14A","EX14A",366,18.9,25,13.409375,1.83875,10,3,1,63
4010,"VT33691",2007,25,"20071EX12A","EX12A",362,18.6,16,12.19375,3.989375,11,5,1,65
4011,"VT33693",2003,21,"20031EX69","EX69",465,18.4,28,13.8875,2.204375,4,1,1,61
4011,"VT33693",2004,22,"20041EX68","EX68",464,18.4,16,12.565625,0.74375,8,2,1,62
4011,"VT33693",2005,23,"20051EX69","EX69",465,18.5,30,13.5875,1.255625,9,3,1,63
4011,"VT33693",2006,24,"20061EX68","EX68",464,18.4,24,11.475,3.008125,10,4,1,64
4011,"VT33693",2007,25,"20071EX79","EX79",478,18.6,16,12.19375,3.989375,10,5,1,65
4012,"VT33709",2005,23,"20051W87","W87",950,19.2,15,9.375,1.326875,6,3,1,63
4012,"VT33709",2006,24,"20061W84","W84",948,19.5,23,11.521875,3.5975,7,4,1,64
4012,"VT33709",2007,25,"20071W85","W85",949,19.4,15,12.05,4.179375,10,5,1,65
4013,"VT33711",2003,21,"20031W64","W64",925,18.3,24,11.784375,2.52625,5,1,1,61
4013,"VT33711",2004,22,"20041W80","W80",945,18.2,21,12.6125,0.145,8,2,1,62
4013,"VT33711",2005,23,"20051W64","W64",925,18.3,27,12.40625,1.3225,8,3,1,63
4014,"VT33713",2003,21,"20031CP24","CP24",326,16.6,30,14.290625,1.839375,7,1,0,61
4014,"VT33713",2004,22,"20041CP24","CP24",326,17.3,25,12.771875,0.67875,4,2,0,62
4014,"VT33713",2005,23,"20051CP16","CP16",317,16.8,34,13.5875,1.255625,2,3,0,63
4015,"VT33723",2004,22,"20041CP33","CP33",336,18.8,27,12.859375,0.285,7,2,0,62
4016,"VT33733",2003,21,"20031EX25","EX25",379,18.7,21,12.278125,2.36125,9,1,0,61
4017,"VT33734",2004,22,"20041SW129","SW129",764,18.2,18,12.6125,0.145,10,2,0,62
4018,"VT33739",2003,21,"20031W51","W51",910,17.8,24,12.278125,2.36125,5,1,0,61
4019,"VT33740",2003,21,"20031W38","W38",895,18.8,22,11.784375,2.52625,9,1,0,61
4020,"VT33752",2003,21,"20031W22","W22",879,18.4,24,15.803125,1.84375,6,1,0,61
4020,"VT33752",2004,22,"20041W23","W23",880,18.7,18,12.640625,0.145,12,2,0,62
4020,"VT33752",2005,23,"20051W20","W20",877,19,14,10.784375,1.07125,10,3,0,63
4021,"VT33760",2003,21,"20031W25","W25",882,18.6,21,11.784375,2.52625,9,1,1,61
4021,"VT33760",2004,22,"20041W25","W25",882,19.5,17,12.678125,0.174375,8,2,1,62
4021,"VT33760",2005,23,"20051W26","W26",883,19,14,9.65,1.149375,10,3,1,63
4021,"VT33760",2006,24,"20061W27","W27",884,19.3,23,11.5875,2.428125,8,4,1,64
4022,"VT33764",2003,21,"20031W62","W62",923,18.8,21,12.7875,2.231875,4,1,0,61
4022,"VT33764",2004,22,"20041W66","W66",929,19.4,18,12.765625,0.105,5,2,0,62
4022,"VT33764",2005,23,"20051W53","W53",913,19.2,16,10.784375,1.07125,1,3,0,63
4022,"VT33764",2006,24,"20061W66","W66",929,18.9,24,11.521875,3.5975,3,4,0,64
4022,"VT33764",2007,25,"20071W66","W66",929,18.9,14,12.19375,3.989375,7,5,0,65
4023,"VT33776",2003,21,"20031SW15","SW15",772,18.8,22,12.278125,2.36125,7,1,0,61
4024,"VT33779",2003,21,"20031CP17","CP17",318,18.2,27,13.425,2.07375,6,1,1,61
4025,"VT33785",2004,22,"20041EX25","EX25",379,19.2,15,12.765625,0.105,8,2,1,62
4026,"VT33786",2005,23,"20051EX42","EX42",411,19.1,20,11.946875,1.07,10,3,0,63
4027,"VT33790",2005,23,"20051EX63","EX63",459,19.4,21,11.51875,1.07,8,3,1,63
4028,"VT33791",2004,22,"20041O45","O45",651,18.7,19,12.640625,0.145,7,2,1,62
4029,"VT33801",2003,21,"20031O48","O48",654,17.8,19,10.9125,2.58625,8,1,0,61
4029,"VT33801",2004,22,"20041O86","O86",701,16.8,13,11.746875,1.91125,8,2,0,62
4029,"VT33801",2005,23,"20051O50","O50",657,16.7,20,10.784375,1.07125,6,3,0,63
4030,"VT33822",2004,22,"20041O11","O11",600,17.9,16,12.575,0.743125,9,2,0,62
4031,"VT33834",2003,21,"20031C137","C137",221,18.2,20,10.9125,2.58625,3,1,0,61
4032,"VT33840",2003,21,"20031C137","C137",221,18.7,20,10.9125,2.58625,3,1,1,61
4033,"VT33850",2003,21,"20031SW80A","SW80A",846,18.6,26,14.18125,2.106875,7,1,1,61
4034,"VT33853",2003,21,"20031B147","B147",45,18,27,14.18125,2.106875,8,1,1,61
4035,"VT33855",2003,21,"20031B111","B111",14,16.9,26,12.278125,2.36125,5,1,0,61
4036,"VT33893",2005,23,"20051O61","O61",670,20.1,14,9.375,1.326875,7,3,1,63
4037,"VT33914",2003,21,"20031SW90","SW90",857,20.1,26,12.7875,2.231875,3,1,0,61
4038,"VT33915",2003,21,"20031SW119","SW119",753,19.8,27,14.18125,2.106875,10,1,0,61
4039,"VT33932",2004,22,"20041C50","C50",289,18.1,17,12.7375,0.158125,7,2,0,62
4039,"VT33932",2005,23,"20051C149","C149",232,19.2,14,9.65,1.149375,8,3,0,63
4039,"VT33932",2006,24,"20061C49","C49",287,18.9,23,12.13125,3.636875,7,4,0,64
4039,"VT33932",2007,25,"20071C49","C49",287,18.5,15,12.046875,4.174375,9,5,0,65
4040,"VT33937",2003,21,"20031O111","O111",602,18.3,21,11.784375,2.52625,9,1,1,61
4041,"VT33942",2003,21,"20031EX84","EX84",482,18.3,26,13.8875,2.204375,7,1,1,61
4041,"VT33942",2005,23,"20051SW3","SW3",787,18,27,13.01875,1.454375,10,3,1,63
4042,"VT33944",2003,21,"20031EX4","EX4",403,17.3,20,11.371875,2.60875,9,1,1,61
4042,"VT33944",2004,22,"20041EX7","EX7",466,18.5,10,12.565625,0.74375,9,2,1,62
4042,"VT33944",2005,23,"20051EX3","EX3",385,18.6,27,13.01875,1.454375,9,3,1,63
4043,"VT33949",2003,21,"20031W38","W38",895,18,22,11.784375,2.52625,9,1,1,61
4044,"VT33967",2004,22,"20041C59","C59",298,18.1,21,12.6125,0.145,6,2,1,62
4045,"VT33975",2003,21,"20031C121","C121",206,17.6,21,11.371875,2.60875,8,1,0,61
4046,"VT34002",2002,20,"20021SW47","SW47",806,18.5,11,13.028125,2.129375,8,1,0,57
4047,"VT34006",2002,20,"20021W77","W77",941,18,12,11.921875,1.08125,7,1,0,57
4048,"VT34051",2002,20,"20021O20","O20",621,18.2,9,13.028125,2.129375,9,1,0,57
4049,"VT34052",2002,20,"20021O110","O110",601,19.4,11,12.603125,1.711875,7,1,0,57
4049,"VT34052",2004,22,"20041O110","O110",601,18,16,12.7375,0.158125,9,3,0,59
4049,"VT34052",2005,23,"20051O82","O82",697,18.4,20,12.525,1.44,10,4,0,60
4050,"VT34056",2003,21,"20031SW109A","SW109A",742,17.7,17,10.565625,1.976875,4,2,0,58
4051,"VT34073",2002,20,"20021C41","C41",280,18.3,13,12.315625,1.34625,8,1,1,57
4052,"VT34077",2002,20,"20021MP25","MP25",509,19.1,14,12.840625,1.7525,10,1,1,57
4053,"VT34095",2002,20,"20021W102","W102",862,18.9,18,13.20625,2.585,9,1,0,57
4054,"VT34121",2002,20,"20021O58","O58",665,17.6,20,13.04375,2.753125,8,1,1,57
4055,"VT34158",2002,20,"20021O29","O29",630,18,10,11.321875,1.22875,7,1,1,57
4055,"VT34158",2003,21,"20031O3","O3",631,19.1,24,12.7875,2.231875,8,2,1,58
4056,"VT34162",2002,20,"20021O65","O65",674,19,13,13.028125,2.129375,10,1,0,57
4057,"VT34165",2002,20,"20021O38A","O38A",642,18.3,14,11.321875,1.22875,6,1,1,57
4058,"VT34174",2002,20,"20021O60","O60",669,20.1,20,13.15625,2.195625,8,1,1,57
4058,"VT34174",2003,21,"20031O61","O61",670,18.3,25,12.278125,2.36125,7,2,1,58
4058,"VT34174",2005,23,"20051O60","O60",669,18.9,22,12.165625,1.31,10,4,1,60
4059,"VT34210",2002,20,"20021W94","W94",956,20.1,14,12.315625,1.34625,8,1,1,57
4059,"VT34210",2003,21,"20031W96","W96",958,19.8,21,11.784375,2.52625,9,2,1,58
4060,"VT34221",2002,20,"20021SW36","SW36",794,18,20,13.04375,2.753125,8,1,1,57
4061,"VT34237",2002,20,"20021P23","P23",722,19.9,21,12.996875,2.43375,7,1,0,57
4062,"VT34248",2002,20,"20021SW27","SW27",784,17.6,8,11.621875,1.1375,8,1,0,57
4063,"VT34285",2005,23,"20051EX65","EX65",461,19.4,24,13.45625,1.88625,9,4,1,60
4064,"VT34294",2002,20,"20021EX39B","EX39B",401,18.8,7,10.13125,1.69125,10,1,1,57
4065,"VT34297",2002,20,"20021SW44","SW44",803,18.6,10,11.621875,1.1375,6,1,0,57
4065,"VT34297",2003,21,"20031SW44","SW44",803,18.1,32,14.290625,1.839375,8,2,0,58
4066,"VT34304",2002,20,"20021SW36","SW36",794,17.9,20,13.04375,2.753125,8,1,0,57
4066,"VT34304",2003,21,"20031SW101A","SW101A",733,17.6,35,15.26875,1.8175,8,2,0,58
4066,"VT34304",2004,22,"20041SW34","SW34",792,17.7,19,12.765625,0.105,10,3,0,59
4066,"VT34304",2005,23,"20051SW35","SW35",793,17,17,10.784375,1.07125,7,4,0,60
4067,"VT34319",2002,20,"20021EX64","EX64",460,18.6,14,12.315625,1.34625,7,1,0,57
4068,"VT34327",2004,22,"20041W77","W77",941,18.2,18,12.6125,0.145,8,3,0,59
4069,"VT34337",2002,20,"20021CP24","CP24",326,18.7,17,12.940625,2.74375,10,1,0,57
4070,"VT34371",2002,20,"20021B152","B152",51,19.9,10,11.321875,1.22875,7,1,1,57
4070,"VT34371",2003,21,"20031B156","B156",54,19.9,19,10.9125,2.58625,6,2,1,58
4070,"VT34371",2004,22,"20041B55","B55",144,19.3,20,12.6125,0.145,9,3,1,59
4071,"VT34380",2002,20,"20021W24","W24",881,18.7,21,13.20625,2.585,6,1,0,57
4072,"VT34382",2002,20,"20021CP39","CP39",343,19.4,18,12.603125,1.711875,7,1,0,57
4072,"VT34382",2003,21,"20031CP39","CP39",343,18.9,21,11.371875,2.60875,7,2,0,58
4073,"VT34395",2002,20,"20021EX58","EX58",443,18.9,8,12.315625,1.34625,10,1,0,57
4074,"VT34400",2002,20,"20021B14","B14",36,19.5,10,11.921875,1.08125,8,1,1,57
4075,"VT34450",2002,20,"20021MP25","MP25",509,18.4,14,12.840625,1.7525,10,1,0,57
4076,"VT34455",2002,20,"20021P7","P7",727,18.8,17,11.621875,1.1375,4,1,1,57
4077,"VT34520",2002,20,"20021B81","B81",168,19.4,7,10.83125,0.9525,10,1,1,57
4077,"VT34520",2004,22,"20041B81","B81",168,18.6,15,12.575,0.743125,10,3,1,59
4078,"VT34536",2002,20,"20021B23","B23",117,17.4,12,11.621875,1.1375,7,1,1,57
4079,"VT34542",2002,20,"20021O44","O44",650,18.7,21,12.940625,2.74375,3,1,1,57
4079,"VT34542",2004,22,"20041O56","O56",663,17.7,10,12.565625,0.74375,9,3,1,59
4080,"VT34549",2002,20,"20021SW56","SW56",817,17.5,21,12.940625,2.74375,9,1,1,57
4080,"VT34549",2004,22,"20041SW50","SW50",811,17.6,17,12.565625,0.74375,9,3,1,59
4080,"VT34549",2005,23,"20051SW49","SW49",808,17.5,26,12.40625,1.3225,5,4,1,60
4081,"VT34622",2002,20,"20021MP13","MP13",496,19.4,17,11.921875,1.08125,7,1,0,57
4082,"VT34629",2002,20,"20021O75C","O75C",688,18.5,8,10.83125,0.9525,11,1,1,57
4083,"VT34631",2002,20,"20021SW70","SW70",834,18.6,20,13.20625,2.585,5,1,1,57
4084,"VT34632",2002,20,"20021CP15","CP15",316,20,12,11.921875,1.08125,11,1,0,57
4085,"VT34646",2002,20,"20021SW62","SW62",825,19.5,12,10.434375,1.208125,9,1,0,57
4085,"VT34646",2003,21,"20031SW59","SW59",820,18.3,24,13.425,2.07375,6,2,0,58
4085,"VT34646",2004,22,"20041SW62","SW62",825,18.3,16,12.575,0.743125,7,3,0,59
4086,"VT34654",2002,20,"20021C10","C10",184,18,15,11.921875,1.08125,5,1,0,57
4087,"VT34682",2004,22,"20041C10","C10",184,20.6,23,12.640625,0.145,7,2,1,62
4087,"VT34682",2005,23,"20051C10","C10",184,20.8,15,9.38125,1.155,7,3,1,63
4088,"VT34683",2003,21,"20031C109","C109",193,17.8,20,10.9125,2.58625,5,1,1,61
4088,"VT34683",2005,23,"20051C109","C109",193,18.9,18,9.38125,1.155,6,3,1,63
4089,"VT34695",2003,21,"20031O76","O76",690,18.3,35,15.1625,1.829375,8,1,1,61
4089,"VT34695",2004,22,"20041O75A","O75A",686,18.4,19,12.7375,0.158125,10,2,1,62
4090,"VT34705",2002,20,"20021CP1","CP1",308,18.4,19,12.940625,2.74375,9,1,0,57
4091,"VT34711",2002,20,"20021B11","B11",12,19.1,17,13.028125,2.129375,9,1,1,57
4092,"VT34730",2003,21,"20031CP22","CP22",324,18,31,14.290625,1.839375,5,2,1,58
4093,"VT34731",2002,20,"20021EX70","EX70",467,17.9,20,12.840625,1.7525,6,1,0,57
4094,"VT34739",2002,20,"20021CP33","CP33",336,18.3,8,11.621875,1.1375,6,1,0,57
4095,"VT34740",2003,21,"20031EX30","EX30",386,19.9,20,12.278125,2.36125,5,2,0,58
4095,"VT34740",2004,22,"20041EX45","EX45",420,19,15,12.575,0.743125,7,3,0,59
4096,"VT34741",2002,20,"20021W61","W61",922,18.4,10,12.840625,1.7525,11,1,1,57
4097,"VT34751",2002,20,"20021W99","W99",961,17.5,9,11.921875,1.08125,8,1,0,57
4098,"VT34774",2003,21,"20031O48","O48",654,19.8,19,10.9125,2.58625,8,2,1,58
4099,"VT34777",2002,20,"20021C149","C149",232,19,17,12.840625,1.7525,7,1,0,57
4100,"VT34785",2003,21,"20031W64","W64",925,18,24,11.784375,2.52625,5,2,0,58
4100,"VT34785",2004,22,"20041W80","W80",945,18.1,21,12.6125,0.145,8,3,0,59
4100,"VT34785",2005,23,"20051W64","W64",925,17.9,27,12.40625,1.3225,8,4,0,60
4101,"VT34793",2002,20,"20021W27","W27",884,18.8,12,13.04375,2.753125,10,1,1,57
4102,"VT34798",2002,20,"20021O2","O2",620,19.5,9,11.621875,1.1375,5,1,0,57
4103,"VT34803",2002,20,"20021MP67","MP67",554,20,29,12.83125,2.19375,8,1,0,57
4104,"VT34809",2002,20,"20021SW1","SW1",730,18.4,20,13.15625,2.195625,8,1,1,57
4105,"VT34876",2002,20,"20021W24","W24",881,19,21,13.20625,2.585,6,1,1,57
4106,"VT34881",2002,20,"20021EX71","EX71",468,17.3,20,13.20625,2.585,8,1,0,57
4106,"VT34881",2003,21,"20031EX70","EX70",467,18.7,28,13.8875,2.204375,4,2,0,58
4107,"VT34889",2002,20,"20021O15","O15",615,17.5,12,11.321875,1.22875,8,1,0,57
4107,"VT34889",2003,21,"20031O11","O11",600,18.3,20,11.09375,2.651875,8,2,0,58
4108,"VT34892",2002,20,"20021EX18","EX18",371,18.7,7,12.315625,1.34625,9,1,1,57
4109,"VT34976",2003,21,"20031CP9","CP9",356,20.2,22,12.278125,2.36125,9,2,1,58
4110,"VX12028",1998,16,"19981EX51A","EX51A",433,18.5,28,12.778125,2.370625,12,1,1,40
4110,"VX12028",1999,17,"19991EX51","EX51",432,19.7,26,13.60625,2.39,12,2,1,41
4110,"VX12028",2000,18,"20001EX51","EX51",432,19.3,28,11.38125,4.748125,11,3,1,42
4110,"VX12028",2001,19,"20011EX51A","EX51A",433,20.1,33,13.30625,0.6,10,4,1,43
4111,"VX12042",1999,17,"19991O37","O37",640,20.3,24,12.78125,0.688125,7,2,0,41
4112,"VX12060",1998,16,"19981SW64","SW64",827,19.6,28,13.29375,1.0725,6,1,1,40
4113,"VX12065",1998,16,"19981O80","O80",695,17.8,20,13.875,0.44375,10,1,1,40
4114,"VX12151",1999,17,"19991MP73","MP73",561,18,27,12.9875,0.860625,7,1,1,44
4115,"VX12158",1999,17,"19991B38","B38",130,19.2,13,12.69375,1.89875,7,1,1,44
4115,"VX12158",2000,18,"20001B36","B36",129,18.7,21,12.71875,2.445625,6,2,1,45
4115,"VX12158",2001,19,"20011B39","B39",131,22,25,13.725,0.54,5,3,1,46
4116,"VX12162",1999,17,"19991B88","B88",172,18.3,32,13.2125,3.139375,7,1,1,44
4116,"VX12162",2001,19,"20011B23","B23",117,20.2,29,14.090625,0.31875,10,3,1,46
4117,"VX12166",1999,17,"19991MP31","MP31",515,18.2,14,12.6375,0.914375,8,1,1,44
4117,"VX12166",2000,18,"20001MP37","MP37",522,19,24,12.0875,4.7925,9,2,1,45
4117,"VX12166",2001,19,"20011MP37","MP37",522,21.1,23,13.725,0.54,6,3,1,46
4117,"VX12166",2002,20,"20021MP37","MP37",522,18.6,12,11.321875,1.22875,9,4,1,47
4118,"VX12176",1999,17,"19991MP48","MP48",533,20.2,23,12.78125,0.688125,7,1,1,44
4118,"VX12176",2001,19,"20011MP47","MP47",532,21.5,27,14.0125,0.25125,6,3,1,46
4119,"VX12177",1999,17,"19991P9","P9",729,17.6,35,13.23125,3.83,7,1,1,44
4120,"VX12178",2001,19,"20011B79","B79",163,21,30,14.053125,0.25375,7,3,1,46
4121,"VX12185",1999,17,"19991MP71","MP71",559,18.7,12,12.63125,1.835,7,1,1,44
4122,"VX12192",1999,17,"19991B76","B76",161,18.8,25,12.990625,0.590625,6,1,1,44
4122,"VX12192",2000,18,"20001B76","B76",161,19.1,34,11.546875,4.335,8,2,1,45
4122,"VX12192",2001,19,"20011B29","B29",121,20.9,42,12.41875,1.463125,7,3,1,46
4122,"VX12192",2002,20,"20021B131","B131",31,19.5,18,13.20625,2.585,9,4,1,47
4123,"VX12257",1998,16,"19981O108","O108",598,18.8,31,13.109375,2.28875,7,1,1,40
4123,"VX12257",1999,17,"19991O109","O109",599,19.8,20,12.6375,0.914375,9,2,1,41
4123,"VX12257",2000,18,"20001O109","O109",599,19.9,25,11.33125,4.911875,9,3,1,42
4124,"VX12263",1998,16,"19981C146","C146",229,18.5,28,13.109375,2.28875,8,1,0,40
4125,"VX12265",1998,16,"19981O72","O72",682,18.6,21,13.059375,2.939375,13,1,0,40
4126,"VX12304",1999,17,"19991W99","W99",961,16.5,27,13.496875,2.29875,10,1,0,44
4126,"VX12304",2000,18,"20001W92","W92",954,17.5,25,10.85,5.268125,11,2,0,45
4127,"VX12324",1999,17,"19991SW34","SW34",792,19.8,26,13.0125,0.85125,9,1,0,44
4128,"VX12332",1999,17,"19991B99","B99",182,17.5,29,13.496875,2.29875,11,1,0,44
4128,"VX12332",2000,18,"20001B99","B99",182,18.6,27,10.778125,5.2725,10,2,0,45
4129,"VX12348",1999,17,"19991MP18","MP18",501,17.6,32,13.23125,2.903125,8,1,1,44
4130,"VX12356",2000,18,"20001P11","P11",710,18.5,30,11.38125,4.748125,8,2,1,45
4130,"VX12356",2002,20,"20021P11","P11",710,17.9,14,12.315625,1.34625,10,4,1,47
4131,"VX12360",1999,17,"19991MP60","MP60",547,19.5,15,12.68125,1.91375,7,1,1,44
4132,"VX12362",1999,17,"19991MP48","MP48",533,19,23,12.78125,0.688125,7,1,0,44
4132,"VX12362",2000,18,"20001MP48","MP48",533,19,25,11.33125,4.911875,9,2,0,45
4132,"VX12362",2001,19,"20011MP47","MP47",532,19.4,27,14.0125,0.25125,6,3,0,46
4133,"VX12372",2000,18,"20001CP33","CP33",336,19.5,22,12.98125,2.2475,7,2,0,45
4134,"VX12409",2000,18,"20001MP35","MP35",520,19.5,21,12.49375,3.4725,9,1,1,48
4135,"VX12453",2000,18,"20001MP55","MP55",541,18,22,12.98125,2.2475,5,1,0,48
4136,"VX12481",2000,18,"20001O39","O39",644,18.6,32,11.546875,4.335,10,1,0,48
4136,"VX12481",2003,21,"20031O40","O40",646,19.4,24,14.18125,2.106875,10,4,0,51
4137,"VX12488",2000,18,"20001B56","B56",145,18,29,10.778125,5.2725,7,1,0,48
4137,"VX12488",2001,19,"20011B162","B162",59,19,31,13.95625,0.369375,5,2,0,49
4138,"VX12496",2000,18,"20001MP69","MP69",556,17.9,23,12.3,4.448125,9,1,0,48
4138,"VX12496",2001,19,"20011MP69","MP69",556,19,26,13.94375,0.25375,6,2,0,49
4139,"VX12512",1999,17,"19991EX86","EX86",484,18.7,30,13.23125,2.903125,9,1,1,44
4139,"VX12512",2000,18,"20001EX86","EX86",484,19.6,26,10.85,5.268125,8,2,1,45
4139,"VX12512",2001,19,"20011EX86","EX86",484,19.4,30,14.0125,0.25125,9,3,1,46
4139,"VX12512",2002,20,"20021O115","O115",606,18.8,9,11.621875,1.1375,9,4,1,47
4140,"VX12596",1999,17,"19991W34","W34",891,18.7,18,12.89375,1.221875,9,1,0,44
4141,"VX12608",1999,17,"19991O38B","O38B",643,19.3,31,13.23125,2.903125,8,1,1,44
4141,"VX12608",2000,18,"20001O53","O53",660,21,30,10.778125,5.2725,3,2,1,45
4142,"VX12609",1999,17,"19991O23","O23",624,19.9,20,12.6875,1.1275,9,1,1,44
4143,"VX12618",1999,17,"19991O17","O17",617,20.2,26,13.121875,0.866875,5,1,0,44
4144,"VX12632",1999,17,"19991C110","C110",195,17.9,13,12.5625,1.904375,7,1,0,44
4144,"VX12632",2000,18,"20001C110","C110",195,18.2,20,12.71875,2.445625,8,2,0,45
4144,"VX12632",2001,19,"20011C110","C110",195,18.2,23,13.94375,0.25375,8,3,0,46
4145,"VX12643",1999,17,"19991SW129","SW129",764,19.4,27,12.9875,0.860625,5,1,1,44
4146,"VX12652",1999,17,"19991MP45","MP45",530,18.8,14,12.6875,1.1275,8,1,0,44
4147,"VX12654",1999,17,"19991C12","C12",204,18.8,7,12.63125,1.835,8,1,1,44
4147,"VX12654",2000,18,"20001C108","C108",192,19.3,17,13.09375,2.00125,7,2,1,45
4148,"VX12661",1999,17,"19991MP33","MP33",517,18.4,20,12.6375,0.914375,9,1,1,44
4149,"VX12662",2000,18,"20001MP92","MP92",581,19.9,23,12.3,4.448125,7,2,1,45
4150,"VX12687",1999,17,"19991B38","B38",130,18.7,13,12.69375,1.89875,7,1,0,44
4150,"VX12687",2000,18,"20001B36","B36",129,18.3,21,12.71875,2.445625,6,2,0,45
4150,"VX12687",2001,19,"20011B39","B39",131,20.7,25,13.725,0.54,5,3,0,46
4151,"VX12695",1999,17,"19991SW59","SW59",820,19.4,29,13.23125,3.83,10,1,1,44
4151,"VX12695",2000,18,"20001SW54","SW54",815,19.6,24,10.85,5.268125,10,2,1,45
4152,"VX12737",1999,17,"19991C109","C109",193,19,10,12.596875,1.89875,9,1,1,44
4152,"VX12737",2000,18,"20001C109","C109",193,19.3,21,12.3,4.448125,10,2,1,45
4152,"VX12737",2002,20,"20021C9A","C9A",307,19.4,15,12.603125,1.711875,8,4,1,47
4153,"VX12750",1999,17,"19991C30","C30",267,18.2,21,12.990625,0.590625,11,1,1,44
4153,"VX12750",2000,18,"20001C24","C24",257,18.1,15,13.359375,1.73875,6,2,1,45
4154,"VX12774",1999,17,"19991EX31A","EX31A",388,19.4,27,13.496875,2.29875,10,1,1,44
4154,"VX12774",2001,19,"20011EX31","EX31",387,19.7,33,13.95625,0.369375,8,3,1,46
4154,"VX12774",2002,20,"20021EX31","EX31",387,19.7,5,10.13125,1.69125,9,4,1,47
4155,"VX12776",1999,17,"19991SW12","SW12",754,19.5,30,13.496875,2.29875,7,1,0,44
4155,"VX12776",2000,18,"20001SW134","SW134",770,18,27,11.33125,4.911875,8,2,0,45
4155,"VX12776",2001,19,"20011SW134","SW134",770,18.5,38,14.090625,0.31875,4,3,0,46
4155,"VX12776",2002,20,"20021SW131","SW131",767,19.1,19,12.840625,1.7525,7,4,0,47
4156,"VX12801",1999,17,"19991O17","O17",617,19.1,26,13.121875,0.866875,5,1,1,44
4157,"VX12813",2000,18,"20001SW1","SW1",730,18.8,30,11.228125,5.03125,7,2,0,45
4158,"VX12818",1999,17,"19991B88","B88",172,17.4,32,13.2125,3.139375,7,1,0,44
4159,"VX12844",2000,18,"20001SW80A","SW80A",846,19.7,27,10.778125,5.2725,8,2,1,45
4159,"VX12844",2002,20,"20021SW80A","SW80A",846,19.6,13,12.840625,1.7525,8,4,1,47
4160,"VX12895",1999,17,"19991EX42","EX42",411,18.3,32,13.2125,3.139375,8,1,1,44
4160,"VX12895",2000,18,"20001EX39C","EX39C",402,18.9,24,11.725,4.965625,9,2,1,45
4161,"VX12971",2019,37,"20191O115","O115",606,19.1,25,13.28125,0.79625,9,1,1,105
4162,"VX13007",1999,17,"19991W22","W22",879,19,30,13.60625,2.39,7,1,0,44
4162,"VX13007",2000,18,"20001W18","W18",874,19.1,29,11.228125,5.03125,9,2,0,45
4163,"VX13049",1999,17,"19991EX65","EX65",461,18.2,15,12.75,1.334375,8,1,0,44
4164,"VX13064",1999,17,"19991SW122","SW122",757,20.4,27,13.60625,2.39,9,1,1,44
4164,"VX13064",2000,18,"20001SW124","SW124",759,21.2,23,10.778125,5.2725,6,2,1,45
4164,"VX13064",2001,19,"20011SW124","SW124",759,19.9,33,13.94375,0.25375,6,3,1,46
4164,"VX13064",2002,20,"20021SW124","SW124",759,19.6,12,11.321875,1.22875,7,4,1,47
4165,"VX13066",2000,18,"20001EX43","EX43",413,18.8,21,12.3,4.448125,11,2,1,45
4166,"VX13102",2000,18,"20001CP10","CP10",309,19.9,26,11.33125,4.911875,10,2,1,45
4166,"VX13102",2001,19,"20011CP10","CP10",309,20.1,36,13.30625,0.6,9,3,1,46
4167,"VX13103",1999,17,"19991CP43","CP43",349,19.5,25,12.9875,0.860625,8,1,1,44
4167,"VX13103",2000,18,"20001CP41","CP41",347,19.6,22,12.3,4.448125,8,2,1,45
4167,"VX13103",2001,19,"20011CP41","CP41",347,19.6,18,12.478125,2.63375,6,3,1,46
4168,"VX13105",1999,17,"19991EX54","EX54",439,20,24,12.9875,0.860625,8,1,1,44
4169,"VX13133",1999,17,"19991O23","O23",624,18.8,20,12.6875,1.1275,9,1,0,44
4169,"VX13133",2000,18,"20001O28","O28",629,19.6,18,12.3,4.448125,10,2,0,45
4169,"VX13133",2001,19,"20011O24","O24",625,18.5,15,13.496875,2.5025,8,3,0,46
4170,"VX13174",1999,17,"19991EX76","EX76",475,19.1,23,12.990625,0.590625,8,1,0,44
4171,"VX13178",1999,17,"19991CP26","CP26",328,19.2,30,13.23125,2.903125,7,1,0,44
4172,"VX13179",1999,17,"19991W99","W99",961,19.6,27,13.496875,2.29875,10,1,1,44
4172,"VX13179",2000,18,"20001W100","W100",860,20.8,16,13.09375,2.00125,10,2,1,45
4172,"VX13179",2001,19,"20011W99","W99",961,20,13,13.459375,2.431875,9,3,1,46
4173,"VX13205",2000,18,"20001EX30","EX30",386,18.7,28,10.778125,5.2725,8,2,0,45
4174,"VX13223",1999,17,"19991EX41C","EX41C",408,19.3,35,12.890625,3.843125,9,1,0,44
4175,"VX13228",1999,17,"19991EX43E","EX43E",418,18.6,28,13.496875,2.29875,9,1,1,44
4175,"VX13228",2000,18,"20001EX29A","EX29A",384,18.4,27,11.228125,5.03125,10,2,1,45
4175,"VX13228",2001,19,"20011EX29A","EX29A",384,18.8,33,13.653125,0.380625,7,3,1,46
4176,"VX13244",1999,17,"19991EX38","EX38",397,18.7,16,12.6375,0.914375,9,1,1,44
4177,"VX13246",2000,18,"20001P4","P4",724,17.7,26,10.85,5.268125,5,2,0,45
4178,"VX13251",1999,17,"19991EX91","EX91",490,17.8,31,13.05,3.959375,9,1,0,44
4179,"VX13277",1999,17,"19991EX8","EX8",479,18.2,32,13.05,3.959375,9,1,1,44
4179,"VX13277",2000,18,"20001W97","W97",959,19,30,10.9875,4.934375,6,2,1,45
4180,"VX13282",1999,17,"19991EX69","EX69",465,17.9,30,13.496875,2.29875,9,1,0,44
4180,"VX13282",2000,18,"20001EX74","EX74",472,18.4,27,10.778125,5.2725,8,2,0,45
4180,"VX13282",2001,19,"20011EX74","EX74",472,18,36,13.30625,0.6,8,3,0,46
4180,"VX13282",2002,20,"20021EX73A","EX73A",471,17.8,19,12.996875,2.43375,9,4,0,47
4181,"VX13287",1999,17,"19991W13","W13",869,18.5,29,13.496875,2.29875,8,1,1,44
4182,"VX13328",1999,17,"19991EX62H","EX62H",457,18.4,15,12.6375,0.914375,5,1,1,44
4183,"VX13329",1999,17,"19991CP43","CP43",349,17.8,25,12.9875,0.860625,8,1,0,44
4183,"VX13329",2000,18,"20001CP41","CP41",347,18.3,22,12.3,4.448125,8,2,0,45
4183,"VX13329",2001,19,"20011CP41","CP41",347,18.5,18,12.478125,2.63375,6,3,0,46
4184,"VX13333",1999,17,"19991EX92","EX92",491,19.5,17,12.78125,0.688125,9,1,1,44
4185,"VX13343",1999,17,"19991C4","C4",278,18.8,10,12.5625,1.904375,10,1,0,44
4185,"VX13343",2000,18,"20001C104","C104",188,18,14,12.98125,2.2475,11,2,0,45
4185,"VX13343",2002,20,"20021C4","C4",278,18.1,7,11.621875,1.1375,0,4,0,47
4186,"VX13357",1999,17,"19991W105","W105",866,17.9,30,13.484375,2.52625,7,1,0,44
4187,"VX13368",1999,17,"19991SW72","SW72",836,18.5,20,13.121875,0.866875,10,1,1,44
4188,"VX13374",2000,18,"20001CP3","CP3",332,18.6,23,10.85,5.268125,10,2,0,45
4188,"VX13374",2001,19,"20011W14","W14",870,19.4,28,14.090625,0.31875,10,3,0,46
4188,"VX13374",2002,20,"20021W17","W17",873,19.1,11,12.603125,1.711875,7,4,0,47
4189,"VX13387",1999,17,"19991EX62E","EX62E",454,18.2,28,13.60625,2.39,11,1,1,44
4190,"VX13390",1999,17,"19991SW2","SW2",777,19.2,29,13.60625,2.39,9,1,0,44
4190,"VX13390",2000,18,"20001SW5","SW5",810,18.3,24,11.725,4.965625,7,2,0,45
4190,"VX13390",2001,19,"20011SW1","SW1",730,17.9,29,14.0125,0.25125,7,3,0,46
4190,"VX13390",2002,20,"20021SW3","SW3",787,18.5,17,12.603125,1.711875,6,4,0,47
4191,"VX13525",2000,18,"20001SW72","SW72",836,19.2,24,11.33125,4.911875,7,2,0,45
4192,"VX13567",1999,17,"19991EX3","EX3",385,18.1,30,13.23125,3.83,11,1,1,44
4193,"VX13610",1999,17,"19991EX32","EX32",389,19.1,32,13.23125,2.903125,7,1,1,44
4193,"VX13610",2000,18,"20001EX18","EX18",371,20,26,11.725,4.965625,7,2,1,45
4193,"VX13610",2001,19,"20011EX18A","EX18A",372,20.1,35,14.090625,0.31875,5,3,1,46
4194,"VX13626",1999,17,"19991MP21","MP21",505,18.4,27,13.496875,2.29875,10,1,1,44
4195,"VX13678",1999,17,"19991W18","W18",874,18.8,16,12.6875,1.1275,5,1,1,44
4195,"VX13678",2000,18,"20001W18","W18",874,18.3,29,11.228125,5.03125,9,2,1,45
4196,"VX13724",1999,17,"19991EX47A","EX47A",423,16.7,33,13.23125,3.83,7,1,0,44
4197,"VX13727",2000,18,"20001W79","W79",943,18.4,31,11.38125,4.748125,8,1,1,48
4198,"VX13735",2000,18,"20001CP4","CP4",344,19.3,29,11.38125,4.748125,9,1,0,48
4199,"VX13746",2001,19,"20011SW84","SW84",850,19.6,31,13.725,0.54,6,2,0,49
4199,"VX13746",2002,20,"20021B169","B169",64,19.8,13,11.921875,1.08125,9,3,0,50
4200,"VX13759",2000,18,"20001C41","C41",280,18.6,14,13.396875,0.903125,5,1,0,48
4200,"VX13759",2002,20,"20021C141","C141",225,18.7,6,9.7625,2.279375,7,3,0,50
4201,"VX13761",2000,18,"20001W64","W64",925,18.7,23,11.725,4.965625,8,1,1,48
4202,"VX13776",2000,18,"20001W64","W64",925,18.3,23,11.725,4.965625,8,1,0,48
4202,"VX13776",2001,19,"20011W64","W64",925,18.5,18,13.459375,2.431875,5,2,0,49
4202,"VX13776",2002,20,"20021W64","W64",925,18.6,7,11.321875,1.22875,10,3,0,50
4203,"VX13789",2000,18,"20001EX30","EX30",386,18.5,28,10.778125,5.2725,8,1,1,48
4203,"VX13789",2001,19,"20011EX25","EX25",379,19.9,37,12.815625,0.593125,6,2,1,49
4203,"VX13789",2002,20,"20021EX26","EX26",380,18.8,15,12.603125,1.711875,9,3,1,50
4204,"VX13790",2000,18,"20001EX86","EX86",484,18.1,26,10.85,5.268125,8,1,0,48
4205,"VX13797",2000,18,"20001W77","W77",941,18.8,25,10.85,5.268125,8,1,1,48
4206,"VX13906",2001,19,"20011EX19A","EX19A",374,17.4,34,12.49375,0.5875,8,2,0,49
4206,"VX13906",2002,20,"20021EX18","EX18",371,18.3,7,12.315625,1.34625,9,3,0,50
4207,"VX13910",2000,18,"20001W89","W89",951,19,24,11.33125,4.911875,8,1,0,48
4207,"VX13910",2001,19,"20011W89","W89",951,19.4,17,13.496875,2.5025,8,2,0,49
4208,"VX13937",2000,18,"20001CP7","CP7",354,19.7,26,11.33125,4.911875,8,1,1,48
4208,"VX13937",2001,19,"20011CP7","CP7",354,19.4,21,14.053125,0.25375,8,2,1,49
4209,"VX13939",2000,18,"20001EX67","EX67",463,19.1,26,11.546875,4.335,10,1,0,48
4209,"VX13939",2001,19,"20011EX67","EX67",463,20.9,30,13.95625,0.369375,6,2,0,49
4210,"VX13991",2000,18,"20001O64","O64",673,18.5,24,12.0875,4.7925,7,1,1,48
4210,"VX13991",2001,19,"20011O64","O64",673,18,28,13.446875,2.501875,8,2,1,49
4210,"VX13991",2002,20,"20021O67","O67",676,19,10,12.603125,1.711875,7,3,1,50
4211,"VX14005",1999,17,"19991MP65","MP65",552,17.4,11,12.75,1.334375,8,2,0,41
4212,"VX14012",1998,16,"19981EX49C","EX49C",429,17.9,25,13.41875,0.49375,8,1,0,40
4213,"VX14021",1998,16,"19981O45","O45",651,18.6,30,13.109375,2.28875,6,1,0,40
4213,"VX14021",1999,17,"19991O44","O44",650,19.4,19,12.89375,1.221875,6,2,0,41
4214,"VX14037",1998,16,"19981EX1","EX1",357,18.5,28,13.109375,2.28875,10,1,1,40
4215,"VX14039",1998,16,"19981O13A","O13A",613,18.8,34,12.703125,2.24375,6,1,1,40
4216,"VX14044",1998,16,"19981O18","O18",618,18.4,26,13.29375,1.0725,9,1,1,40
4217,"VX14050",1998,16,"19981CP22","CP22",324,18.3,22,13.80625,0.44375,10,1,0,40
4218,"VX14060",1998,16,"19981W99A","W99A",962,20.9,16,14.403125,0.4125,5,1,0,40
4219,"VX14061",1998,16,"19981EX21","EX21",377,20.8,13,14.003125,0.333125,10,1,1,40
4220,"VX14063",1998,16,"19981EX45","EX45",420,20.6,25,13.29375,1.0725,10,1,1,40
4221,"VX14073",1998,16,"19981EX39C","EX39C",402,17.8,23,13.5875,0.4975,8,1,0,40
4221,"VX14073",1999,17,"19991EX44","EX44",419,18.1,28,13.496875,2.29875,9,2,0,41
4221,"VX14073",2000,18,"20001EX39A","EX39A",400,17.7,20,12.49375,3.4725,10,3,0,42
4222,"VX14082",1998,16,"19981W11","W11",867,19,31,12.778125,2.370625,10,1,1,40
4223,"VX14101",1998,16,"19981W73","W73",936,18.7,25,13.5875,0.4975,7,1,0,40
4223,"VX14101",1999,17,"19991W71","W71",934,18.8,20,12.6375,0.914375,7,2,0,41
4224,"VX14102",1998,16,"19981EX31","EX31",387,18.6,26,13.209375,1.898125,9,1,0,40
4225,"VX14124",1998,16,"19981EX17","EX17",370,18,28,12.703125,2.24375,10,1,1,40
4226,"VX14133",1998,16,"19981EX27","EX27",381,17.6,27,13.109375,2.28875,11,1,0,40
4227,"VX14134",1998,16,"19981EX1","EX1",357,18.3,28,13.109375,2.28875,10,1,0,40
4228,"VX14150",1999,17,"19991EX43D","EX43D",417,19.6,25,13.0125,0.85125,7,2,1,41
4229,"VX14154",1998,16,"19981B162","B162",59,16.5,9,14.365625,0.435625,9,1,0,40
4229,"VX14154",1999,17,"19991B64","B64",151,17.5,11,12.5625,1.904375,10,2,0,41
4230,"VX14170",1999,17,"19991B188","B188",78,18.8,32,13.23125,2.903125,7,2,1,41
4231,"VX14177",1998,16,"19981MP87","MP87",576,17.2,30,13.109375,2.28875,6,1,0,40
4231,"VX14177",1999,17,"19991MP20","MP20",504,17.6,21,12.990625,0.590625,8,2,0,41
4232,"VX14192",1998,16,"19981CP5B","CP5B",352,19.5,25,13.29375,1.0725,9,1,1,40
4233,"VX14195",1998,16,"19981CP33","CP33",336,19.9,27,13.209375,1.898125,5,1,1,40
4233,"VX14195",1999,17,"19991CP20","CP20",322,20,26,13.0125,0.85125,8,2,1,41
4233,"VX14195",2000,18,"20001CP33","CP33",336,20.5,22,12.98125,2.2475,7,3,1,42
4234,"VX14199",1998,16,"19981EX54","EX54",439,18.3,23,13.80625,0.44375,6,1,0,40
4234,"VX14199",1999,17,"19991EX53","EX53",438,18,33,13.23125,3.83,8,2,0,41
4235,"VX14201",1998,16,"19981SW76","SW76",840,17.9,26,13.41875,0.49375,7,1,0,40
4236,"VX14203",1998,16,"19981EX43E","EX43E",418,18.8,30,13.109375,2.28875,7,1,1,40
4236,"VX14203",1999,17,"19991EX29A","EX29A",384,18.9,22,12.990625,0.590625,7,2,1,41
4237,"VX14207",1998,16,"19981SW20","SW20",778,17.5,36,13.059375,2.939375,8,1,1,40
4238,"VX14208",1998,16,"19981C61","C61",300,16.8,29,13.209375,1.898125,6,1,0,40
4239,"VX14213",1998,16,"19981EX2","EX2",375,18.8,30,12.778125,2.370625,10,1,1,40
4240,"VX14216",1998,16,"19981EX18A","EX18A",372,17.9,26,13.209375,1.898125,10,1,0,40
4241,"VX14217",2001,19,"20011EX2","EX2",375,18.7,27,13.95625,0.369375,9,4,1,43
4242,"VX14228",1998,16,"19981EX37","EX37",396,18.8,8,13.359375,0.4525,6,1,1,40
4243,"VX14238",1998,16,"19981W8","W8",944,17.3,30,12.778125,2.370625,11,1,0,40
4244,"VX14254",1998,16,"19981P23","P23",722,19.7,26,13.41875,0.49375,7,1,1,40
4245,"VX14258",1998,16,"19981C19","C19",252,19.8,31,12.90625,2.28875,7,1,0,40
4245,"VX14258",1999,17,"19991C151","C151",235,20.3,13,12.78125,0.688125,8,2,0,41
4245,"VX14258",2000,18,"20001C21","C21",255,20.6,24,12.3,4.448125,6,3,0,42
4245,"VX14258",2001,19,"20011C21","C21",255,21.9,31,14.053125,0.25375,5,4,0,43
4246,"VX14259",1999,17,"19991C24C","C24C",260,20.5,13,12.69375,1.89875,7,2,0,41
4246,"VX14259",2000,18,"20001C101","C101",185,20.6,23,12.0875,4.7925,9,3,0,42
4247,"VX14264",1999,17,"19991EX51D","EX51D",436,19.4,21,12.6375,0.914375,7,2,1,41
4247,"VX14264",2000,18,"20001EX51D","EX51D",436,18.7,37,13.35625,1.310625,6,3,1,42
4248,"VX14319",1998,16,"19981O37","O37",640,18.9,32,13.059375,2.939375,9,1,0,40
4249,"VX14323",1998,16,"19981B165","B165",62,19.6,27,13.41875,0.49375,6,1,1,40
4249,"VX14323",1999,17,"19991B45","B45",135,19.7,26,13.121875,0.866875,8,2,1,41
4250,"VX14340",1998,16,"19981EX32","EX32",389,19.5,21,13.5875,0.4975,9,1,1,40
4251,"VX14341",1999,17,"19991EX62A","EX62A",450,19,27,13.60625,2.39,12,2,0,41
4252,"VX14345",1999,17,"19991CP20","CP20",322,17.2,26,13.0125,0.85125,8,2,0,41
4253,"VX14357",1998,16,"19981W4B","W4B",907,17.8,33,12.703125,2.24375,8,1,0,40
4254,"VX14359",1998,16,"19981EX35","EX35",393,17.3,25,13.41875,0.49375,8,1,0,40
4255,"VX14368",1998,16,"19981CP25","CP25",327,17.5,26,13.41875,0.49375,5,1,1,40
4256,"VX14381",1998,16,"19981EX39A","EX39A",400,18.5,22,12.778125,2.370625,7,1,1,40
4257,"VX14382",1998,16,"19981EX61","EX61",448,18,32,12.703125,2.24375,9,1,0,40
4258,"VX14383",2000,18,"20001EX64","EX64",460,18.4,25,10.85,5.268125,8,3,0,42
4259,"VX14387",1998,16,"19981EX71","EX71",468,17.5,33,13.059375,2.939375,11,1,1,40
4259,"VX14387",1999,17,"19991EX75","EX75",473,18,22,13.121875,0.866875,8,2,1,41
4260,"VX14388",1999,17,"19991EX73","EX73",470,18.8,26,13.496875,2.29875,11,2,1,41
4261,"VX14411",1998,16,"19981W73","W73",936,18.5,25,13.5875,0.4975,7,1,1,40
4261,"VX14411",1999,17,"19991W52","W52",912,19,25,12.9875,0.860625,7,2,1,41
4261,"VX14411",2000,18,"20001W66","W66",929,19.4,39,12.475,2.585,7,3,1,42
4262,"VX14424",1998,16,"19981W16","W16",872,19,32,12.90625,2.28875,7,1,1,40
4263,"VX14457",1998,16,"19981SW51","SW51",812,20.2,36,12.946875,3.53375,10,1,0,40
4264,"VX14461",1999,17,"19991EX22","EX22",378,18.7,18,12.6875,1.1275,7,2,0,41
4264,"VX14461",2000,18,"20001EX21","EX21",377,19.4,25,10.778125,5.2725,10,3,0,42
4265,"VX14468",1998,16,"19981W13","W13",869,19.6,30,12.90625,2.28875,7,1,0,40
4266,"VX14493",2000,18,"20001SW110","SW110",744,18.7,24,12.71875,2.445625,6,1,0,48
4267,"VZ29104",2017,35,"20171C133","C133",217,17.9,16,11.684375,2.988125,6,1,1,102
4268,"VZ29137",2017,35,"20171SW40","SW40",799,16.4,19,14.64375,3.343125,6,1,0,102
4269,"VZ29148",2017,35,"20171SW37","SW37",795,18,14,12.309375,3.336875,8,1,1,102
4270,"VZ29181",2019,37,"20191C35","C35",272,18.9,2,10.046875,1.45,6,1,0,105
4271,"VZ29249",2017,35,"20171W64B","W64B",927,18.6,24,14.259375,3.343125,4,1,1,102
4272,"VZ29318",2019,37,"20191O37","O37",640,19.3,7,9.475,1.8925,10,2,1,104
4273,"VZ29369",2018,36,"20181W91","W91",953,19.1,23,14.509375,1.874375,6,1,1,103
4274,"VZ29373",2019,37,"20191EX56","EX56",441,19,0,9.15,1.9075,4,2,0,104
4275,"VZ29410",2018,36,"20181W93","W93",955,17.9,25,14.94375,2.088125,6,1,1,103
4276,"VZ29471",2018,36,"20181SW51","SW51",812,17,23,14.25,1.86,6,1,0,103
4277,"VZ29489",2018,36,"20181CP37","CP37",340,17.1,31,16.125,2.501875,8,1,0,103
4278,"VZ29510",2019,37,"20191W64A","W64A",926,18.3,18,10.29375,1.5575,7,1,1,105
4279,"VZ29530",2019,37,"20191EX49C","EX49C",429,19.3,21,12.153125,0.301875,9,1,1,105
4280,"VZ29552",2019,37,"20191O62","O62",671,18.4,16,10.29375,1.5575,9,1,1,105
4281,"VZ29564",2019,37,"20191W99","W99",961,18.3,11,9.565625,1.9275,9,1,1,105
4282,"VZ29601",2019,37,"20191CP16","CP16",317,17.4,11,9.565625,1.9275,8,2,0,104
4283,"VZ29712",2018,36,"20181C107","C107",191,17.8,17,12.515625,0.669375,6,1,0,103
4284,"VZ29739",2018,36,"20181O77","O77",691,19.1,21,14.015625,1.816875,10,1,1,103
4285,"VZ29822",2019,37,"20191EX62B","EX62B",451,17.9,21,11.784375,0.45,8,1,1,105
4286,"VZ29840",2019,37,"20191EX3","EX3",385,18.8,20,11.4625,0.56,2,1,1,105
4287,"VZ29844",2019,37,"20191O5","O5",656,18.4,12,9.565625,1.9275,7,1,1,105
4288,"VZ29871",2019,37,"20191O71","O71",681,18.8,10,9.725,1.72,8,1,0,105
4289,"VZ30007",2018,36,"20181P23","P23",722,18.1,34,15.984375,2.725,7,1,0,103
4290,"VZ30044",2018,36,"20181P16","P16",715,18.6,19,13.271875,1.83625,6,1,1,103
4291,"VZ30049",2018,36,"20181CP10","CP10",309,18.4,30,15.921875,2.498125,7,1,1,103
4292,"VZ30075",2019,37,"20191CP19","CP19",320,16.9,11,9.565625,1.9275,9,2,0,104
4293,"VZ30206",2019,37,"20191W54","W54",914,18.3,14,11.4625,0.56,9,1,0,105
4294,"VZ30248",2019,37,"20191W64B","W64B",927,18.1,17,10.640625,1.5575,9,1,0,105
4295,"VZ30291",2019,37,"20191W99A","W99A",962,18.2,21,12.153125,0.301875,6,1,1,105
4296,"VZ30298",2019,37,"20191CP28","CP28",330,19.2,11,9.915625,1.638125,4,1,0,105
4297,"VZ30341",2018,36,"20181EX63","EX63",459,18.6,23,14.94375,2.088125,7,1,0,103
4298,"VZ30342",2018,36,"20181B227","B227",114,18.7,26,14.25,1.86,8,1,1,103
4299,"VZ30433",2019,37,"20191B58","B58",147,18.7,16,11.4625,0.56,8,1,1,105
4300,"VZ30466",2020,38,"20201W50","W50",909,17,12,10.415625,0.283125,9,2,0,106
4301,"VZ30485",2020,38,"20201EX64","EX64",460,18.2,22,12.178125,0.038125,9,2,1,106
4302,"VZ30486",2019,37,"20191SW133","SW133",769,18,18,10.640625,1.5575,6,1,0,105
4303,"VZ30488",2019,37,"20191CP22","CP22",324,17,0,9.71875,2.086875,8,1,1,105
4304,"VZ30603",2018,36,"20181C40","C40",279,17.5,22,12.38125,1.53,6,1,0,103
4305,"VZ30605",2018,36,"20181SW51","SW51",812,18.7,23,14.25,1.86,6,1,1,103
4306,"VZ30621",2018,36,"20181W104","W104",865,18.8,20,13.271875,1.83625,8,1,1,103
4306,"VZ30621",2019,37,"20191W103","W103",863,19.2,5,9.509375,1.92375,8,2,1,104
4307,"VZ30659",2018,36,"20181EX41B","EX41B",407,16.8,26,16.128125,2.5025,11,1,0,103
4308,"VZ30663",2018,36,"20181SW57","SW57",818,17.4,24,15.434375,2.485,8,1,0,103
4309,"VZ30682",2019,37,"20191B188","B188",78,16.6,1,9.565625,1.9275,6,2,0,104
4310,"VZ30730",2019,37,"20191EX58","EX58",443,19.3,13,9.915625,1.638125,9,1,1,105
4311,"VZ30825",2019,37,"20191EX80","EX80",480,18.4,27,12.94375,0.8275,7,1,0,105
4312,"VZ30833",2019,37,"20191SW47","SW47",806,17.5,11,9.725,1.72,10,1,0,105
4313,"VZ30871",2019,37,"20191W71","W71",934,17.8,23,12.303125,0.550625,9,1,1,105
4314,"VZ30873",2019,37,"20191EX41E","EX41E",410,17.5,16,10.640625,1.5575,7,1,0,105
4315,"VZ30878",2019,37,"20191EX12A","EX12A",362,17.4,3,9.1875,2.323125,8,1,0,105
4316,"VZ30892",2020,38,"20201P2","P2",719,17.5,18,11.53125,0.27875,7,2,0,106
4317,"VZ30933",2020,38,"20201B174","B174",69,18.6,22,11.925,0.2725,7,1,0,107
4318,"VZ30984",2020,38,"20201B192","B192",81,19.8,14,10.415625,0.283125,8,1,1,107
4319,"VZ31064",2019,37,"20191C131","C131",215,18.8,10,9.565625,1.9275,6,1,0,105
4320,"VZ31107",2021,39,"20211W21","W21",878,17.4,23,11.36875,2.77375,8,2,0,108
4321,"VZ31181",2020,38,"20201SW73","SW73",837,17.6,20,12.178125,0.038125,8,1,1,107
4322,"VZ31212",2021,39,"20211EX5","EX5",430,19,29,12.0875,2.266875,5,2,1,108
4323,"VZ31429",2022,40,"20221SW108","SW108",740,17.1,17,13.971875,1.678125,6,1,0,110
4324,"VZ31495",2022,40,"20221O29","O29",630,16.5,27,13.51875,1.55875,6,1,0,110
4325,"VZ31676",2021,39,"20211CP15","CP15",316,18.6,30,13.421875,1.250625,4,2,0,108
4326,"VZ32536",2020,38,"20201MP41","MP41",526,18.3,18,11.53125,0.27875,4,2,0,106
4327,"VZ32564",2019,37,"20191B86","B86",170,17.3,24,12.4875,0.74125,9,1,0,105
4328,"VZ32566",2020,38,"20201C25","C25",261,18.2,15,11.53125,0.27875,8,2,0,106
4329,"VZ32575",2019,37,"20191MP68","MP68",555,17.6,10,9.565625,1.9275,8,1,1,105
4330,"VZ32577",2019,37,"20191SW30","SW30",788,16.6,12,9.725,1.72,8,1,0,105
4331,"VZ32585",2020,38,"20201O95","O95",706,18.1,17,11.14375,0.256875,7,2,1,106
4332,"VZ32606",2019,37,"20191B225","B225",112,19.2,22,12.153125,0.301875,8,1,1,105
4333,"VZ32729",2020,38,"20201C158","C158",241,18.4,17,11.909375,0.27875,7,1,0,107
4334,"VZ32780",2020,38,"20201C107","C107",191,17.1,22,12.178125,0.038125,5,1,0,107
4335,"VZ32931",2019,37,"20191C61","C61",300,18.1,23,11.784375,0.45,7,1,0,105
4336,"VZ32960",2019,37,"20191C109","C109",193,17,12,9.915625,1.638125,9,1,0,105
4337,"VZ32982",2019,37,"20191O60","O60",669,19.1,12,9.725,1.72,9,1,1,105
4338,"VZ32983",2019,37,"20191O66","O66",675,20,12,9.915625,1.638125,8,1,1,105
4339,"VZ33113",2020,38,"20201O107","O107",597,17.1,22,12.178125,0.038125,10,1,0,107
4340,"VZ33331",2022,40,"20221SW81","SW81",847,18.2,19,13.9875,1.819375,6,1,0,110
4341,"VZ33373",2022,40,"20221EX10","EX10",358,19.2,14,13.971875,1.678125,7,1,1,110
4342,"VZ33512",2020,38,"20201CP12","CP12",312,17.8,18,11.909375,0.27875,7,2,0,106
4343,"VZ33619",2021,39,"20211O7","O7",679,18.3,20,10.58125,3.23375,7,2,1,108
4344,"VZ33739",2019,37,"20191P6","P6",726,18,23,12.4875,0.74125,9,1,1,105
4345,"VZ33751",2020,38,"20201SW39","SW39",797,16.6,26,13.365625,0.035,6,2,0,106
