"id_num","id","birthyear","birthyr_num","broodid","brood_num","chickweight","april_birthlaydate","natalbroodsize","natal_meantemp","natal_meanrain","absnatal_hd_mismatch","context_id"
1,"BA73158",1983,4,"19831B215",9,18.9,27,6,10.703125,3.08375,15.4,1
2,"BA73160",1983,4,"19831B215",9,19.3,27,6,10.703125,3.08375,15.4,2
3,"BA73166",1983,4,"19831P5",76,15,25,10,10.934375,3.171875,14.4,2
4,"BS44641",2007,24,"20071C25",2202,18,13,9,12.0875,4.113125,3,82
5,"NC09580",1983,4,"19831SW87",87,20,28,9,11.0625,3.2725,13.4,1
6,"NC10769",1985,6,"19851C163",153,18.4,23,9,13.021875,2.320625,5.40000000000001,8
7,"NC10773",1985,6,"19851C163",153,19.1,23,9,13.021875,2.320625,5.40000000000001,8
8,"NC10776",1985,6,"19851C120",151,20.2,34,8,12.984375,3.495625,4.40000000000001,9
9,"NC10787",1985,6,"19851C155",152,19.4,31,9,12.984375,3.495625,4.40000000000001,10
10,"NC10792",1985,6,"19851C9",157,21,29,8,12.7,3.833125,2.40000000000001,9
11,"NC10793",1985,6,"19851C9",157,21.2,29,8,12.7,3.833125,2.40000000000001,8
12,"NC10799",1985,6,"19851C37",154,20.4,33,10,12.7,3.833125,2.40000000000001,8
13,"NC11332",2007,24,"20071P8",2260,17.5,19,8,12.19375,3.989375,4,82
14,"NE93611",1984,5,"19841EX58",116,17,26,8,10.90625,4.823125,10.4,6
15,"NE93624",1984,5,"19841W28",128,18,30,8,10.95,5.22875,9.40000000000001,5
16,"NE93650",1986,7,"19861EX42",263,19,41,9,13.234375,0.88125,0.400000000000006,12
17,"NE93751",1983,4,"19831C161",18,19,28,10,11.83125,2.865,10.4,1
18,"NE95869",1983,4,"19831CP24",25,17.1,21,11,10.34375,2.46375,17.4,2
19,"NE95870",1983,4,"19831EX51B",48,16.2,19,11,10.34375,2.46375,17.4,1
20,"NE95903",1983,4,"19831EX37",40,18.1,18,10,9.9125,2.845625,22.4,1
21,"NE95906",1983,4,"19831EX37",40,18.5,18,10,9.9125,2.845625,22.4,2
22,"NE95928",1983,4,"19831EX38",41,20.1,18,8,10.109375,2.71375,21.4,3
23,"NE95935",1983,4,"19831EX10A",33,17.1,20,9,10.34375,2.63875,20.4,3
24,"NE95936",1983,4,"19831EX10A",33,19.8,20,9,10.34375,2.63875,20.4,2
25,"NE96051",1986,7,"19861MP61",276,19.1,35,10,11.209375,1.5125,7.40000000000001,14
26,"NE96060",1986,7,"19861MP93",281,18.5,37,9,11.209375,1.5125,7.40000000000001,12
27,"NE96074",1986,7,"19861MP53",275,20.3,35,10,11.303125,1.5125,6.40000000000001,12
28,"NE96075",1986,7,"19861MP53",275,17.8,35,10,11.303125,1.5125,6.40000000000001,12
29,"NE96076",1986,7,"19861MP53",275,18.9,35,10,11.303125,1.5125,6.40000000000001,12
30,"NE96082",1986,7,"19861MP90",279,19,36,8,11.303125,1.5125,6.40000000000001,12
31,"NE96083",1986,7,"19861MP90",279,19.6,36,8,11.303125,1.5125,6.40000000000001,12
32,"NE96084",1986,7,"19861MP90",279,21,36,8,11.303125,1.5125,6.40000000000001,12
33,"NE96665",1983,4,"19831C27",21,19.8,31,9,12.021875,2.689375,9.40000000000001,1
34,"NE96666",1983,4,"19831C27",21,20.2,31,9,12.021875,2.689375,9.40000000000001,1
35,"NE96707",1983,4,"19831C24A",19,18.2,30,10,13.13125,2.33875,6.40000000000001,1
36,"NE96713",1983,4,"19831C109",17,19.8,33,8,13.13125,2.33875,6.40000000000001,1
37,"NE96741",1983,4,"19831C24C",20,18.6,39,6,13.340625,2.36375,4.40000000000001,1
38,"NE96761",1983,4,"19831O71",71,16.7,32,10,13.340625,2.36375,4.40000000000001,1
39,"NE96827",1985,6,"19851EX13",164,12.9,17,12,11.98125,3.89375,13.4,8
40,"NE96832",1985,6,"19851EX13",164,14.9,17,12,11.98125,3.89375,13.4,9
41,"NE96849",1985,6,"19851EX32",168,17.9,19,11,11.98125,3.89375,13.4,8
42,"NE96858",1983,4,"19831O47",68,18.1,34,12,13.178125,2.33875,5.40000000000001,3
43,"NE96929",1983,4,"19831EX20",34,15.4,25,11,10.703125,3.08375,15.4,4
44,"NE96958",1983,4,"19831EX81A",58,16.1,25,10,10.703125,3.08375,15.4,1
45,"NE96968",1983,4,"19831CP43",30,17.2,25,9,10.703125,3.08375,15.4,2
46,"NE96969",1983,4,"19831CP43",30,16.9,25,9,10.703125,3.08375,15.4,4
47,"NE96970",1983,4,"19831CP43",30,19.1,25,9,10.703125,3.08375,15.4,1
48,"NE96978",1983,4,"19831EX52",49,16.5,22,12,10.703125,3.08375,15.4,2
49,"NK59017",1983,4,"19831O3",64,17.9,28,8,11.509375,3.021875,11.4,1
50,"NK59072",1983,4,"19831O38B",66,17.7,30,9,11.83125,2.865,10.4,4
51,"NK59088",1983,4,"19831O27A",63,18.6,29,9,12.021875,2.689375,9.40000000000001,1
52,"NK59101",1983,4,"19831SW15",81,18.4,30,8,11.83125,2.865,10.4,1
53,"NK59115",1983,4,"19831SW18",82,18.5,30,10,11.83125,2.865,10.4,2
54,"NK59135",1983,4,"19831SW26",83,18.8,32,8,12.021875,2.689375,9.40000000000001,1
55,"NK59160",1983,4,"19831O32",65,19.9,30,10,12.021875,2.689375,9.40000000000001,1
56,"NK59169",1983,4,"19831O42",67,18.6,33,8,12.459375,2.41375,8.40000000000001,1
57,"NK59196",1983,4,"19831O55",70,18.4,32,10,13.13125,2.33875,6.40000000000001,1
58,"NK59205",1983,4,"19831SW101",78,18.6,29,10,12.021875,2.689375,9.40000000000001,4
59,"NK59221",1983,4,"19831O49",69,17.6,32,10,13.13125,2.33875,6.40000000000001,1
60,"NK59222",1983,4,"19831O49",69,17.6,32,10,13.13125,2.33875,6.40000000000001,1
61,"NK59246",1983,4,"19831O13A",62,18.8,36,9,13.178125,2.33875,5.40000000000001,2
62,"NK59395",1983,4,"19831CP14",23,18.8,20,11,10.440625,2.66375,19.4,1
63,"NK59416",1983,4,"19831EX39B",42,16.1,21,11,10.703125,3.08375,15.4,1
64,"NK59434",1983,4,"19831EX67",52,17,26,10,10.934375,3.171875,14.4,1
65,"NK59437",1983,4,"19831EX42",43,18.8,26,9,10.934375,3.171875,14.4,1
66,"NK59438",1983,4,"19831EX42",43,19.8,26,9,10.934375,3.171875,14.4,1
67,"NK59440",1983,4,"19831EX42",43,17.9,26,9,10.934375,3.171875,14.4,3
68,"NK59450",1983,4,"19831EX3",36,18.8,25,10,10.934375,3.171875,14.4,4
69,"NK59453",1983,4,"19831EX7",54,20.1,25,10,10.934375,3.171875,14.4,2
70,"NK59460",1983,4,"19831EX7",54,17.8,25,10,10.934375,3.171875,14.4,3
71,"NK59464",1983,4,"19831EX9",60,15.9,25,11,10.934375,3.171875,14.4,1
72,"NK59465",1983,4,"19831EX9",60,16.7,25,11,10.934375,3.171875,14.4,1
73,"NK59475",1983,4,"19831EX31A",38,17.3,26,9,10.934375,3.171875,14.4,1
74,"NK59498",1983,4,"19831EX43D",44,16.9,26,10,11.0625,3.2725,13.4,3
75,"NK59762",1983,4,"19831W33",94,19,27,10,10.934375,3.171875,14.4,1
76,"NK59779",1983,4,"19831EX68",53,17,27,9,11.0625,3.2725,13.4,2
77,"NK59785",1983,4,"19831EX66",51,18.1,26,10,11.0625,3.2725,13.4,3
78,"NK59807",1983,4,"19831EX8A",59,19.4,30,7,11.2375,3.24125,12.4,1
79,"NK59814",1983,4,"19831EX10",32,17.5,24,13,11.2375,3.24125,12.4,1
80,"NK59818",1983,4,"19831EX47A",46,18.5,29,10,11.2375,3.24125,12.4,1
81,"NK59851",1983,4,"19831W24",92,19.8,30,9,11.509375,3.021875,11.4,1
82,"NK59853",1983,4,"19831W24",92,19.1,30,9,11.509375,3.021875,11.4,1
83,"NK59887",1983,4,"19831CP10",22,18.3,28,10,11.509375,3.021875,11.4,1
84,"NK59901",1983,4,"19831CP8",31,17.8,28,11,11.509375,3.021875,11.4,1
85,"NK59909",1983,4,"19831CP17",24,17.9,29,10,11.509375,3.021875,11.4,1
86,"NK59910",1983,4,"19831CP17",24,20,29,10,11.509375,3.021875,11.4,3
87,"NK59930",1983,4,"19831EX31",37,18.9,27,11,11.509375,3.021875,11.4,1
88,"NK59935",1983,4,"19831EX31",37,19.9,27,11,11.509375,3.021875,11.4,1
89,"NK59938",1983,4,"19831EX31",37,20.8,27,11,11.509375,3.021875,11.4,1
90,"NK59939",1983,4,"19831EX31",37,20.9,27,11,11.509375,3.021875,11.4,1
91,"NK59969",1983,4,"19831EX8",57,18.9,30,9,11.83125,2.865,10.4,1
92,"NK59983",1983,4,"19831CP26",26,17.6,31,8,11.83125,2.865,10.4,1
93,"NK59995",1983,4,"19831CP30",27,18.9,29,8,11.83125,2.865,10.4,1
94,"NK59999",1983,4,"19831W11",89,20.8,32,7,11.83125,2.865,10.4,1
95,"NN30004",1983,4,"19831EX44",45,18.1,25,11,11.0625,3.2725,13.4,3
96,"NN30020",1983,4,"19831EX29",35,17.1,24,13,11.0625,3.2725,13.4,1
97,"NN30039",1983,4,"19831EX35",39,17.2,26,10,11.0625,3.2725,13.4,1
98,"NN30058",1983,4,"19831W10",88,19.2,30,7,11.0625,3.2725,13.4,1
99,"NN30072",1983,4,"19831W15",90,17.2,25,11,11.0625,3.2725,13.4,1
100,"NN30074",1983,4,"19831W15",90,17.2,25,11,11.0625,3.2725,13.4,1
101,"NN30085",1983,4,"19831W19",91,20.8,27,11,11.0625,3.2725,13.4,1
102,"NN30090",1983,4,"19831W25",93,19.3,28,9,11.0625,3.2725,13.4,1
103,"NN30120",1983,4,"19831EX72",55,19,29,7,11.2375,3.24125,12.4,1
104,"NN30152",1983,4,"19831CP36",28,15.9,29,9,11.2375,3.24125,12.4,1
105,"NN30158",1983,4,"19831W57",98,21,30,8,11.2375,3.24125,12.4,2
106,"NN30160",1983,4,"19831W57",98,21.6,30,8,11.2375,3.24125,12.4,1
107,"NN30165",1983,4,"19831W87",102,19.1,31,8,11.509375,3.021875,11.4,1
108,"NN30244",1983,4,"19831W35",95,18.4,30,8,11.509375,3.021875,11.4,1
109,"NN30312",1984,5,"19841B90",106,19.1,30,8,11.234375,3.84625,7.40000000000001,5
110,"NN30323",1984,5,"19841B97",107,19.5,31,8,11.234375,3.84625,7.40000000000001,5
111,"NN30373",1984,5,"19841B223",105,19.2,33,4,11.95625,3.48375,3.40000000000001,5
112,"NN30386",1984,5,"19841SW119",123,18.5,34,8,12.178125,2.9025,2.40000000000001,5
113,"NN30411",1984,5,"19841SW6",124,18.7,38,7,11.95625,3.48375,3.40000000000001,6
114,"NN30429",1984,5,"19841B109",103,19.1,40,9,12.678125,2.165,1.40000000000001,7
115,"NN30486",1984,5,"19841B143",104,20.7,42,6,13.55625,2.18375,1.59999999999999,5
116,"NN34006",1983,4,"19831B97",16,19.7,28,9,11.509375,3.021875,11.4,1
117,"NN34020",1983,4,"19831B23",10,18.9,28,9,11.509375,3.021875,11.4,1
118,"NN34022",1983,4,"19831B63",13,15.2,27,8,11.509375,3.021875,11.4,2
119,"NN34050",1983,4,"19831B206",7,17.2,28,8,11.83125,2.865,10.4,1
120,"NN34060",1983,4,"19831B211",8,17.7,32,8,11.83125,2.865,10.4,2
121,"NN34061",1983,4,"19831B211",8,19,32,8,11.83125,2.865,10.4,1
122,"NN34074",1983,4,"19831P1",73,17.4,30,10,11.83125,2.865,10.4,1
123,"NN34104",1983,4,"19831B69",14,19.2,31,8,12.021875,2.689375,9.40000000000001,1
124,"NN34133",1983,4,"19831P16",74,18,28,11,12.459375,2.41375,8.40000000000001,1
125,"NN34138",1983,4,"19831P16",74,19.1,28,11,12.459375,2.41375,8.40000000000001,1
126,"NN34167",1983,4,"19831B205",6,19,32,10,12.459375,2.41375,8.40000000000001,1
127,"NN34173",1983,4,"19831SW56",85,17,32,8,12.971875,2.4075,7.40000000000001,2
128,"NN34211",1983,4,"19831SW70",86,19.8,33,8,12.971875,2.4075,7.40000000000001,2
129,"NN34214",1983,4,"19831SW70",86,19.6,33,8,12.971875,2.4075,7.40000000000001,1
130,"NN34230",1983,4,"19831B139",3,20.9,34,7,12.971875,2.4075,7.40000000000001,1
131,"NN34244",1983,4,"19831B194A",5,20.9,35,9,12.971875,2.4075,7.40000000000001,2
132,"NN34267",1983,4,"19831O117",61,18.4,33,12,13.13125,2.33875,6.40000000000001,2
133,"NN34286",1983,4,"19831SW131",80,18.2,34,8,13.13125,2.33875,6.40000000000001,1
134,"NN34319",1983,4,"19831P19",75,19.8,34,10,13.13125,2.33875,6.40000000000001,3
135,"NN34337",1983,4,"19831SW4",84,19.1,31,11,13.178125,2.33875,5.40000000000001,1
136,"NN34341",1983,4,"19831SW4",84,18,31,11,13.178125,2.33875,5.40000000000001,1
137,"NN34345",1983,4,"19831SW4",84,19.8,31,11,13.178125,2.33875,5.40000000000001,2
138,"NN34362",1983,4,"19831P8",77,17.1,29,9,13.60625,2.113125,3.40000000000001,1
139,"NN34371",1983,4,"19831B36",12,19.2,35,9,13.178125,2.33875,5.40000000000001,1
140,"NN34382",1983,4,"19831B7",15,20.3,32,3,13.178125,2.33875,5.40000000000001,1
141,"NN34413",1983,4,"19831O82",72,18.6,32,6,13.340625,2.36375,4.40000000000001,1
142,"NN34503",1983,4,"19831SW126",79,16.8,34,9,13.60625,2.113125,3.40000000000001,2
143,"NN34526",1983,4,"19831B142",4,17.9,36,10,13.60625,2.113125,3.40000000000001,1
144,"NN34533",1983,4,"19831B32",11,16.2,37,10,13.60625,2.113125,3.40000000000001,1
145,"NN34537",1983,4,"19831B32",11,17.9,37,10,13.60625,2.113125,3.40000000000001,1
146,"NN34544",1983,4,"19831B126",2,19.1,39,7,13.60625,2.113125,3.40000000000001,1
147,"NN34545",1983,4,"19831B12",1,19.8,32,8,12.021875,2.689375,9.40000000000001,3
148,"NN34623",1986,7,"19861MP77",277,18.7,35,8,11.384375,1.4,9.40000000000001,14
149,"NN34624",1986,7,"19861MP77",277,18.7,35,8,11.384375,1.4,9.40000000000001,12
150,"NN34626",1986,7,"19861MP51",274,18.2,35,9,11.3625,1.4875,8.40000000000001,12
151,"NN34629",1986,7,"19861MP51",274,19.4,35,9,11.3625,1.4875,8.40000000000001,12
152,"NN34633",1986,7,"19861MP51",274,19.1,35,9,11.3625,1.4875,8.40000000000001,12
153,"NN34650",1986,7,"19861MP61",276,18.5,35,10,11.209375,1.5125,7.40000000000001,12
154,"NN34700",1984,5,"19841P18",122,19,61,6,14.603125,0.7675,19.6,5
155,"NN34702",1984,5,"19841SW93",126,18.7,37,8,11.68125,3.88375,4.40000000000001,6
156,"NN34758",1985,6,"19851MP14",187,18,15,14,11.496875,3.793125,15.4,8
157,"NN34792",1985,6,"19851MP11",186,18,20,9,11.98125,3.89375,13.4,8
158,"NN34815",1986,7,"19861MP85",278,20.7,40,8,12.50625,1.25625,3.40000000000001,13
159,"NN34826",1986,7,"19861MP25",273,17.5,40,8,13.078125,1.06875,2.40000000000001,12
160,"NN34834",1986,7,"19861MP91",280,19.8,38,12,13.234375,0.88125,0.400000000000006,13
161,"NN34866",1987,8,"19871C140",343,19.8,29,8,11.58125,1.37125,2.4,15
162,"NN34884",1987,8,"19871MP86",402,19.4,21,16,12.0875,1.98375,0.600000000000001,15
163,"NN34914",1984,5,"19841SW87",125,17.6,27,9,10.90625,4.823125,10.4,5
164,"NN34916",1984,5,"19841SW87",125,18.8,27,9,10.90625,4.823125,10.4,5
165,"NN34926",1984,5,"19841P12",121,16.4,28,8,11.234375,3.84625,7.40000000000001,5
166,"NN34927",1984,5,"19841P12",121,17.7,28,8,11.234375,3.84625,7.40000000000001,5
167,"NN35059",1983,4,"19831W74",101,19.1,32,8,12.021875,2.689375,9.40000000000001,1
168,"NN35071",1983,4,"19831W68",100,19,30,10,12.021875,2.689375,9.40000000000001,1
169,"NN35081",1983,4,"19831W56",97,19.6,30,9,12.021875,2.689375,9.40000000000001,3
170,"NN35082",1983,4,"19831W56",97,17.9,30,9,12.021875,2.689375,9.40000000000001,2
171,"NN35085",1983,4,"19831W56",97,17.8,30,9,12.021875,2.689375,9.40000000000001,1
172,"NN35097",1983,4,"19831W45",96,18.8,30,8,12.021875,2.689375,9.40000000000001,1
173,"NN35098",1983,4,"19831W45",96,19.7,30,8,12.021875,2.689375,9.40000000000001,1
174,"NN35117",1983,4,"19831EX73",56,19.8,30,11,12.459375,2.41375,8.40000000000001,3
175,"NN35120",1983,4,"19831EX73",56,19.1,30,11,12.459375,2.41375,8.40000000000001,4
176,"NN35152",1983,4,"19831EX51A",47,18.2,32,9,12.459375,2.41375,8.40000000000001,1
177,"NN35203",1983,4,"19831W61",99,20.3,31,9,12.971875,2.4075,7.40000000000001,1
178,"NN35245",1983,4,"19831CP41",29,18.9,33,10,12.971875,2.4075,7.40000000000001,1
179,"NN35248",1983,4,"19831CP41",29,20,33,10,12.971875,2.4075,7.40000000000001,4
180,"NN35283",1983,4,"19831EX62G",50,18,33,9,13.178125,2.33875,5.40000000000001,1
181,"NN35322",1984,5,"19841EX61",118,21.1,38,4,12.178125,2.9025,2.40000000000001,7
182,"NN35387",1984,5,"19841EX26",113,19.6,33,8,13.1,2.18375,0.400000000000006,5
183,"NN35395",1984,5,"19841EX35",114,20.5,39,8,13.1,2.18375,0.400000000000006,6
184,"NN35400",1984,5,"19841EX35",114,20.7,39,8,13.1,2.18375,0.400000000000006,7
185,"NN35407",1984,5,"19841EX48A",115,18.4,37,8,13.1,2.18375,0.400000000000006,5
186,"NN35429",1984,5,"19841W72",135,18.3,41,8,13.44375,2.18375,0.599999999999994,6
187,"NN35453",1984,5,"19841CP30",110,20,42,7,13.55625,2.18375,1.59999999999999,5
188,"NN35477",1984,5,"19841EX8",119,19.7,40,11,13.81875,2.1525,2.59999999999999,5
189,"NN35503",1986,7,"19861C146",245,13,30,11,11.6125,2.04375,14.4,12
190,"NN35509",1986,7,"19861C146",245,17.7,30,11,11.6125,2.04375,14.4,12
191,"NN35518",1986,7,"19861C56",250,19,30,8,11.259375,1.0375,12.4,12
192,"NN35519",1986,7,"19861C56",250,18.5,30,8,11.259375,1.0375,12.4,14
193,"NN35524",1986,7,"19861C116",244,18.1,33,6,11.290625,1.00625,11.4,12
194,"NN35526",1986,7,"19861C116",244,18.8,33,6,11.290625,1.00625,11.4,12
195,"NN35539",1986,7,"19861C52",249,20.5,36,6,11.275,1.00625,10.4,12
196,"NN35551",1986,7,"19861O69",292,18.3,32,8,11.384375,1.4,9.40000000000001,12
197,"NN35555",1986,7,"19861O69",292,19.5,32,8,11.384375,1.4,9.40000000000001,13
198,"NN35563",1986,7,"19861C104",242,18.8,36,8,11.384375,1.4,9.40000000000001,12
199,"NN35580",1986,7,"19861O81",293,16.7,32,11,11.3625,1.4875,8.40000000000001,13
200,"NN35595",1986,7,"19861SW5",306,18.5,33,10,11.3625,1.4875,8.40000000000001,14
201,"NN35609",1986,7,"19861SW105",298,17.8,33,10,11.209375,1.5125,7.40000000000001,12
202,"NN35610",1986,7,"19861SW105",298,18,33,10,11.209375,1.5125,7.40000000000001,12
203,"NN35617",1986,7,"19861O6",290,18.1,34,10,11.303125,1.5125,6.40000000000001,14
204,"NN35630",1986,7,"19861C62",251,19.4,35,8,11.303125,1.5125,6.40000000000001,13
205,"NN35637",1986,7,"19861C36",247,17.7,36,7,11.303125,1.5125,6.40000000000001,12
206,"NN35642",1986,7,"19861C36",247,18.7,36,7,11.303125,1.5125,6.40000000000001,12
207,"NN35651",1986,7,"19861SW30",304,18.7,37,8,11.621875,1.41875,5.40000000000001,12
208,"NN35662",1986,7,"19861SW134",302,16.4,37,10,11.621875,1.41875,5.40000000000001,12
209,"NN35675",1986,7,"19861SW112",299,20.7,38,9,11.621875,1.41875,5.40000000000001,12
210,"NN35681",1986,7,"19861C5",248,18,38,9,11.621875,1.41875,5.40000000000001,13
211,"NN35685",1986,7,"19861C106",243,18.6,37,10,11.621875,1.41875,5.40000000000001,12
212,"NN35688",1986,7,"19861C106",243,18.9,37,10,11.621875,1.41875,5.40000000000001,13
213,"NN35709",1986,7,"19861SW121",300,19.5,40,9,12.03125,1.3375,4.40000000000001,13
214,"NN35716",1986,7,"19861SW121",300,19.5,40,9,12.03125,1.3375,4.40000000000001,12
215,"NN35726",1986,7,"19861O105",283,19.8,37,10,12.03125,1.3375,4.40000000000001,12
216,"NN35755",1986,7,"19861SW126",301,19.1,39,7,12.50625,1.25625,3.40000000000001,12
217,"NN35770",1986,7,"19861O19",284,18.9,36,10,12.50625,1.25625,3.40000000000001,12
218,"NN35778",1986,7,"19861O59",289,18.7,38,8,13.078125,1.06875,2.40000000000001,13
219,"NN35792",1986,7,"19861O64",291,20,40,9,13.309375,1,1.40000000000001,12
220,"NN35801",1986,7,"19861C151",246,17,41,8,12.50625,1.25625,3.40000000000001,12
221,"NN35821",1986,7,"19861SW16",303,19.5,43,9,13.234375,0.88125,0.400000000000006,14
222,"NN35827",1986,7,"19861SW16",303,19.8,43,9,13.234375,0.88125,0.400000000000006,12
223,"NN35836",1986,7,"19861O43",288,18.2,46,9,13.234375,0.88125,0.400000000000006,12
224,"NN35843",1986,7,"19861O41",287,17.8,44,9,13.234375,0.88125,0.400000000000006,12
225,"NN35850",1986,7,"19861O25",286,20.2,44,9,13.234375,0.88125,0.400000000000006,12
226,"NN35853",1986,7,"19861O21",285,20,45,7,13.396875,0.7,0.599999999999994,12
227,"NN35891",1986,7,"19861O103",282,20.5,47,10,14.2,0.73125,3.59999999999999,12
228,"NN35908",1986,7,"19861O93",294,19.5,48,10,13.9875,0.55625,2.59999999999999,14
229,"NN35938",1987,8,"19871SW2",433,18.5,17,12,9.175,1.89625,12.4,15
230,"NN35939",1987,8,"19871SW2",433,20.1,17,12,9.175,1.89625,12.4,17
231,"NN35941",1987,8,"19871SW2",433,20.6,17,12,9.175,1.89625,12.4,15
232,"NN35955",1988,9,"19881O68",493,17.8,23,6,11.803125,1.0725,6.4,20
233,"NN86041",1985,6,"19851SW125",204,20.2,26,9,12.43125,2.31,8.40000000000001,8
234,"NN86052",1985,6,"19851EX39C",170,18.1,21,12,12.43125,2.31,8.40000000000001,8
235,"NN86063",1985,6,"19851EX46",172,16.5,23,9,12.43125,2.31,8.40000000000001,11
236,"NN86070",1985,6,"19851EX43D",171,18.6,25,10,12.43125,2.31,8.40000000000001,10
237,"NN86083",1985,6,"19851W99",222,19.3,29,8,12.43125,2.31,8.40000000000001,8
238,"NN86093",1985,6,"19851CP17",159,19.4,28,7,12.503125,1.840625,7.40000000000001,8
239,"NN86096",1985,6,"19851CP17",159,21.9,28,7,12.503125,1.840625,7.40000000000001,8
240,"NN86097",1985,6,"19851CP17",159,18,28,7,12.503125,1.840625,7.40000000000001,8
241,"NN86098",1985,6,"19851CP17",159,19.1,28,7,12.503125,1.840625,7.40000000000001,9
242,"NN86100",1985,6,"19851CP4",161,19.8,24,10,12.503125,1.840625,7.40000000000001,8
243,"NN86105",1985,6,"19851CP4",161,19.8,24,10,12.503125,1.840625,7.40000000000001,8
244,"NN86107",1985,6,"19851CP4",161,19,24,10,12.503125,1.840625,7.40000000000001,8
245,"NN86112",1985,6,"19851W16",214,20.1,30,8,12.503125,1.840625,7.40000000000001,9
246,"NN86118",1985,6,"19851EX27",167,19.1,29,8,12.503125,1.840625,7.40000000000001,11
247,"NN86124",1985,6,"19851EX27",167,20.2,29,8,12.503125,1.840625,7.40000000000001,10
248,"NN86125",1985,6,"19851EX79",184,19.2,32,7,12.7875,2.30875,6.40000000000001,9
249,"NN86140",1985,6,"19851EX65",180,21,29,9,12.7875,2.30875,6.40000000000001,8
250,"NN86153",1985,6,"19851EX16",166,19.6,29,10,12.984375,3.495625,4.40000000000001,8
251,"NN86158",1985,6,"19851EX16",166,20.1,29,10,12.984375,3.495625,4.40000000000001,9
252,"NN86161",1985,6,"19851EX16",166,19.7,29,10,12.984375,3.495625,4.40000000000001,8
253,"NN86177",1985,6,"19851EX68",181,19.3,32,11,12.7,3.833125,2.40000000000001,9
254,"NN86186",1985,6,"19851EX68",181,18.3,32,11,12.7,3.833125,2.40000000000001,8
255,"NN86191",1985,6,"19851EX49A",174,18.2,32,10,12.7,3.833125,2.40000000000001,11
256,"NN86194",1985,6,"19851EX49A",174,19,32,10,12.7,3.833125,2.40000000000001,8
257,"NN86198",1985,6,"19851W104",212,18.2,31,9,12.7,3.833125,2.40000000000001,9
258,"NN86214",1985,6,"19851SW128",205,19.1,21,12,12.384375,2.31,9.40000000000001,8
259,"NN86238",1985,6,"19851O63",195,18.6,30,9,12.7875,2.30875,6.40000000000001,8
260,"NN86247",1985,6,"19851O107",190,18.7,25,8,12.7875,2.30875,6.40000000000001,9
261,"NN86267",1985,6,"19851SW104",203,18.5,29,11,12.7,3.833125,2.40000000000001,9
262,"NN86277",1985,6,"19851O65",196,18,31,10,12.7,3.833125,2.40000000000001,8
263,"NN86285",1985,6,"19851O49",192,20.3,30,9,12.7,3.833125,2.40000000000001,10
264,"NN86306",1985,6,"19851O100",189,18.5,34,9,12.259375,3.863125,0.599999999999994,8
265,"NN86324",1985,6,"19851SW103",202,21.6,35,10,12.109375,3.7125,1.59999999999999,8
266,"NN86339",1985,6,"19851SW34",207,18.8,35,10,12.109375,3.7125,1.59999999999999,8
267,"NN86345",1985,6,"19851O59",194,20.2,39,7,12.071875,3.975,3.59999999999999,8
268,"NN86352",1985,6,"19851O75B",197,19.5,45,7,11.696875,4.0375,7.59999999999999,8
269,"NN86406",1986,7,"19861B99",241,19.3,41,8,12.03125,1.3375,4.40000000000001,12
270,"NN86409",1986,7,"19861B15",225,19.3,41,9,12.03125,1.3375,4.40000000000001,13
271,"NN86422",1986,7,"19861B31",234,17.5,41,9,12.03125,1.3375,4.40000000000001,12
272,"NN86445",1986,7,"19861SW72",307,20.3,41,9,12.50625,1.25625,3.40000000000001,12
273,"NN86450",1986,7,"19861B30",233,18.3,44,7,13.078125,1.06875,2.40000000000001,12
274,"NN86456",1986,7,"19861B87",240,18.2,42,7,13.078125,1.06875,2.40000000000001,12
275,"NN86461",1986,7,"19861B227",232,18.2,38,12,13.078125,1.06875,2.40000000000001,13
276,"NN86471",1986,7,"19861B219",230,18.6,43,8,13.078125,1.06875,2.40000000000001,12
277,"NN86497",1986,7,"19861B179",228,18.7,39,10,13.078125,1.06875,2.40000000000001,13
278,"NN86511",1985,6,"19851MP44",188,18.5,20,12,11.98125,3.89375,13.4,8
279,"NN86530",1985,6,"19851SW56",208,17.7,22,10,12.096875,3.655625,12.4,11
280,"NN86550",1987,8,"19871P14",424,17.1,24,11,10.35,1.1875,6.4,16
281,"NN86587",1985,6,"19851P6",200,18,27,9,12.503125,1.840625,7.40000000000001,9
282,"NN86590",1985,6,"19851P6",200,18.7,27,9,12.503125,1.840625,7.40000000000001,8
283,"NN86601",1985,6,"19851SW70",209,19,29,10,13.021875,2.320625,5.40000000000001,8
284,"NN86602",1985,6,"19851SW70",209,18.5,29,10,13.021875,2.320625,5.40000000000001,8
285,"NN86603",1985,6,"19851SW70",209,19.2,29,10,13.021875,2.320625,5.40000000000001,8
286,"NN86609",1985,6,"19851SW70",209,19.8,29,10,13.021875,2.320625,5.40000000000001,9
287,"NN86612",1985,6,"19851P16",198,20.3,30,11,13.021875,2.320625,5.40000000000001,8
288,"NN86624",1985,6,"19851SW78",210,20.2,29,10,13.021875,2.320625,5.40000000000001,8
289,"NN86632",1985,6,"19851SW80A",211,19.2,36,7,12.603125,3.833125,1.40000000000001,8
290,"NN86653",1986,7,"19861P10",295,18.2,36,8,11.303125,1.5125,6.40000000000001,12
291,"NN86678",1986,7,"19861P13",296,18.2,42,8,13.078125,1.06875,2.40000000000001,12
292,"NN86681",1986,7,"19861P13",296,18.1,42,8,13.078125,1.06875,2.40000000000001,12
293,"NN86685",1986,7,"19861P21",297,19.6,48,7,13.6625,0.61875,1.59999999999999,12
294,"NN86699",1987,8,"19871P15",425,19,20,10,9.11875,1.89625,11.4,16
295,"NN86702",1985,6,"19851P20",199,19.7,36,12,12.071875,3.975,3.59999999999999,8
296,"NN86717",1987,8,"19871P1",423,18.7,21,8,9.625,1.759375,9.4,15
297,"NN86722",1987,8,"19871P1",423,17.8,21,8,9.625,1.759375,9.4,15
298,"NN86723",1987,8,"19871P1",423,17.6,21,8,9.625,1.759375,9.4,15
299,"NN86737",1987,8,"19871P6",426,18.2,21,11,9.753125,1.635,8.4,16
300,"NN86745",1987,8,"19871P14",424,18.4,24,11,10.35,1.1875,6.4,16
301,"NN86750",1987,8,"19871P14",424,18.9,24,11,10.35,1.1875,6.4,15
302,"NN86754",1985,6,"19851EX51B",175,19.1,21,9,11.98125,3.89375,13.4,10
303,"NN86757",1985,6,"19851EX51B",175,18.1,21,9,11.98125,3.89375,13.4,8
304,"NN86759",1985,6,"19851EX51B",175,18.9,21,9,11.98125,3.89375,13.4,9
305,"NN86773",1985,6,"19851CP43",162,20.1,22,10,12.096875,3.655625,12.4,8
306,"NN86783",1985,6,"19851W50",218,18.5,22,8,12.096875,3.655625,12.4,9
307,"NN86814",1985,6,"19851EX47A",173,19,24,9,12.30625,2.31,10.4,8
308,"NN86817",1985,6,"19851EX47A",173,19.9,24,9,12.30625,2.31,10.4,9
309,"NN86818",1985,6,"19851EX53",176,19.2,23,11,12.30625,2.31,10.4,9
310,"NN86839",1985,6,"19851EX60",177,16.8,23,9,12.30625,2.31,10.4,8
311,"NN86844",1985,6,"19851EX60",177,19,23,9,12.30625,2.31,10.4,8
312,"NN86848",1985,6,"19851EX61",178,19.6,23,9,12.30625,2.31,10.4,8
313,"NN86854",1985,6,"19851CP39",160,18.4,24,5,12.290625,2.31625,11.4,8
314,"NN86869",1985,6,"19851W14",213,20.2,19,11,12.290625,2.31625,11.4,8
315,"NN86876",1985,6,"19851EX9",185,20.9,22,12,12.30625,2.31,10.4,9
316,"NN86879",1985,6,"19851EX9",185,18.5,22,12,12.30625,2.31,10.4,9
317,"NN86887",1985,6,"19851EX13A",165,20,21,12,12.30625,2.31,10.4,8
318,"NN86898",1985,6,"19851W80",220,18.2,23,9,12.30625,2.31,10.4,11
319,"NN86902",1985,6,"19851EX61",178,18.8,23,9,12.30625,2.31,10.4,8
320,"NN86909",1985,6,"19851W26",216,16.3,22,11,12.384375,2.31,9.40000000000001,8
321,"NN86925",1985,6,"19851CP9",163,19.1,20,8,12.384375,2.31,9.40000000000001,8
322,"NN86929",1985,6,"19851CP9",163,19.1,20,8,12.384375,2.31,9.40000000000001,11
323,"NN86931",1985,6,"19851CP9",163,18.8,20,8,12.384375,2.31,9.40000000000001,9
324,"NN86962",1985,6,"19851EX35A",169,18.2,22,10,12.384375,2.31,9.40000000000001,8
325,"NN86973",1985,6,"19851EX75",183,17.7,28,9,12.43125,2.31,8.40000000000001,8
326,"NN86975",1985,6,"19851EX75",183,17.1,28,9,12.43125,2.31,8.40000000000001,9
327,"NN86981",1985,6,"19851EX73",182,19,25,8,12.43125,2.31,8.40000000000001,9
328,"NN86996",1985,6,"19851EX39C",170,17.5,21,12,12.43125,2.31,8.40000000000001,10
329,"NN87000",1985,6,"19851EX39C",170,18.9,21,12,12.43125,2.31,8.40000000000001,9
330,"NN87003",1984,5,"19841W35",129,18.5,33,9,11.075,4.835,8.40000000000001,5
331,"NN87006",1984,5,"19841W35",129,18.9,33,9,11.075,4.835,8.40000000000001,5
332,"NN87008",1984,5,"19841W35",129,18.9,33,9,11.075,4.835,8.40000000000001,5
333,"NN87011",1984,5,"19841W102",127,19.9,30,10,11.234375,3.84625,7.40000000000001,5
334,"NN87022",1984,5,"19841W5",131,19.6,26,11,11.534375,3.87125,6.40000000000001,7
335,"NN87025",1984,5,"19841W5",131,20.2,26,11,11.534375,3.87125,6.40000000000001,5
336,"NN87029",1984,5,"19841CP12",108,19.7,31,10,11.234375,3.84625,7.40000000000001,5
337,"NN87034",1984,5,"19841CP12",108,19.8,31,10,11.234375,3.84625,7.40000000000001,7
338,"NN87035",1984,5,"19841CP12",108,20,31,10,11.234375,3.84625,7.40000000000001,6
339,"NN87102",1984,5,"19841W68",134,22,31,10,11.534375,3.87125,6.40000000000001,5
340,"NN87126",1984,5,"19841EX5A",117,18.3,34,10,11.675,3.87125,5.40000000000001,5
341,"NN87128",1984,5,"19841EX5A",117,18.1,34,10,11.675,3.87125,5.40000000000001,6
342,"NN87162",1984,5,"19841CP9",112,21.1,36,9,11.68125,3.88375,4.40000000000001,6
343,"NN87166",1984,5,"19841CP9",112,21.3,36,9,11.68125,3.88375,4.40000000000001,7
344,"NN87168",1984,5,"19841CP9",112,20.8,36,9,11.68125,3.88375,4.40000000000001,5
345,"NN87211",1984,5,"19841W66",133,19.3,36,8,11.68125,3.88375,4.40000000000001,5
346,"NN87227",1984,5,"19841W37",130,20.2,35,7,11.95625,3.48375,3.40000000000001,5
347,"NN87228",1984,5,"19841W37",130,19.9,35,7,11.95625,3.48375,3.40000000000001,5
348,"NN87240",1984,5,"19841W59",132,18.9,37,8,11.95625,3.48375,3.40000000000001,7
349,"NN87342",1984,5,"19841O34",120,15.4,36,10,13.1,2.18375,0.400000000000006,5
350,"NN87390",1986,7,"19861EX55",267,19.1,31,9,11.328125,1.1875,13.4,12
351,"NN87391",1986,7,"19861EX55",267,16.6,31,9,11.328125,1.1875,13.4,13
352,"NN87440",1998,15,"19981W45",1255,18.6,10,8,14.403125,0.4125,10,45
353,"NN87447",1998,15,"19981W60",1258,17.7,12,8,14.403125,0.4125,10,46
354,"NN87537",1984,5,"19841CP5B",111,19.2,46,9,14.996875,1.191875,5.59999999999999,5
355,"NN87554",1984,5,"19841CP26",109,19.8,45,8,15.54375,1.24125,6.59999999999999,7
356,"NN87634",1985,6,"19851CP11",158,16.9,16,11,11.496875,3.793125,15.4,9
357,"NN87668",1985,6,"19851O36",191,18,23,10,12.096875,3.655625,12.4,8
358,"NN87680",1985,6,"19851O56",193,19,23,9,12.290625,2.31625,11.4,9
359,"NN87683",1985,6,"19851O56",193,18.5,23,9,12.290625,2.31625,11.4,8
360,"NN87690",1985,6,"19851SW10",201,20,21,11,12.290625,2.31625,11.4,10
361,"NN87697",1985,6,"19851SW14",206,20,27,10,12.7875,2.30875,6.40000000000001,8
362,"NN87754",1985,6,"19851W104",212,18.7,31,9,12.7,3.833125,2.40000000000001,9
363,"NN87756",1985,6,"19851EX62A",179,18.8,30,11,12.7,3.833125,2.40000000000001,8
364,"NN87760",1985,6,"19851EX62A",179,20,30,11,12.7,3.833125,2.40000000000001,8
365,"NN87761",1985,6,"19851EX62A",179,19,30,11,12.7,3.833125,2.40000000000001,8
366,"NN87764",1985,6,"19851EX62A",179,18.9,30,11,12.7,3.833125,2.40000000000001,8
367,"NN87788",1985,6,"19851W17",215,19.2,35,9,12.475,3.595,0.400000000000006,8
368,"NN87804",1985,6,"19851W56",219,19,36,10,12.259375,3.863125,0.599999999999994,8
369,"NN87817",1985,6,"19851W28",217,19.2,39,7,12.259375,3.863125,0.599999999999994,10
370,"NN87822",1985,6,"19851W97",221,17.2,36,8,12.109375,3.7125,1.59999999999999,8
371,"NN87836",1988,9,"19881W50",509,21,18,9,12,0.9425,9.4,20
372,"NN87841",1988,9,"19881W50",509,19.3,18,9,12,0.9425,9.4,19
373,"NN87852",1987,8,"19871EX7",383,19.8,20,9,9.428125,1.85875,10.4,15
374,"NN87858",1987,8,"19871EX12A",361,19,19,11,9.428125,1.85875,10.4,16
375,"NN87862",1987,8,"19871EX12A",361,19.6,19,11,9.428125,1.85875,10.4,15
376,"NN87891",1987,8,"19871W72",453,21.4,20,11,9.428125,1.85875,10.4,15
377,"NN87895",1987,8,"19871W72",453,19,20,11,9.428125,1.85875,10.4,15
378,"NN87896",1987,8,"19871W9",457,19.8,21,7,9.428125,1.85875,10.4,15
379,"NN87901",1986,7,"19861B115",223,19.1,35,7,11.290625,1.00625,11.4,12
380,"NN87902",1986,7,"19861B115",223,19.9,35,7,11.290625,1.00625,11.4,12
381,"NN87907",1986,7,"19861B151",226,17.8,32,9,11.290625,1.00625,11.4,12
382,"NN87911",1986,7,"19861B151",226,18.8,32,9,11.290625,1.00625,11.4,12
383,"NN87916",1986,7,"19861B140",224,17.3,34,8,11.275,1.00625,10.4,14
384,"NN87917",1986,7,"19861B140",224,19.6,34,8,11.275,1.00625,10.4,12
385,"NN87918",1986,7,"19861B140",224,18.2,34,8,11.275,1.00625,10.4,12
386,"NN87935",1986,7,"19861B195",229,18.7,35,7,11.209375,1.5125,7.40000000000001,13
387,"NN87936",1986,7,"19861B195",229,17.7,35,7,11.209375,1.5125,7.40000000000001,12
388,"NN87943",1986,7,"19861B65",238,18.6,36,10,11.209375,1.5125,7.40000000000001,14
389,"NN87944",1986,7,"19861B65",238,19,36,10,11.209375,1.5125,7.40000000000001,12
390,"NN87945",1986,7,"19861B65",238,17.1,36,10,11.209375,1.5125,7.40000000000001,12
391,"NN87947",1986,7,"19861B65",238,20.4,36,10,11.209375,1.5125,7.40000000000001,12
392,"NN87949",1986,7,"19861B172",227,19.4,37,8,11.303125,1.5125,6.40000000000001,14
393,"NN87972",1986,7,"19861B32",235,16.6,41,7,11.621875,1.41875,5.40000000000001,12
394,"NN87977",1986,7,"19861B5",236,19.2,39,8,11.621875,1.41875,5.40000000000001,12
395,"NN87978",1986,7,"19861B5",236,19.7,39,8,11.621875,1.41875,5.40000000000001,14
396,"NN87980",1986,7,"19861B5",236,19.1,39,8,11.621875,1.41875,5.40000000000001,12
397,"NN87986",1986,7,"19861SW42",305,21.3,39,7,12.03125,1.3375,4.40000000000001,12
398,"NN87987",1986,7,"19861SW42",305,18.7,39,7,12.03125,1.3375,4.40000000000001,12
399,"NN87989",1986,7,"19861SW42",305,19.3,39,7,12.03125,1.3375,4.40000000000001,12
400,"NN87990",1986,7,"19861SW42",305,19.9,39,7,12.03125,1.3375,4.40000000000001,13
401,"NN88095",1985,6,"19851B63",146,15.8,19,9,11.98125,3.89375,13.4,8
402,"NN88106",1985,6,"19851C37",154,21.3,33,10,12.7,3.833125,2.40000000000001,9
403,"NN88109",1985,6,"19851C53",156,20.8,34,7,12.7,3.833125,2.40000000000001,8
404,"NN88118",1985,6,"19851C41",155,18.7,34,9,12.475,3.595,0.400000000000006,10
405,"NN88142",1994,11,"19941EX5A",698,19.2,26,9,10.0625,1.4075,4,28
406,"NN88155",1985,6,"19851B30",142,18.8,17,10,11.496875,3.793125,15.4,9
407,"NN88157",1985,6,"19851B30",142,19.7,17,10,11.496875,3.793125,15.4,8
408,"NN88184",1985,6,"19851B36",144,16.6,20,9,11.775,4.05625,14.4,9
409,"NN88198",1985,6,"19851B86",148,19,22,6,11.775,4.05625,14.4,8
410,"NN88199",1985,6,"19851B53",145,17.4,20,9,11.98125,3.89375,13.4,8
411,"NN88256",1985,6,"19851B53",145,17.3,20,9,11.98125,3.89375,13.4,10
412,"NN88274",1985,6,"19851B93",150,18.6,22,9,12.30625,2.31,10.4,8
413,"NN88289",1985,6,"19851B33",143,17.6,20,8,12.30625,2.31,10.4,8
414,"NN88324",1985,6,"19851B226",141,19.1,24,10,12.43125,2.31,8.40000000000001,8
415,"NN88331",1985,6,"19851B164",139,17.6,25,10,12.503125,1.840625,7.40000000000001,8
416,"NN88358",1985,6,"19851B113",137,20.9,29,9,12.7875,2.30875,6.40000000000001,9
417,"NN88359",1985,6,"19851B113",137,21.3,29,9,12.7875,2.30875,6.40000000000001,8
418,"NN88364",1985,6,"19851B212",140,19.9,33,7,13.021875,2.320625,5.40000000000001,9
419,"NN88367",1985,6,"19851B212",140,19.8,33,7,13.021875,2.320625,5.40000000000001,8
420,"NN88372",1985,6,"19851B79A",147,20.3,29,8,13.021875,2.320625,5.40000000000001,8
421,"NN88403",1985,6,"19851B110",136,19.2,36,9,12.475,3.595,0.400000000000006,8
422,"NN88411",1985,6,"19851B142A",138,19.7,35,10,12.475,3.595,0.400000000000006,9
423,"NN88416",1985,6,"19851B142A",138,19.9,35,10,12.475,3.595,0.400000000000006,8
424,"NN88422",1985,6,"19851B90",149,18.8,32,11,12.109375,3.7125,1.59999999999999,8
425,"NN88431",1987,8,"19871MP33",391,18.7,17,11,9.175,1.89625,12.4,15
426,"NN88433",1987,8,"19871MP33",391,18.4,17,11,9.175,1.89625,12.4,16
427,"NN88452",1987,8,"19871B205",328,18.6,23,10,10.021875,1.286875,7.4,17
428,"NN88456",1987,8,"19871B205",328,19.2,23,10,10.021875,1.286875,7.4,15
429,"NN88466",1987,8,"19871SW68",438,20,24,10,10.021875,1.286875,7.4,15
430,"NN88467",1987,8,"19871SW68",438,20.5,24,10,10.021875,1.286875,7.4,15
431,"NN88473",1987,8,"19871B3",331,17.1,24,11,10.35,1.1875,6.4,16
432,"NN88510",1987,8,"19871SW51",435,18.2,22,10,9.625,1.759375,9.4,16
433,"NN88514",1987,8,"19871SW70",439,20,21,11,9.625,1.759375,9.4,16
434,"NN88526",1987,8,"19871SW79",440,18.7,22,10,9.753125,1.635,8.4,15
435,"NN88529",1987,8,"19871SW79",440,18.5,22,10,9.753125,1.635,8.4,16
436,"NN88530",1987,8,"19871SW79",440,18.2,22,10,9.753125,1.635,8.4,15
437,"NN88535",1987,8,"19871B134",324,17,22,9,10.021875,1.286875,7.4,15
438,"NN88537",1987,8,"19871B134",324,17.3,22,9,10.021875,1.286875,7.4,17
439,"NN88562",1987,8,"19871CP34",353,18.9,21,10,9.625,1.759375,9.4,15
440,"NN88566",1987,8,"19871CP34",353,17,21,10,9.625,1.759375,9.4,15
441,"NN88568",1987,8,"19871CP34",353,18,21,10,9.625,1.759375,9.4,15
442,"NN88578",1987,8,"19871CP17",349,18.7,20,10,9.625,1.759375,9.4,15
443,"NN88595",1987,8,"19871CP43",355,18.1,22,9,9.625,1.759375,9.4,15
444,"NN88627",1987,8,"19871EX63",380,20,22,10,9.753125,1.635,8.4,17
445,"NN88630",1987,8,"19871EX63",380,19.1,22,10,9.753125,1.635,8.4,16
446,"NN88643",1987,8,"19871EX47",373,19.3,22,10,9.753125,1.635,8.4,16
447,"NN88652",1987,8,"19871W9",457,18.8,21,7,9.428125,1.85875,10.4,15
448,"NN88663",1987,8,"19871CP22",351,20.3,20,9,9.428125,1.85875,10.4,16
449,"NN88664",1987,8,"19871CP22",351,19.1,20,9,9.428125,1.85875,10.4,15
450,"NN88667",1987,8,"19871EX64",381,15.8,21,10,9.428125,1.85875,10.4,15
451,"NN88673",1987,8,"19871EX64",381,16.9,21,10,9.428125,1.85875,10.4,16
452,"NN88679",1987,8,"19871EX71",385,18.1,20,11,9.625,1.759375,9.4,15
453,"NN88690",1987,8,"19871EX75",386,20.2,21,11,9.625,1.759375,9.4,15
454,"NN88700",1987,8,"19871EX41E",371,18.9,22,9,9.625,1.759375,9.4,16
455,"NN88703",1987,8,"19871EX41E",371,18.7,22,9,9.625,1.759375,9.4,15
456,"NN88706",1987,8,"19871EX41E",371,17.6,22,9,9.625,1.759375,9.4,15
457,"NN88712",1987,8,"19871EX49",374,19.5,22,11,9.625,1.759375,9.4,15
458,"NN88713",1987,8,"19871EX49",374,18.9,22,11,9.625,1.759375,9.4,15
459,"NN88716",1987,8,"19871EX49",374,17.1,22,11,9.625,1.759375,9.4,15
460,"NN88720",1987,8,"19871EX51A",375,18.4,22,10,9.625,1.759375,9.4,15
461,"NN88724",1987,8,"19871EX51A",375,18.8,22,10,9.625,1.759375,9.4,16
462,"NN88726",1987,8,"19871EX51A",375,18.1,22,10,9.625,1.759375,9.4,15
463,"NN88736",1987,8,"19871EX32",367,19.3,21,9,9.625,1.759375,9.4,16
464,"NN88737",1987,8,"19871W14",443,19.8,20,11,9.625,1.759375,9.4,15
465,"NN88750",1987,8,"19871W22",446,20.9,21,11,9.625,1.759375,9.4,15
466,"NN88767",1987,8,"19871MP75",400,18.2,17,10,9.11875,1.89625,11.4,18
467,"NN88771",1987,8,"19871MP46",393,21.1,20,7,9.428125,1.85875,10.4,15
468,"NN88813",1987,8,"19871MP43",392,17.9,18,12,9.11875,1.89625,11.4,15
469,"NN88834",1987,8,"19871MP64",396,20,22,9,9.625,1.759375,9.4,15
470,"NN88841",1987,8,"19871MP67",397,18.2,21,11,9.625,1.759375,9.4,15
471,"NN88852",1987,8,"19871EX39",368,18,20,12,9.753125,1.635,8.4,15
472,"NN88879",1987,8,"19871W100",442,20.3,21,12,10.021875,1.286875,7.4,16
473,"NN88885",1987,8,"19871W100",442,20.1,21,12,10.021875,1.286875,7.4,15
474,"NN88895",1987,8,"19871W78",456,20.1,21,11,10.021875,1.286875,7.4,15
475,"NN88897",1987,8,"19871W78",456,19.8,21,11,10.021875,1.286875,7.4,15
476,"NN88899",1987,8,"19871W76",455,19,23,10,10.021875,1.286875,7.4,15
477,"NN88904",1987,8,"19871W76",455,19.1,23,10,10.021875,1.286875,7.4,15
478,"NN88912",1987,8,"19871W28",447,18.2,22,8,9.753125,1.635,8.4,15
479,"NN88914",1987,8,"19871W28",447,21.5,22,8,9.753125,1.635,8.4,17
480,"NN88916",1987,8,"19871EX21",363,20.9,23,10,9.753125,1.635,8.4,16
481,"NN88923",1987,8,"19871EX21",363,20.1,23,10,9.753125,1.635,8.4,17
482,"NN88924",1987,8,"19871EX21",363,20.2,23,10,9.753125,1.635,8.4,15
483,"NN88938",1987,8,"19871EX68",382,18.3,24,9,10.021875,1.286875,7.4,18
484,"NN88941",1987,8,"19871EX68",382,18.8,24,9,10.021875,1.286875,7.4,16
485,"NN88943",1987,8,"19871EX68",382,20.2,24,9,10.021875,1.286875,7.4,17
486,"NN88952",1987,8,"19871EX61",378,18.2,21,12,10.021875,1.286875,7.4,16
487,"NN88953",1987,8,"19871EX61",378,18.4,21,12,10.021875,1.286875,7.4,15
488,"NN88962",1987,8,"19871CP5B",356,19.8,20,12,10.021875,1.286875,7.4,15
489,"NN88967",1987,8,"19871CP5B",356,19,20,12,10.021875,1.286875,7.4,15
490,"NN88977",1987,8,"19871W64",451,20,23,10,10.021875,1.286875,7.4,15
491,"NN88979",1987,8,"19871W64",451,21.9,23,10,10.021875,1.286875,7.4,15
492,"NN88986",1987,8,"19871EX70",384,18.9,23,8,10.35,1.1875,6.4,15
493,"NN88987",1987,8,"19871EX70",384,18.3,23,8,10.35,1.1875,6.4,18
494,"PF71032",2022,39,"20221P5",2882,19.9,17,6,13.9875,1.819375,0,112
495,"PF71035",2022,39,"20221P5",2882,18.9,17,6,13.9875,1.819375,0,111
496,"PF71057",2022,39,"20221EX78",2875,16.3,18,9,13.915625,1.773125,1,111
497,"PF71236",2022,39,"20221B43",2865,16.5,11,10,13.6125,1.86875,7,111
498,"PF71250",2022,39,"20221W99",2888,20.4,15,7,13.88125,1.678125,5,111
499,"PF71374",2021,38,"20211SW101",2859,17,24,7,10.878125,3.039375,10,110
500,"PF71378",2021,38,"20211SW107",2860,18.9,25,6,11.134375,3.01125,9,110
501,"PF71393",2021,38,"20211C1",2845,18,28,5,11.696875,2.38625,7,110
502,"PF71395",2021,38,"20211C49",2846,18.7,30,5,12.478125,2.02125,5,110
503,"PF71440",2022,39,"20221W35",2886,19,11,7,13.428125,1.465625,8,112
504,"PF71547",2022,39,"20221EX59",2874,18.1,23,8,13.94375,1.36625,3,111
505,"PF71615",2022,39,"20221MP89",2877,18.7,18,8,13.915625,1.773125,1,111
506,"PF71893",2023,40,"20231B137",2890,19.1,28,7,13.1125,0.075,2,113
507,"PF71916",2022,39,"20221C108",2867,18.3,10,6,11.8375,1.050625,12,111
508,"PF71935",2022,39,"20221C148",2868,17.8,-1,4,12.1875,1.07875,11,112
509,"PF71944",2022,39,"20221C160B",2870,17.4,11,8,13.05625,1.414375,9,111
510,"PF71999",2022,39,"20221C157",2869,17.3,11,9,13.7875,1.81875,6,112
511,"PF72051",2022,39,"20221C35",2871,18.5,16,8,14.0125,1.803125,1,112
512,"PF72060",2022,39,"20221SW116",2883,17.6,18,10,13.9875,1.819375,0,111
513,"PF72181",2021,38,"20211CP5A",2847,17.8,23,8,11.36875,2.77375,8,110
514,"PF72311",2023,40,"20231MP98",2916,18.9,20,8,12.396875,0.9475,8,113
515,"PF72314",2023,40,"20231MP98",2916,18.8,20,8,12.396875,0.9475,8,113
516,"PF72315",2023,40,"20231MP98",2916,19.8,20,8,12.396875,0.9475,8,113
517,"PF72374",2023,40,"20231SW47",2929,19.2,21,6,12.525,0.11,5,113
518,"PF72394",2023,40,"20231SW28",2928,20.1,21,8,12.665625,0.076875,4,113
519,"PF72506",2021,38,"20211EX18A",2848,16.5,11,10,10.025,3.474375,20,110
520,"PF72546",2021,38,"20211EX41A",2849,18.2,17,10,10.33125,3.514375,13,110
521,"PF72574",2021,38,"20211EX43",2850,17.4,20,9,11.134375,3.01125,9,110
522,"PF72627",2023,40,"20231EX19A",2902,18.4,22,11,12.678125,0.0875,2,113
523,"PF72628",2023,40,"20231EX19A",2902,18.2,22,11,12.678125,0.0875,2,113
524,"PF72678",2023,40,"20231EX12A",2901,18.5,24,10,12.775,0.0825,1,113
525,"PF72718",2022,39,"20221O56",2880,19.1,14,7,13.7875,1.81875,6,111
526,"PF72722",2022,39,"20221O11",2879,18.3,13,8,13.7875,1.81875,6,112
527,"PF72817",2022,39,"20221EX12A",2873,18.1,20,9,13.915625,1.773125,1,112
528,"PF72821",2022,39,"20221EX12A",2873,18.8,20,9,13.915625,1.773125,1,112
529,"PF72914",2023,40,"20231W32",2934,18.1,23,8,12.775,0.0825,1,113
530,"PF72917",2023,40,"20231W32",2934,18.9,23,8,12.775,0.0825,1,113
531,"PF72947",2023,40,"20231W77",2940,19.4,28,8,13.1125,0.075,2,113
532,"PF72990",2023,40,"20231EX48A",2908,19.3,23,9,13.090625,0.040625,4,113
533,"PL91009",2022,39,"20221SW60",2884,19.5,21,7,13.94375,1.36625,3,111
534,"PL91111",2023,40,"20231CP41",2900,16.7,10,11,12.428125,1.8325,11,113
535,"PL91145",2023,40,"20231EX49",2909,17.7,21,10,12.678125,0.0875,2,113
536,"PL91168",2023,40,"20231W15",2933,19.3,28,9,13.115625,0.079375,1,113
537,"PL91186",2023,40,"20231W6",2938,19.2,28,7,13.1125,0.075,2,113
538,"PL91413",2023,40,"20231SW116",2926,18.4,31,7,13.3625,0.04,8,113
539,"PT90011",2023,40,"20231O71",2921,15.6,12,9,12.50625,2.063125,12,113
540,"PT90013",2023,40,"20231O71",2921,16.6,12,9,12.50625,2.063125,12,113
541,"PT90018",2023,40,"20231O60",2919,19.2,16,8,12.4625,1.555,10,113
542,"PT90022",2023,40,"20231O60",2919,20.7,16,8,12.4625,1.555,10,113
543,"PT90122",2023,40,"20231O109",2917,20,27,9,12.775,0.0825,1,113
544,"PT90127",2023,40,"20231O32",2918,18.7,25,6,12.95625,0.079375,0,113
545,"PT90138",2023,40,"20231O68",2920,18.3,31,5,13.115625,0.079375,1,113
546,"PT90154",2023,40,"20231O79",2922,18.7,26,9,13.115625,0.079375,1,113
547,"PT90211",2023,40,"20231CP16",2899,20.1,41,6,14.690625,0.485,11,113
548,"PT90324",2023,40,"20231C107",2896,18.8,10,6,12.028125,2.169375,15,113
549,"PT90372",2023,40,"20231C40",2898,19.4,19,8,12.478125,0.43375,6,113
550,"PT90377",2023,40,"20231C40",2898,20.3,19,8,12.478125,0.43375,6,113
551,"PT90380",2023,40,"20231SW102",2925,20.8,18,8,12.525,0.11,5,113
552,"PT90392",2023,40,"20231C110",2897,19.2,19,8,12.525,0.11,5,113
553,"PT90435",2023,40,"20231C10",2895,19.9,26,6,12.703125,0.07625,3,113
554,"PT99102",2023,40,"20231EX63",2911,19.5,21,8,12.775,0.0825,1,113
555,"PT99121",2023,40,"20231P102",2923,18.3,22,8,12.775,0.0825,1,113
556,"PT99152",2023,40,"20231EX76",2913,21,21,8,13.115625,0.079375,1,113
557,"PT99176",2023,40,"20231SW82",2931,20.5,26,6,13.1125,0.075,2,113
558,"PT99197",2023,40,"20231SW1",2924,20.7,29,7,13.1125,0.075,2,113
559,"PT99208",2023,40,"20231SW6",2930,18.4,31,7,13.115625,0.041875,3,113
560,"PT99261",2023,40,"20231B57",2894,18.5,37,7,13.728125,0.069375,9,113
561,"TA15017",2002,19,"20021C148",1599,17.6,7,4,10.83125,0.9525,11,64
562,"TA15018",2002,19,"20021C148",1599,17.5,7,4,10.83125,0.9525,11,61
563,"TA15019",2002,19,"20021C148",1599,17.6,7,4,10.83125,0.9525,11,62
564,"TA15028",2002,19,"20021C55",1610,18.9,8,9,10.83125,0.9525,11,61
565,"TA15057",2002,19,"20021C153",1601,18.1,13,8,11.621875,1.1375,9,61
566,"TA15058",2002,19,"20021C153",1601,19,13,8,11.621875,1.1375,9,63
567,"TA15071",2002,19,"20021C151",1600,16.9,12,11,11.921875,1.08125,8,61
568,"TA15081",2002,19,"20021C151",1600,19.5,12,11,11.921875,1.08125,8,62
569,"TA15087",2002,19,"20021C103",1597,18,12,9,11.921875,1.08125,8,63
570,"TA15099",2002,19,"20021C9",1613,17.1,13,7,10.83125,0.9525,11,63
571,"TA15116",2002,19,"20021C161",1603,17.8,14,10,12.315625,1.34625,7,61
572,"TA15118",2002,19,"20021C161",1603,17.5,14,10,12.315625,1.34625,7,63
573,"TA15122",2002,19,"20021C27",1607,18.1,12,11,12.315625,1.34625,7,61
574,"TA15124",2002,19,"20021C27",1607,20.1,12,11,12.315625,1.34625,7,63
575,"TA15136",2002,19,"20021C23",1606,18.6,12,6,12.315625,1.34625,7,63
576,"TA15137",2002,19,"20021C23",1606,19,12,6,12.315625,1.34625,7,63
577,"TA15140",2002,19,"20021C20",1604,17.3,15,7,12.315625,1.34625,7,62
578,"TA15149",2002,19,"20021C21",1605,18.1,16,6,12.315625,1.34625,7,61
579,"TA15195",2002,19,"20021C57",1611,19.8,17,9,12.840625,1.7525,5,61
580,"TA15200",2002,19,"20021C57",1611,18.4,17,9,12.840625,1.7525,5,61
581,"TA15224",2002,19,"20021C159",1602,17.3,20,6,13.028125,2.129375,4,61
582,"TA15227",2002,19,"20021C37",1609,19.2,17,7,13.15625,2.195625,3,61
583,"TA15228",2002,19,"20021C37",1609,20.9,17,7,13.15625,2.195625,3,61
584,"TA15239",2002,19,"20021C61A",1612,19.8,20,7,13.15625,2.195625,3,62
585,"TA15264",2003,20,"20031C9",1741,18.3,19,6,10.921875,2.463125,3,66
586,"TA15272",2003,20,"20031C109",1737,18.1,20,5,10.9125,2.58625,2,67
587,"TA15297",2003,20,"20031C36",1739,20.5,20,6,11.784375,2.52625,2,66
588,"TA15313",2005,22,"20051C151",1937,21,20,7,9.65,1.149375,7,75
589,"TA15328",2005,22,"20051C155",1939,18.5,16,8,9.65,1.149375,7,74
590,"TA15355",2005,22,"20051C153",1938,18.9,25,6,11.51875,1.07,4,75
591,"TA15362",2005,22,"20051C160A",1940,19.7,25,5,12.021875,1.191875,2,76
592,"TA15376",2005,22,"20051C141",1934,18.5,26,10,13.01875,1.454375,2,74
593,"TA15386",2005,22,"20051C110",1931,20,18,9,13.01875,1.454375,2,76
594,"TA15407",2002,19,"20021O111",1680,14.3,9,8,12.315625,1.34625,7,62
595,"TA15420",2002,19,"20021O5",1683,19.1,9,9,12.315625,1.34625,7,61
596,"TA15425",2002,19,"20021O87",1691,17.9,19,7,12.603125,1.711875,6,63
597,"TA15444",2002,19,"20021O73",1687,19.2,13,8,12.603125,1.711875,6,61
598,"TA15468",2002,19,"20021SW3",1705,19.6,17,6,12.603125,1.711875,6,61
599,"TA15479",2002,19,"20021P6",1695,19.2,13,8,12.603125,1.711875,6,61
600,"TA15484",2002,19,"20021P6",1695,20.6,13,8,12.603125,1.711875,6,64
601,"TA15499",2002,19,"20021SW79",1711,16.6,15,9,12.603125,1.711875,6,64
602,"TA15501",2002,19,"20021SW79",1711,18.6,15,9,12.603125,1.711875,6,61
603,"TA15502",2002,19,"20021SW79",1711,20,15,9,12.603125,1.711875,6,62
604,"TA15513",2002,19,"20021SW53",1709,17.8,8,12,12.603125,1.711875,6,61
605,"TA15516",2002,19,"20021P15",1693,20.4,12,10,12.315625,1.34625,7,61
606,"TA15518",2002,19,"20021P15",1693,19.4,12,10,12.315625,1.34625,7,61
607,"TA15522",2002,19,"20021P15",1693,20.2,12,10,12.315625,1.34625,7,61
608,"TA15531",2002,19,"20021SW80A",1712,16.8,13,8,12.840625,1.7525,5,65
609,"TA15539",2002,19,"20021SW31",1706,19.4,16,10,12.840625,1.7525,5,61
610,"TA15541",2002,19,"20021SW31",1706,17.2,16,10,12.840625,1.7525,5,61
611,"TA15546",2002,19,"20021SW112",1698,18,15,9,12.840625,1.7525,5,61
612,"TA15547",2002,19,"20021SW112",1698,21,15,9,12.840625,1.7525,5,61
613,"TA15559",2002,19,"20021SW126",1701,19.9,18,5,12.840625,1.7525,5,61
614,"TA15577",2002,19,"20021O65",1685,17,13,10,13.028125,2.129375,4,61
615,"TA15588",2002,19,"20021O20",1682,19.5,9,9,13.028125,2.129375,4,62
616,"TA15596",2002,19,"20021SW1",1696,17.4,20,8,13.15625,2.195625,3,61
617,"TA15601",2002,19,"20021SW106",1697,17.8,15,8,13.15625,2.195625,3,61
618,"TA15607",2002,19,"20021O72",1686,18.2,19,7,13.20625,2.585,2,63
619,"TA15668",2002,19,"20021O79",1689,19.6,22,7,13.04375,2.753125,1,61
620,"TA15720",2002,19,"20021SW115",1699,17.9,20,7,12.94375,2.59,1,61
621,"TA15724",2002,19,"20021O59",1684,20.6,20,9,12.94375,2.59,1,61
622,"TA15730",2002,19,"20021O59",1684,18.6,20,9,12.94375,2.59,1,61
623,"TA15731",2002,19,"20021O59",1684,21.8,20,9,12.94375,2.59,1,61
624,"TA15746",2002,19,"20021P23",1694,18.2,21,7,12.996875,2.43375,3,61
625,"TA15755",2002,19,"20021SW18",1704,17.2,46,9,14.340625,1.80875,21,61
626,"TA15815",2004,21,"20041SW33",1899,16.7,20,5,12.771875,0.67875,3,69
627,"TA15833",2004,21,"20041P23",1892,17.3,28,7,12.79375,0.8375,6,69
628,"TA15836",2004,21,"20041P23",1892,18,28,7,12.79375,0.8375,6,72
629,"TA15841",2004,21,"20041O71",1888,17,29,11,12.975,0.76875,7,69
630,"TA15843",2004,21,"20041O71",1888,19.2,29,11,12.975,0.76875,7,69
631,"TA15923",2005,22,"20051W60",2026,19.3,26,7,13.01875,1.454375,2,74
632,"TA15928",2005,22,"20051W60",2026,19.1,26,7,13.01875,1.454375,2,74
633,"TA15939",2005,22,"20051W17",2018,21,28,9,13.01875,1.454375,2,74
634,"TA15992",2005,22,"20051W71",2028,14.1,26,7,13.746875,1.19375,8,74
635,"TA16002",2002,19,"20021MP79",1676,17.5,7,5,9.775,2.10125,15,61
636,"TA16003",2002,19,"20021MP79",1676,18.3,7,5,9.775,2.10125,15,61
637,"TA16008",2002,19,"20021B154",1578,18,8,8,10.13125,1.69125,13,62
638,"TA16029",2002,19,"20021MP45",1667,18.4,9,8,10.83125,0.9525,11,61
639,"TA16031",2002,19,"20021MP34",1664,16.8,9,9,10.83125,0.9525,11,61
640,"TA16048",2002,19,"20021B30",1587,18.9,8,8,10.83125,0.9525,11,62
641,"TA16053",2002,19,"20021B30",1587,17.5,8,8,10.83125,0.9525,11,61
642,"TA16059",2002,19,"20021MP93",1679,18.4,13,7,10.83125,0.9525,11,61
643,"TA16067",2002,19,"20021MP74",1674,18.7,6,11,10.83125,0.9525,11,63
644,"TA16082",2002,19,"20021MP52",1669,17.6,9,10,11.321875,1.22875,10,62
645,"TA16086",2002,19,"20021MP52",1669,18.7,9,10,11.321875,1.22875,10,61
646,"TA16099",2002,19,"20021MP37",1665,19.9,12,9,11.321875,1.22875,10,65
647,"TA16103",2002,19,"20021MP37",1665,18.8,12,9,11.321875,1.22875,10,61
648,"TA16115",2002,19,"20021MP38",1666,18.2,14,9,11.321875,1.22875,10,61
649,"TA16116",2002,19,"20021MP38",1666,18.3,14,9,11.321875,1.22875,10,61
650,"TA16121",2002,19,"20021MP20",1661,19.1,8,11,11.321875,1.22875,10,61
651,"TA16125",2002,19,"20021MP20",1661,19.7,8,11,11.321875,1.22875,10,62
652,"TA16146",2002,19,"20021B79A",1592,17.8,10,10,11.321875,1.22875,10,64
653,"TA16149",2002,19,"20021B79A",1592,18.5,10,10,11.321875,1.22875,10,61
654,"TA16153",2002,19,"20021B152",1577,18.5,10,7,11.321875,1.22875,10,62
655,"TA16159",2002,19,"20021B7",1591,18,10,6,11.321875,1.22875,10,61
656,"TA16164",2002,19,"20021B102",1572,18.4,11,7,11.321875,1.22875,10,61
657,"TA16176",2002,19,"20021MP62",1670,19,6,11,11.621875,1.1375,9,61
658,"TA16181",2002,19,"20021MP76",1675,18.1,8,9,11.621875,1.1375,9,61
659,"TA16183",2002,19,"20021MP76",1675,18.6,8,9,11.621875,1.1375,9,63
660,"TA16184",2002,19,"20021MP76",1675,16.8,8,9,11.621875,1.1375,9,63
661,"TA16185",2002,19,"20021MP76",1675,18.3,8,9,11.621875,1.1375,9,62
662,"TA16201",2002,19,"20021MP7",1671,16.8,15,8,11.621875,1.1375,9,61
663,"TA16211",2002,19,"20021B23",1584,18.7,12,7,11.621875,1.1375,9,61
664,"TA16220",2002,19,"20021B51",1590,18.6,14,7,11.621875,1.1375,9,61
665,"TA16221",2002,19,"20021B51",1590,19.5,14,7,11.621875,1.1375,9,62
666,"TA16228",2002,19,"20021B4",1589,18.6,14,8,11.621875,1.1375,9,61
667,"TA16230",2002,19,"20021B4",1589,16.5,14,8,11.621875,1.1375,9,61
668,"TA16234",2002,19,"20021B4",1589,19.9,14,8,11.621875,1.1375,9,62
669,"TA16238",2002,19,"20021MP71",1673,17.6,14,7,11.921875,1.08125,8,62
670,"TA16239",2002,19,"20021MP71",1673,18.8,14,7,11.921875,1.08125,8,61
671,"TA16240",2002,19,"20021MP71",1673,18.5,14,7,11.921875,1.08125,8,64
672,"TA16269",2002,19,"20021MP13",1659,17.8,17,7,11.921875,1.08125,8,62
673,"TA16273",2002,19,"20021B207",1583,18.2,14,7,11.921875,1.08125,8,63
674,"TA16274",2002,19,"20021B207",1583,20.2,14,7,11.921875,1.08125,8,61
675,"TA16276",2002,19,"20021B207",1583,19.7,14,7,11.921875,1.08125,8,62
676,"TA16299",2002,19,"20021MP70",1672,19.7,12,6,12.315625,1.34625,7,64
677,"TA16347",2002,19,"20021MP18",1660,14.7,11,10,12.840625,1.7525,5,61
678,"TA16360",2002,19,"20021B24",1585,18.1,15,9,12.603125,1.711875,6,62
679,"TA16385",2002,19,"20021B164",1581,15.6,16,9,12.603125,1.711875,6,62
680,"TA16392",2002,19,"20021B161",1580,20,18,7,12.603125,1.711875,6,61
681,"TA16394",2002,19,"20021B155",1579,18.9,18,8,12.840625,1.7525,5,62
682,"TA16395",2002,19,"20021B155",1579,18,18,8,12.840625,1.7525,5,61
683,"TA16399",2002,19,"20021B155",1579,18.7,18,8,12.840625,1.7525,5,63
684,"TA16408",2002,19,"20021MP25",1663,17.6,14,10,12.840625,1.7525,5,61
685,"TA16409",2002,19,"20021MP25",1663,16.4,14,10,12.840625,1.7525,5,62
686,"TA16420",2002,19,"20021B91",1595,18.1,18,8,12.840625,1.7525,5,61
687,"TA16421",2002,19,"20021B91",1595,19.2,18,8,12.840625,1.7525,5,61
688,"TA16427",2002,19,"20021MP9",1678,18,12,9,12.840625,1.7525,5,61
689,"TA16432",2002,19,"20021MP9",1678,19.5,12,9,12.840625,1.7525,5,62
690,"TA16439",2002,19,"20021B86",1593,18.2,17,10,12.840625,1.7525,5,62
691,"TA16440",2002,19,"20021B86",1593,18.6,17,10,12.840625,1.7525,5,62
692,"TA16457",2002,19,"20021MP46",1668,18.7,18,9,13.028125,2.129375,4,61
693,"TA16463",2002,19,"20021MP83",1677,19.6,16,6,13.028125,2.129375,4,62
694,"TA16467",2002,19,"20021B25",1586,20.2,17,7,13.028125,2.129375,4,61
695,"TA16472",2002,19,"20021B11",1573,19.2,17,9,13.028125,2.129375,4,62
696,"TA16484",2002,19,"20021B89",1594,18.4,19,9,13.028125,2.129375,4,61
697,"TA16487",2002,19,"20021B89",1594,17.9,19,9,13.028125,2.129375,4,61
698,"TA16488",2002,19,"20021B89",1594,17.5,19,9,13.028125,2.129375,4,61
699,"TA16514",2002,19,"20021B131",1575,19.9,18,9,13.20625,2.585,2,63
700,"TA16519",2002,19,"20021B139",1576,20.5,20,7,13.20625,2.585,2,63
701,"TA16544",2002,19,"20021B92",1596,19.2,21,9,13.04375,2.753125,1,61
702,"TA16549",2002,19,"20021B92",1596,17,21,9,13.04375,2.753125,1,61
703,"TA16557",2002,19,"20021B116",1574,17.9,20,10,13.04375,2.753125,1,61
704,"TA16565",2002,19,"20021MP21",1662,14.7,16,9,12.940625,2.74375,0,61
705,"TA16588",2002,19,"20021B34",1588,17,20,8,12.940625,2.74375,0,61
706,"TA16589",2002,19,"20021B190",1582,17.3,24,7,12.940625,2.74375,0,61
707,"TA16592",2002,19,"20021B190",1582,18.8,24,7,12.940625,2.74375,0,62
708,"TA16651",2005,22,"20051CP33",1947,16.2,24,9,12.40625,1.3225,0,74
709,"TA16655",2005,22,"20051CP33",1947,16.3,24,9,12.40625,1.3225,0,75
710,"TA16661",2005,22,"20051CP19",1944,19.5,27,5,12.40625,1.3225,0,74
711,"TA16663",2005,22,"20051CP19",1944,19,27,5,12.40625,1.3225,0,77
712,"TA16664",2005,22,"20051CP19",1944,19.2,27,5,12.40625,1.3225,0,75
713,"TA16681",2005,22,"20051W94",2032,18.8,26,9,12.40625,1.3225,0,76
714,"TA16682",2005,22,"20051W94",2032,18.5,26,9,12.40625,1.3225,0,74
715,"TA16701",2002,19,"20021EX5",1642,18.7,12,8,12.840625,1.7525,5,61
716,"TA16706",2002,19,"20021EX25",1629,19.5,25,3,12.840625,1.7525,5,61
717,"TA16718",2002,19,"20021W61",1721,19.1,10,11,12.840625,1.7525,5,62
718,"TA16721",2002,19,"20021W61",1721,18,10,11,12.840625,1.7525,5,61
719,"TA16723",2002,19,"20021W61",1721,18.9,10,11,12.840625,1.7525,5,61
720,"TA16744",2002,19,"20021W81",1727,20,17,9,12.840625,1.7525,5,64
721,"TA16749",2002,19,"20021EX84",1656,19.1,19,8,13.028125,2.129375,4,61
722,"TA16754",2002,19,"20021W87",1728,19.7,20,9,13.028125,2.129375,4,62
723,"TA16757",2002,19,"20021W87",1728,18.7,20,9,13.028125,2.129375,4,62
724,"TA16759",2002,19,"20021W87",1728,19.9,20,9,13.028125,2.129375,4,61
725,"TA16761",2002,19,"20021W87",1728,20,20,9,13.028125,2.129375,4,64
726,"TA16781",2002,19,"20021CP5B",1624,19.3,18,9,13.028125,2.129375,4,61
727,"TA16786",2002,19,"20021CP35",1618,18.7,14,11,13.028125,2.129375,4,61
728,"TA16787",2002,19,"20021CP35",1618,18.8,14,11,13.028125,2.129375,4,61
729,"TA16793",2002,19,"20021CP35",1618,19.5,14,11,13.028125,2.129375,4,63
730,"TA16800",2002,19,"20021EX28",1631,18.6,10,5,13.028125,2.129375,4,63
731,"TA16808",2002,19,"20021EX41D",1638,18.4,17,8,13.15625,2.195625,3,62
732,"TA16833",2002,19,"20021W58",1719,18.3,19,6,13.15625,2.195625,3,62
733,"TA16839",2002,19,"20021W3",1716,17.4,19,9,13.15625,2.195625,3,61
734,"TA16843",2002,19,"20021W3",1716,17.4,19,9,13.15625,2.195625,3,61
735,"TA16845",2002,19,"20021W3",1716,17.9,19,9,13.15625,2.195625,3,61
736,"TA16848",2002,19,"20021EX90",1657,17.8,20,4,13.20625,2.585,2,62
737,"TA16851",2002,19,"20021EX90",1657,18.7,20,4,13.20625,2.585,2,61
738,"TA16861",2002,19,"20021EX4",1635,17.9,17,8,13.20625,2.585,2,65
739,"TA16864",2002,19,"20021EX4",1635,18.2,17,8,13.20625,2.585,2,63
740,"TA16865",2002,19,"20021EX4",1635,18.6,17,8,13.20625,2.585,2,61
741,"TA16894",2002,19,"20021EX51D",1643,19.5,19,7,13.20625,2.585,2,61
742,"TA16896",2002,19,"20021W6",1720,20.2,19,10,13.20625,2.585,2,61
743,"TA16901",2002,19,"20021W6",1720,19.3,19,10,13.20625,2.585,2,61
744,"TA16908",2002,19,"20021W24",1715,20.7,21,6,13.20625,2.585,2,61
745,"TA16909",2002,19,"20021W24",1715,19.8,21,6,13.20625,2.585,2,61
746,"TA16923",2002,19,"20021EX43C",1639,19.3,21,8,13.04375,2.753125,1,61
747,"TA16926",2002,19,"20021EX43C",1639,18.2,21,8,13.04375,2.753125,1,62
748,"TA16928",2002,19,"20021EX43C",1639,18.6,21,8,13.04375,2.753125,1,62
749,"TA16957",2002,19,"20021CP24",1616,17.4,17,10,12.940625,2.74375,0,61
750,"TA16959",2002,19,"20021CP1",1614,18.2,19,9,12.940625,2.74375,0,63
751,"TA16966",2002,19,"20021CP1",1614,18.5,19,9,12.940625,2.74375,0,61
752,"TA16975",2002,19,"20021EX8",1655,19.9,15,10,12.94375,2.59,1,61
753,"TA16995",2002,19,"20021CP43",1623,17.9,20,7,12.94375,2.59,1,61
754,"TB21501",2003,20,"20031MP35",1756,18.7,10,8,10.6375,1.536875,11,68
755,"TB21507",2003,20,"20031MP35",1756,17.3,10,8,10.6375,1.536875,11,66
756,"TB21524",2003,20,"20031MP79",1761,19.9,15,4,10.803125,1.8025,7,66
757,"TB21526",2003,20,"20031MP79",1761,18.1,15,4,10.803125,1.8025,7,66
758,"TB21528",2003,20,"20031MP77",1760,19.8,11,10,10.565625,1.976875,6,67
759,"TB21613",2003,20,"20031MP70",1759,20.6,20,9,11.09375,2.651875,0,68
760,"TB21620",2003,20,"20031B69",1736,18.9,20,4,11.09375,2.651875,0,66
761,"TB21623",2003,20,"20031B69",1736,17.4,20,4,11.09375,2.651875,0,66
762,"TB21633",2003,20,"20031P13",1766,16.2,18,6,11.371875,2.60875,1,66
763,"TB21634",2003,20,"20031P13",1766,18.6,18,6,11.371875,2.60875,1,66
764,"TB21644",2003,20,"20031P4",1768,17,18,10,11.371875,2.60875,1,67
765,"TB21648",2003,20,"20031B62A",1735,18.5,23,7,11.371875,2.60875,1,68
766,"TB21664",2003,20,"20031MP45",1757,19.2,20,9,11.371875,2.60875,1,66
767,"TB21667",2003,20,"20031MP45",1757,19.1,20,9,11.371875,2.60875,1,66
768,"TB21811",2003,20,"20031MP27",1755,17.5,25,8,12.7875,2.231875,4,66
769,"TB21870",2003,20,"20031MP46",1758,17.1,17,10,13.425,2.07375,5,66
770,"TB21933",2003,20,"20031B137",1732,17.9,28,6,13.8875,2.204375,6,66
771,"TB21936",2003,20,"20031B137",1732,17.8,28,6,13.8875,2.204375,6,66
772,"TB26009",2004,21,"20041MP44",1865,18.6,6,12,11.2125,1.97375,14,71
773,"TB26015",2004,21,"20041MP79",1875,18.2,11,4,11.2125,1.97375,14,70
774,"TB26018",2004,21,"20041MP79",1875,18.5,11,4,11.2125,1.97375,14,69
775,"TB26037",2004,21,"20041MP65",1869,18.6,9,10,12.415625,0.91875,9,69
776,"TB26045",2004,21,"20041MP65",1869,18,9,10,12.415625,0.91875,9,69
777,"TB26053",2004,21,"20041MP73",1872,17,13,10,12.565625,0.74375,8,69
778,"TB26054",2004,21,"20041MP73",1872,18.1,13,10,12.565625,0.74375,8,69
779,"TB26055",2004,21,"20041MP73",1872,17,13,10,12.565625,0.74375,8,69
780,"TB26068",2004,21,"20041MP45",1866,19.3,12,8,12.565625,0.74375,8,69
781,"TB26071",2004,21,"20041MP29",1864,16.3,43,9,12.575,0.743125,7,71
782,"TB26074",2004,21,"20041MP29",1864,17.4,43,9,12.575,0.743125,7,70
783,"TB26077",2004,21,"20041MP29",1864,16.4,43,9,12.575,0.743125,7,72
784,"TB26082",2004,21,"20041MP52",1867,18.3,19,7,12.575,0.743125,7,69
785,"TB26085",2004,21,"20041MP52",1867,18.2,19,7,12.575,0.743125,7,72
786,"TB26097",2004,21,"20041MP67",1870,16.8,18,6,12.640625,0.19875,6,72
787,"TB26105",2004,21,"20041MP76",1874,16.9,14,9,12.640625,0.19875,6,69
788,"TB26120",2004,21,"20041MP25",1863,18.8,18,7,12.640625,0.19875,6,70
789,"TB26121",2004,21,"20041MP25",1863,18.6,18,7,12.640625,0.19875,6,71
790,"TB26122",2004,21,"20041MP25",1863,19,18,7,12.640625,0.19875,6,69
791,"TB26140",2004,21,"20041MP88",1876,18.2,16,9,12.640625,0.19875,6,69
792,"TB26142",2004,21,"20041MP88",1876,19.3,16,9,12.640625,0.19875,6,69
793,"TB26144",2004,21,"20041MP59",1868,19,19,8,12.7375,0.158125,5,70
794,"TB26166",2004,21,"20041MP70",1871,19.5,22,8,12.6125,0.145,3,70
795,"TB26185",2004,21,"20041MP18",1861,17.8,22,8,12.640625,0.145,2,69
796,"TB26193",2004,21,"20041MP2",1862,19.2,18,6,12.640625,0.145,2,71
797,"TB26213",2004,21,"20041MP75",1873,18.2,13,8,12.415625,0.91875,9,69
798,"TB26221",2004,21,"20041B123",1788,18.4,16,6,12.575,0.743125,7,71
799,"TB26267",2004,21,"20041B121",1787,19.2,26,6,12.678125,0.174375,1,69
800,"TB26276",2004,21,"20041B217",1799,20.4,25,6,12.859375,0.285,0,69
801,"TB26283",2004,21,"20041B225",1800,17.7,23,8,12.884375,0.355,1,69
802,"TB26327",2004,21,"20041B201",1795,18.9,17,6,12.565625,0.74375,8,69
803,"TB26336",2004,21,"20041B208",1797,20.4,15,7,12.565625,0.74375,8,69
804,"TB26349",2004,21,"20041B215",1798,17.4,16,8,12.565625,0.74375,8,69
805,"TB26356",2004,21,"20041EX2",1827,18,16,9,12.565625,0.74375,8,69
806,"TB26361",2004,21,"20041EX7",1849,19.6,10,9,12.565625,0.74375,8,69
807,"TB26362",2004,21,"20041EX7",1849,18.4,10,9,12.565625,0.74375,8,71
808,"TB26367",2004,21,"20041EX7",1849,18.6,10,9,12.565625,0.74375,8,69
809,"TB26377",2004,21,"20041EX13",1824,18.4,15,9,12.565625,0.74375,8,71
810,"TB26378",2004,21,"20041EX19",1826,20.6,12,12,12.565625,0.74375,8,69
811,"TB26383",2004,21,"20041EX19",1826,18.3,12,12,12.565625,0.74375,8,69
812,"TB26387",2004,21,"20041EX19",1826,16.9,12,12,12.565625,0.74375,8,70
813,"TB26389",2004,21,"20041EX19",1826,19.1,12,12,12.565625,0.74375,8,69
814,"TB26510",2004,21,"20041B81",1806,17.1,15,10,12.575,0.743125,7,69
815,"TB26517",2004,21,"20041EX68",1848,17.4,16,8,12.565625,0.74375,8,69
816,"TB26520",2004,21,"20041EX68",1848,18.1,16,8,12.565625,0.74375,8,69
817,"TB26552",2004,21,"20041B199",1794,18.3,19,8,12.640625,0.19875,6,69
818,"TB26555",2004,21,"20041EX43D",1837,18.6,17,9,12.575,0.743125,7,69
819,"TB26574",2004,21,"20041EX36",1832,17.5,17,9,12.640625,0.19875,6,69
820,"TB26577",2004,21,"20041EX36",1832,18.4,17,9,12.640625,0.19875,6,69
821,"TB26579",2004,21,"20041EX36",1832,18.9,17,9,12.640625,0.19875,6,69
822,"TB26583",2004,21,"20041EX10A",1823,17.4,16,4,12.765625,0.105,4,69
823,"TB26591",2004,21,"20041W84",1920,20.6,17,8,12.640625,0.19875,6,69
824,"TB26596",2004,21,"20041W103",1907,18.6,18,9,12.7375,0.158125,5,70
825,"TB26600",2004,21,"20041W103",1907,18.5,18,9,12.7375,0.158125,5,71
826,"TB26601",2004,21,"20041EX51D",1841,18.6,15,8,12.415625,0.91875,9,73
827,"TB26607",2004,21,"20041EX51C",1840,17.4,13,9,12.415625,0.91875,9,70
828,"TB26609",2004,21,"20041EX51C",1840,16.9,13,9,12.415625,0.91875,9,69
829,"TB26611",2004,21,"20041EX51C",1840,16.7,13,9,12.415625,0.91875,9,69
830,"TB26623",2004,21,"20041EX54",1842,18.4,16,7,12.415625,0.91875,9,69
831,"TB26624",2004,21,"20041EX54",1842,18,16,7,12.415625,0.91875,9,69
832,"TB26643",2004,21,"20041EX55",1843,18.4,12,11,12.565625,0.74375,8,69
833,"TB26647",2004,21,"20041EX55",1843,17.6,12,11,12.565625,0.74375,8,69
834,"TB26651",2004,21,"20041EX55",1843,17.9,12,11,12.565625,0.74375,8,69
835,"TB26658",2004,21,"20041W76",1916,19.7,17,9,12.565625,0.74375,8,71
836,"TB26660",2004,21,"20041W76",1916,18.9,17,9,12.565625,0.74375,8,69
837,"TB26663",2004,21,"20041EX75",1853,17.4,15,11,12.575,0.743125,7,70
838,"TB26668",2004,21,"20041EX75",1853,18.1,15,11,12.575,0.743125,7,69
839,"TB26670",2004,21,"20041EX75",1853,16.8,15,11,12.575,0.743125,7,69
840,"TB26672",2004,21,"20041EX41C",1835,19.4,17,10,12.575,0.743125,7,70
841,"TB26674",2004,21,"20041EX41C",1835,17.9,17,10,12.575,0.743125,7,69
842,"TB26680",2004,21,"20041EX41C",1835,18.7,17,10,12.575,0.743125,7,69
843,"TB26693",2004,21,"20041EX39",1834,17.7,17,11,12.575,0.743125,7,70
844,"TB26694",2004,21,"20041EX39",1834,17.8,17,11,12.575,0.743125,7,70
845,"TB26696",2004,21,"20041EX39",1834,18.5,17,11,12.575,0.743125,7,69
846,"TB26699",2004,21,"20041EX39",1834,17.6,17,11,12.575,0.743125,7,69
847,"TB26723",2006,23,"20061MP15",2113,18.2,18,8,12.815625,3.53875,11,78
848,"TB26724",2006,23,"20061MP15",2113,16.8,18,8,12.815625,3.53875,11,79
849,"TB26731",2006,23,"20061MP20",2115,19.7,17,8,12.815625,3.53875,11,79
850,"TB26734",2006,23,"20061MP20",2115,19.3,17,8,12.815625,3.53875,11,80
851,"TB26783",2006,23,"20061MP46",2117,18.7,18,9,12.271875,3.86875,7,78
852,"TB26839",2006,23,"20061EX29A",2078,18.6,20,10,12.13125,3.636875,6,78
853,"TB26841",2006,23,"20061EX29A",2078,17.5,20,10,12.13125,3.636875,6,79
854,"TB26845",2006,23,"20061EX29A",2078,18.6,20,10,12.13125,3.636875,6,78
855,"TB26883",2006,23,"20061EX65",2101,18.8,26,7,11.65625,3.61125,3,78
856,"TB26884",2006,23,"20061EX26",2077,18.6,26,8,11.521875,3.5975,2,78
857,"TB26890",2006,23,"20061EX26",2077,18,26,8,11.521875,3.5975,2,79
858,"TB26893",2006,23,"20061EX39A",2082,18.2,24,7,11.65625,3.61125,3,78
859,"TB26900",2006,23,"20061P2",2150,17.5,24,9,11.65625,3.61125,3,79
860,"TB27018",2003,20,"20031B24",1734,14.8,33,7,15.109375,1.725,12,68
861,"TB27024",2003,20,"20031B139",1733,17.2,43,5,15.640625,1.901875,21,66
862,"TB27055",2005,22,"20051W89",2031,17.7,19,11,13.45625,1.88625,5,75
863,"TB27061",2005,22,"20051W101",2013,19.2,33,7,13.45625,1.88625,5,75
864,"TB27128",2006,23,"20061C123",2053,20.5,20,9,12.3125,3.76875,8,78
865,"TB27138",2006,23,"20061C30",2058,18.6,20,9,12.3125,3.76875,8,81
866,"TB27160",2006,23,"20061C10",2050,19.5,21,9,12.3125,3.76875,8,79
867,"TB27161",2006,23,"20061C10",2050,20.9,21,9,12.3125,3.76875,8,79
868,"TB27182",2006,23,"20061C143",2055,19,21,7,12.13125,3.636875,6,79
869,"TB27188",2006,23,"20061C49",2059,19.3,23,7,12.13125,3.636875,6,78
870,"TB27200",2006,23,"20061C117",2052,19,25,8,11.865625,3.72875,4,80
871,"TB27233",2007,24,"20071C30",2203,21.5,11,9,11.778125,4.12625,2,82
872,"TB27235",2007,24,"20071C30",2203,20.8,11,9,11.778125,4.12625,2,82
873,"TB27250",2007,24,"20071C8",2209,18.6,11,7,11.91875,4.13875,1,84
874,"TB27253",2007,24,"20071C8",2209,18,11,7,11.91875,4.13875,1,82
875,"TB27254",2007,24,"20071C8",2209,19.8,11,7,11.91875,4.13875,1,83
876,"TB27255",2007,24,"20071C8",2209,19,11,7,11.91875,4.13875,1,82
877,"TB27262",2007,24,"20071C107",2198,19.3,12,7,11.9625,4.174375,0,82
878,"TB27272",2007,24,"20071C141",2201,20.3,13,10,11.9625,4.174375,0,82
879,"TB27277",2007,24,"20071C141",2201,19.8,13,10,11.9625,4.174375,0,82
880,"TB27280",2007,24,"20071C141",2201,19.3,13,10,11.9625,4.174375,0,82
881,"TB27284",2007,24,"20071C108",2199,18.9,13,9,12.046875,4.174375,1,82
882,"TB27289",2007,24,"20071C108",2199,18.7,13,9,12.046875,4.174375,1,82
883,"TB27291",2007,24,"20071C33",2204,19.3,16,7,12.046875,4.174375,1,84
884,"TB27296",2007,24,"20071C33",2204,19,16,7,12.046875,4.174375,1,82
885,"TB27303",2006,23,"20061C160A",2056,18.4,26,6,11.65625,3.61125,3,78
886,"TB27305",2006,23,"20061C160A",2056,17,26,6,11.65625,3.61125,3,78
887,"TB27306",2006,23,"20061C160A",2056,18.5,26,6,11.65625,3.61125,3,78
888,"TB27312",2006,23,"20061C104",2051,18.6,26,7,11.65625,3.61125,3,78
889,"TB27357",2006,23,"20061C23",2057,19.5,28,8,11.5875,2.428125,1,79
890,"TB27416",2007,24,"20071C49",2207,19.6,15,9,12.046875,4.174375,1,82
891,"TB27439",2007,24,"20071C54",2208,19,16,8,12.046875,4.174375,1,83
892,"TB27445",2007,24,"20071C135",2200,18.4,14,8,12.046875,4.174375,1,83
893,"TB27452",2007,24,"20071C4",2205,18.8,16,8,12.046875,4.174375,1,83
894,"TB27473",2007,24,"20071C42",2206,21,18,7,12.0875,4.113125,3,82
895,"TB27475",2007,24,"20071C42",2206,19.9,18,7,12.0875,4.113125,3,82
896,"TC25860",2007,24,"20071CP42A",2217,17,14,8,12.05,4.179375,2,83
897,"TC25886",2007,24,"20071CP15",2210,20,15,8,12.05,4.179375,2,83
898,"TC25893",2007,24,"20071CP15",2210,20.8,15,8,12.05,4.179375,2,82
899,"TC25899",2007,24,"20071EX67",2241,19.1,18,6,12.0875,4.113125,3,82
900,"TC58014",2004,21,"20041B169",1792,18.7,17,11,12.7375,0.158125,5,70
901,"TC58015",2004,21,"20041B169",1792,19.5,17,11,12.7375,0.158125,5,69
902,"TC58017",2004,21,"20041B169",1792,19,17,11,12.7375,0.158125,5,69
903,"TC58018",2004,21,"20041B169",1792,19.1,17,11,12.7375,0.158125,5,69
904,"TC58024",2004,21,"20041EX38A",1833,19.1,17,8,12.640625,0.19875,6,69
905,"TC58032",2004,21,"20041EX34",1831,19.5,18,10,12.640625,0.19875,6,70
906,"TC58038",2004,21,"20041EX34",1831,18.6,18,10,12.640625,0.19875,6,69
907,"TC58041",2004,21,"20041W16",1908,20.7,17,1,12.7375,0.158125,5,70
908,"TC58046",2004,21,"20041W16",1908,18.5,17,1,12.7375,0.158125,5,71
909,"TC58047",2004,21,"20041W16",1908,19.9,17,1,12.7375,0.158125,5,72
910,"TC58049",2004,21,"20041B165",1791,18,19,9,12.765625,0.105,4,70
911,"TC58054",2004,21,"20041B165",1791,19.1,19,9,12.765625,0.105,4,69
912,"TC58056",2004,21,"20041B165",1791,19,19,9,12.765625,0.105,4,69
913,"TC58091",2004,21,"20041B55",1804,17.9,20,9,12.6125,0.145,3,69
914,"TC58094",2004,21,"20041EX64",1845,19,22,8,12.6125,0.145,3,70
915,"TC58095",2004,21,"20041EX64",1845,20.1,22,8,12.6125,0.145,3,69
916,"TC58099",2004,21,"20041EX64",1845,18.3,22,8,12.6125,0.145,3,69
917,"TC58100",2004,21,"20041EX64",1845,19.3,22,8,12.6125,0.145,3,71
918,"TC58112",2004,21,"20041SW16",1897,18.2,18,10,12.6125,0.145,3,69
919,"TC58114",2004,21,"20041SW16",1897,18.3,18,10,12.6125,0.145,3,70
920,"TC58123",2004,21,"20041B164",1790,18.5,21,8,12.640625,0.145,2,69
921,"TC58132",2004,21,"20041B175",1793,17.8,21,9,12.640625,0.145,2,69
922,"TC58137",2004,21,"20041EX42A",1836,19,19,9,12.678125,0.174375,1,69
923,"TC58140",2004,21,"20041EX42A",1836,18.5,19,9,12.678125,0.174375,1,69
924,"TC58142",2004,21,"20041EX42A",1836,18.1,19,9,12.678125,0.174375,1,69
925,"TC58154",2004,21,"20041EX47A",1839,19.5,20,9,12.640625,0.145,2,69
926,"TC58158",2004,21,"20041B39",1802,17.5,24,8,12.859375,0.285,0,73
927,"TC58161",2004,21,"20041B39",1802,19.1,24,8,12.859375,0.285,0,69
928,"TC58162",2004,21,"20041B39",1802,18.4,24,8,12.859375,0.285,0,69
929,"TC58168",2004,21,"20041B34",1801,18.9,24,9,12.859375,0.285,0,69
930,"TC58171",2004,21,"20041B34",1801,17.5,24,9,12.859375,0.285,0,69
931,"TC58172",2004,21,"20041EX15",1825,18.3,22,11,12.859375,0.285,0,69
932,"TC58178",2004,21,"20041EX15",1825,19.9,22,11,12.859375,0.285,0,71
933,"TC58182",2004,21,"20041EX15",1825,19.5,22,11,12.859375,0.285,0,72
934,"TC58183",2004,21,"20041EX73A",1851,21.4,25,8,12.859375,0.285,0,69
935,"TC58184",2004,21,"20041EX73A",1851,21.6,25,8,12.859375,0.285,0,70
936,"TC58185",2004,21,"20041EX73A",1851,19.6,25,8,12.859375,0.285,0,69
937,"TC58188",2004,21,"20041EX73A",1851,19.5,25,8,12.859375,0.285,0,69
938,"TC58189",2004,21,"20041EX73A",1851,20.5,25,8,12.859375,0.285,0,69
939,"TC58193",2004,21,"20041B203",1796,16,25,7,12.859375,0.285,0,69
940,"TC58205",2004,21,"20041W94",1922,17.6,17,8,12.575,0.743125,7,71
941,"TC58206",2004,21,"20041W94",1922,18.3,17,8,12.575,0.743125,7,70
942,"TC58220",2004,21,"20041EX73",1850,19.2,18,9,12.640625,0.19875,6,69
943,"TC58229",2004,21,"20041EX62",1844,17.3,16,11,12.640625,0.19875,6,69
944,"TC58235",2004,21,"20041EX62",1844,17.1,16,11,12.640625,0.19875,6,71
945,"TC58246",2004,21,"20041EX20",1828,19,17,10,12.640625,0.19875,6,71
946,"TC58263",2004,21,"20041W78",1918,20.7,18,8,12.7375,0.158125,5,69
947,"TC58270",2004,21,"20041W35",1911,19.2,19,6,12.7375,0.158125,5,69
948,"TC58275",2004,21,"20041EX65",1846,19.5,20,8,12.7375,0.158125,5,71
949,"TC58281",2004,21,"20041EX65",1846,20.2,20,8,12.7375,0.158125,5,69
950,"TC58284",2004,21,"20041EX47",1838,19.1,17,11,12.7375,0.158125,5,72
951,"TC58285",2004,21,"20041EX47",1838,19.4,17,11,12.7375,0.158125,5,73
952,"TC58306",2004,21,"20041EX77",1854,17.9,18,9,12.765625,0.105,4,69
953,"TC58310",2004,21,"20041EX77",1854,18.7,18,9,12.765625,0.105,4,71
954,"TC58321",2004,21,"20041EX80",1857,19,17,11,12.765625,0.105,4,69
955,"TC58323",2004,21,"20041EX80",1857,19,17,11,12.765625,0.105,4,71
956,"TC58340",2004,21,"20041EX67",1847,19.7,19,7,12.6125,0.145,3,69
957,"TC58344",2004,21,"20041EX74",1852,18.7,18,9,12.6125,0.145,3,72
958,"TC58350",2004,21,"20041EX25",1830,18.4,15,8,12.765625,0.105,4,69
959,"TC58351",2004,21,"20041EX25",1830,19.3,15,8,12.765625,0.105,4,69
960,"TC58354",2004,21,"20041EX25",1830,19.7,15,8,12.765625,0.105,4,69
961,"TC58357",2004,21,"20041EX25",1830,20,15,8,12.765625,0.105,4,69
962,"TC58365",2004,21,"20041W80",1919,18.3,21,8,12.6125,0.145,3,69
963,"TC58368",2004,21,"20041W80",1919,17.7,21,8,12.6125,0.145,3,69
964,"TC58369",2004,21,"20041W80",1919,19.3,21,8,12.6125,0.145,3,69
965,"TC58372",2004,21,"20041W80",1919,18.5,21,8,12.6125,0.145,3,71
966,"TC58376",2004,21,"20041W73",1915,19.6,21,9,12.6125,0.145,3,69
967,"TC58377",2004,21,"20041W73",1915,18.2,21,9,12.6125,0.145,3,73
968,"TC58381",2004,21,"20041W73",1915,18.4,21,9,12.6125,0.145,3,69
969,"TC58392",2004,21,"20041W77",1917,17.6,18,8,12.6125,0.145,3,70
970,"TC58394",2004,21,"20041W77",1917,18.7,18,8,12.6125,0.145,3,69
971,"TC58407",2004,21,"20041EX88",1859,19.3,20,8,12.640625,0.145,2,69
972,"TC58408",2004,21,"20041EX88",1859,16.8,20,8,12.640625,0.145,2,69
973,"TC58414",2004,21,"20041EX88",1859,18.2,20,8,12.640625,0.145,2,69
974,"TC58420",2004,21,"20041CP34",1821,18.9,21,11,12.640625,0.145,2,70
975,"TC58458",2004,21,"20041W25",1909,19.4,17,8,12.678125,0.174375,1,72
976,"TC58463",2004,21,"20041W25",1909,19.7,17,8,12.678125,0.174375,1,70
977,"TC58464",2004,21,"20041W25",1909,18.6,17,8,12.678125,0.174375,1,69
978,"TC58469",2004,21,"20041W56",1913,19.2,19,10,12.678125,0.174375,1,70
979,"TC58481",2004,21,"20041CP8",1822,19.8,25,7,12.859375,0.285,0,71
980,"TC58491",2004,21,"20041W93",1921,18.4,24,10,12.859375,0.285,0,69
981,"TC58497",2004,21,"20041W93",1921,17.8,24,10,12.859375,0.285,0,71
982,"TC58504",2004,21,"20041CP33",1820,20,27,7,12.859375,0.285,0,69
983,"TC58505",2004,21,"20041CP33",1820,19,27,7,12.859375,0.285,0,69
984,"TC58508",2004,21,"20041EX81A",1858,18.6,22,9,12.884375,0.355,1,69
985,"TC58510",2004,21,"20041EX81A",1858,18.5,22,9,12.884375,0.355,1,70
986,"TC58515",2004,21,"20041EX81A",1858,18.4,22,9,12.884375,0.355,1,69
987,"TC58521",2004,21,"20041W29",1910,20.6,17,10,12.884375,0.355,1,69
988,"TC58534",2004,21,"20041EX21",1829,18.9,22,11,12.84375,0.618125,2,70
989,"TC58559",2004,21,"20041EX8",1856,17.8,20,11,12.84375,0.618125,2,69
990,"TC58563",2004,21,"20041CP24",1819,18.7,25,4,12.771875,0.67875,3,70
991,"TC58574",2004,21,"20041W64A",1914,18.2,25,9,12.7375,0.6875,4,69
992,"TC58577",2004,21,"20041W64A",1914,17.6,25,9,12.7375,0.6875,4,72
993,"TC58580",2004,21,"20041W64A",1914,18.3,25,9,12.7375,0.6875,4,69
994,"TC58583",2004,21,"20041W49",1912,17.8,34,8,13.378125,0.75625,8,71
995,"TC58585",2004,21,"20041W49",1912,18.2,34,8,13.378125,0.75625,8,69
996,"TC58613",2007,24,"20071EX52",2236,19.9,12,9,11.778125,4.12625,2,83
997,"TC58622",2007,24,"20071EX65",2240,18.9,16,7,11.9625,4.174375,0,82
998,"TC58624",2007,24,"20071EX65",2240,20.5,16,7,11.9625,4.174375,0,82
999,"TC58628",2007,24,"20071EX51",2235,18.8,15,7,11.9625,4.174375,0,82
1000,"TC58631",2007,24,"20071EX51",2235,19.6,15,7,11.9625,4.174375,0,83
1001,"TC58632",2007,24,"20071EX51",2235,19.4,15,7,11.9625,4.174375,0,84
1002,"TC58648",2007,24,"20071EX62B",2239,19.8,15,9,12.046875,4.174375,1,82
1003,"TC58655",2007,24,"20071EX62A",2238,19.6,14,10,12.046875,4.174375,1,83
1004,"TC58698",2007,24,"20071CP40A",2216,18,13,11,12.046875,4.174375,1,82
1005,"TC58781",2005,22,"20051W46",2023,17.8,16,9,9.65,1.149375,7,74
1006,"TC58785",2005,22,"20051W46",2023,19.6,16,9,9.65,1.149375,7,74
1007,"TC58788",2005,22,"20051W46",2023,19.1,16,9,9.65,1.149375,7,74
1008,"TC58791",2005,22,"20051W26",2019,18.6,14,10,9.65,1.149375,7,74
1009,"TC58792",2005,22,"20051W26",2019,19.3,14,10,9.65,1.149375,7,74
1010,"TC58795",2005,22,"20051W26",2019,18.9,14,10,9.65,1.149375,7,74
1011,"TC58797",2005,22,"20051W26",2019,18.5,14,10,9.65,1.149375,7,75
1012,"TC58812",2005,22,"20051W3",2022,18.3,18,8,10.171875,1.07625,6,75
1013,"TC58817",2005,22,"20051W3",2022,18.4,18,8,10.171875,1.07625,6,74
1014,"TC58826",2005,22,"20051CP4",1948,19.4,18,8,10.171875,1.07625,6,75
1015,"TC58827",2005,22,"20051CP4",1948,19.9,18,8,10.171875,1.07625,6,74
1016,"TC58837",2005,22,"20051W14",2016,19.6,23,6,11.51875,1.07,4,75
1017,"TC58868",2005,22,"20051P7",2000,19.2,22,8,11.946875,1.07,3,76
1018,"TC58902",2004,21,"20041B16",1789,18.8,28,7,12.771875,0.67875,3,69
1019,"TC58907",2004,21,"20041B16",1789,17.5,28,7,12.771875,0.67875,3,69
1020,"TC58911",2004,21,"20041B8",1805,18.8,28,5,12.771875,0.67875,3,69
1021,"TC58930",2007,24,"20071CP8",2218,21,21,7,12.659375,3.490625,6,82
1022,"TC58932",2007,24,"20071CP8",2218,20.2,21,7,12.659375,3.490625,6,84
1023,"TC58947",2007,24,"20071CP31",2213,19.8,21,7,12.659375,3.490625,6,82
1024,"TC58964",2007,24,"20071EX73",2243,19.3,21,9,12.546875,3.125625,7,83
1025,"TC58975",2007,24,"20071CP28",2211,17.2,21,10,12.546875,3.125625,7,84
1026,"TC59009",2005,22,"20051EX47A",1964,18.5,27,9,13.409375,1.83875,3,74
1027,"TC59019",2005,22,"20051EX43E",1963,18.2,26,10,13.409375,1.83875,3,75
1028,"TC59023",2005,22,"20051EX43E",1963,19,26,10,13.409375,1.83875,3,75
1029,"TC59028",2005,22,"20051EX51C",1966,20.2,27,9,13.409375,1.83875,3,75
1030,"TC59041",2005,22,"20051O101",1983,19.9,27,10,13.409375,1.83875,3,74
1031,"TC59093",2005,22,"20051CP30",1946,19.1,31,9,13.465625,1.865,4,74
1032,"TC59098",2005,22,"20051CP43",1950,18.9,32,7,13.465625,1.865,4,74
1033,"TC59159",2006,23,"20061SW47",2161,17.8,19,10,12.3125,3.76875,8,81
1034,"TC59161",2006,23,"20061P6",2152,18.7,20,7,12.3125,3.76875,8,78
1035,"TC59163",2006,23,"20061P6",2152,18.2,20,7,12.3125,3.76875,8,78
1036,"TC59180",2006,23,"20061SW105",2153,19.8,22,9,12.13125,3.636875,6,78
1037,"TC59182",2006,23,"20061SW105",2153,21.2,22,9,12.13125,3.636875,6,78
1038,"TC59195",2006,23,"20061EX62",2096,19.8,21,9,12.13125,3.636875,6,80
1039,"TC59198",2006,23,"20061EX62B",2097,17.8,22,9,12.13125,3.636875,6,78
1040,"TC59291",2005,22,"20051EX80",1976,19,34,6,13.5875,1.255625,7,74
1041,"TC59307",2006,23,"20061SW86",2167,17.5,22,7,12.271875,3.86875,7,78
1042,"TC59312",2006,23,"20061SW28",2158,18.5,23,7,12.13125,3.636875,6,78
1043,"TC59320",2006,23,"20061O27",2136,19.5,23,7,12.13125,3.636875,6,78
1044,"TC59340",2006,23,"20061O7",2145,20.1,22,9,12.053125,3.684375,5,79
1045,"TC59352",2006,23,"20061SW43",2160,19.4,24,6,12.053125,3.684375,5,80
1046,"TC59357",2006,23,"20061O63",2144,18.8,27,6,11.865625,3.72875,4,78
1047,"TC59363",2006,23,"20061SW31",2159,17.9,24,10,11.865625,3.72875,4,78
1048,"TC59370",2006,23,"20061SW31",2159,16.6,24,10,11.865625,3.72875,4,78
1049,"TC59394",2006,23,"20061O20",2134,19.2,25,8,11.65625,3.61125,3,78
1050,"TC59396",2006,23,"20061O20",2134,19.1,25,8,11.65625,3.61125,3,79
1051,"TC59399",2006,23,"20061O21",2135,17.9,25,9,11.65625,3.61125,3,78
1052,"TC59401",2005,22,"20051EX84",1977,18.4,29,11,13.61875,1.41625,6,74
1053,"TC59481",2006,23,"20061CP39",2068,17.2,15,8,13.625,3.04,15,78
1054,"TC59485",2006,23,"20061CP43",2069,19.8,23,4,12.3125,3.76875,8,79
1055,"TC59491",2006,23,"20061CP35",2067,19.1,23,9,12.271875,3.86875,7,78
1056,"TC59500",2006,23,"20061EX71",2105,18.1,22,8,12.13125,3.636875,6,80
1057,"TC59601",2006,23,"20061EX20",2076,17.8,20,8,12.3125,3.76875,8,78
1058,"TC59607",2006,23,"20061EX20",2076,19,20,8,12.3125,3.76875,8,78
1059,"TC59608",2006,23,"20061W91",2193,18,22,6,12.053125,3.684375,5,78
1060,"TC59612",2006,23,"20061W91",2193,20.3,22,6,12.053125,3.684375,5,80
1061,"TC59613",2006,23,"20061W91",2193,19.4,22,6,12.053125,3.684375,5,78
1062,"TC59631",2006,23,"20061W79",2190,19.5,25,6,11.865625,3.72875,4,78
1063,"TC59633",2006,23,"20061W79",2190,20.4,25,6,11.865625,3.72875,4,80
1064,"TC59635",2006,23,"20061W79",2190,20.1,25,6,11.865625,3.72875,4,78
1065,"TC59637",2006,23,"20061EX14",2075,19.2,22,9,12.053125,3.684375,5,78
1066,"TC59645",2006,23,"20061EX14",2075,17.7,22,9,12.053125,3.684375,5,78
1067,"TC59676",2006,23,"20061EX35",2080,18,24,10,11.65625,3.61125,3,78
1068,"TC59691",2006,23,"20061SW5",2162,19.8,24,10,11.521875,3.5975,2,78
1069,"TC59692",2006,23,"20061SW5",2162,19.4,24,10,11.521875,3.5975,2,78
1070,"TC59701",2006,23,"20061EX30",2079,18.4,24,8,11.521875,3.5975,2,78
1071,"TC59703",2006,23,"20061EX30",2079,17.8,24,8,11.521875,3.5975,2,78
1072,"TC59708",2006,23,"20061EX13",2074,19.3,25,10,11.475,3.220625,1,80
1073,"TC59717",2006,23,"20061EX13",2074,18.5,25,10,11.475,3.220625,1,79
1074,"TC59718",2006,23,"20061W77",2189,20,23,11,11.521875,3.5975,2,79
1075,"TC59723",2006,23,"20061W77",2189,17.8,23,11,11.521875,3.5975,2,78
1076,"TC59725",2006,23,"20061W77",2189,18.7,23,11,11.521875,3.5975,2,78
1077,"TC59744",2006,23,"20061W84",2192,20.5,23,7,11.521875,3.5975,2,79
1078,"TC59749",2006,23,"20061EX4",2083,18.6,24,10,11.521875,3.5975,2,79
1079,"TC59751",2006,23,"20061EX4",2083,20.1,24,10,11.521875,3.5975,2,78
1080,"TC59757",2006,23,"20061EX46",2086,20.1,28,7,11.475,3.220625,1,79
1081,"TC59761",2006,23,"20061EX46",2086,18,28,7,11.475,3.220625,1,80
1082,"TC59783",2006,23,"20061SW72",2164,18,24,12,11.475,3.220625,1,79
1083,"TC59784",2006,23,"20061SW72",2164,17.5,24,12,11.475,3.220625,1,78
1084,"TC59802",2006,23,"20061O13",2132,19.1,26,7,11.475,3.220625,1,78
1085,"TC59808",2006,23,"20061O13",2132,17.6,26,7,11.475,3.220625,1,78
1086,"TC59842",2006,23,"20061W80",2191,18.4,28,9,11.475,3.008125,0,79
1087,"TC59873",2006,23,"20061EX43",2084,18,27,10,11.475,3.008125,0,78
1088,"TC59875",2006,23,"20061EX43",2084,18.5,27,10,11.475,3.008125,0,78
1089,"TC59893",2006,23,"20061EX5A",2094,20.1,30,9,11.5875,2.428125,1,79
1090,"TC59916",2006,23,"20061EX10A",2073,18.6,32,8,11.715625,2.271875,2,78
1091,"TC59922",2006,23,"20061EX10A",2073,18.3,32,8,11.715625,2.271875,2,78
1092,"TC59923",2006,23,"20061EX10A",2073,18.5,32,8,11.715625,2.271875,2,78
1093,"TC59927",2006,23,"20061O45",2141,17.6,29,6,11.93125,1.595,3,78
1094,"TC59929",2006,23,"20061O45",2141,20.8,29,6,11.93125,1.595,3,79
1095,"TC59939",2006,23,"20061O40",2140,17.5,33,11,12.28125,1.256875,4,78
1096,"TE03611",2014,31,"20141W18",2672,18,7,9,11.284375,2.30375,14,99
1097,"TE03616",2014,31,"20141W18",2672,18.4,7,9,11.284375,2.30375,14,99
1098,"TE03622",2014,31,"20141CP40",2644,18.9,9,6,11.284375,2.30375,14,98
1099,"TE03625",2014,31,"20141CP37",2643,17.4,10,8,11.56875,2.208125,13,99
1100,"TE03632",2014,31,"20141CP41",2645,18.2,11,8,12.003125,2.2075,12,98
1101,"TE03642",2014,31,"20141EX52",2654,19.4,9,9,12.003125,2.2075,12,98
1102,"TE79023",2005,22,"20051MP55",1981,20.9,16,7,9.375,1.326875,9,74
1103,"TE79037",2005,22,"20051MP42",1980,17.9,16,5,9.375,1.326875,9,75
1104,"TE79039",2005,22,"20051MP42",1980,17.5,16,5,9.375,1.326875,9,76
1105,"TE79069",2005,22,"20051MP70",1982,19.5,21,5,10.784375,1.07125,5,74
1106,"TE79083",2005,22,"20051MP13",1978,18.5,24,6,11.51875,1.07,4,74
1107,"TE79105",2006,23,"20061B15",2039,15.4,19,10,12.3125,3.76875,8,78
1108,"TE79107",2006,23,"20061B15",2039,16.4,19,10,12.3125,3.76875,8,78
1109,"TE79151",2006,23,"20061B112",2036,15.8,20,9,12.13125,3.636875,6,78
1110,"TE79165",2006,23,"20061B80",2046,16.1,22,9,12.13125,3.636875,6,78
1111,"TE79186",2006,23,"20061B89",2047,19,24,6,12.053125,3.684375,5,78
1112,"TE79225",2005,22,"20051W73",2029,18.7,20,10,12.021875,1.191875,2,74
1113,"TE79305",2005,22,"20051B31",1928,17.9,26,5,12.165625,1.31,1,74
1114,"TE79324",2005,22,"20051B72",1929,16.8,27,9,13.01875,1.454375,2,74
1115,"TE79326",2005,22,"20051B72",1929,18.7,27,9,13.01875,1.454375,2,74
1116,"TE79381",2005,22,"20051B214",1926,15.2,34,7,13.5875,1.255625,7,74
1117,"TE79387",2005,22,"20051B222",1927,17.5,42,6,13.884375,1.13,10,76
1118,"TE79390",2006,23,"20061EX49B",2090,19.6,20,8,12.3875,3.73,9,78
1119,"TE79541",2005,22,"20051B192",1925,18.2,24,7,11.51875,1.07,4,74
1120,"TE79554",2005,22,"20051B105",1923,17.4,29,6,12.525,1.44,1,74
1121,"TE79569",2005,22,"20051B189",1924,15.7,28,10,13.409375,1.83875,3,74
1122,"TE79601",2005,22,"20051MP20",1979,19,21,6,11.51875,1.07,4,74
1123,"TE79729",2005,22,"20051SW82",2011,16,27,8,13.01875,1.454375,2,74
1124,"TE79755",2005,22,"20051SW18",2006,18.1,20,5,13.01875,1.454375,2,74
1125,"TE79766",2005,22,"20051O30A",1990,19.7,25,6,13.01875,1.454375,2,76
1126,"TE79781",2005,22,"20051SW14",2004,19,31,8,13.409375,1.83875,3,77
1127,"TE79798",2005,22,"20051EX11",1951,19.8,29,6,13.409375,1.83875,3,74
1128,"TE79801",2005,22,"20051O86",1998,18.5,24,8,13.01875,1.454375,2,75
1129,"TE79807",2005,22,"20051O103",1984,20.2,27,7,13.01875,1.454375,2,74
1130,"TE79816",2005,22,"20051O83",1997,20.7,27,7,13.01875,1.454375,2,75
1131,"TE79822",2005,22,"20051O39",1991,20,28,9,13.01875,1.454375,2,75
1132,"TE79837",2005,22,"20051EX43C",1961,17.2,26,9,13.01875,1.454375,2,76
1133,"TE79844",2005,22,"20051EX76",1974,18,27,8,13.01875,1.454375,2,75
1134,"TE79870",2005,22,"20051EX74",1972,18.2,28,8,13.409375,1.83875,3,74
1135,"TE79871",2005,22,"20051EX74",1972,17,28,8,13.409375,1.83875,3,74
1136,"TE79897",2005,22,"20051EX62A",1968,19.4,30,9,13.409375,1.83875,3,74
1137,"TE79914",2007,24,"20071SW33",2266,19.5,16,10,12.0875,4.113125,3,82
1138,"TE79918",2007,24,"20071SW33",2266,20,16,10,12.0875,4.113125,3,82
1139,"TE79986",2007,24,"20071SW130",2264,19.5,17,10,12.19375,3.989375,4,82
1140,"TE80006",2005,22,"20051SW107",2003,19,14,7,9.2,1.233125,13,74
1141,"TE80011",2005,22,"20051SW105",2002,15.4,19,5,9.65,1.149375,7,75
1142,"TE80015",2005,22,"20051SW35",2007,19,17,7,10.784375,1.07125,5,75
1143,"TE80021",2005,22,"20051O95",1999,19.6,19,8,10.784375,1.07125,5,74
1144,"TE80025",2005,22,"20051O95",1999,20,19,8,10.784375,1.07125,5,75
1145,"TE80035",2005,22,"20051O118",1985,20,17,9,10.784375,1.07125,5,75
1146,"TE80049",2005,22,"20051O28",1988,19.2,23,6,10.784375,1.07125,5,74
1147,"TE80064",2005,22,"20051O19",1986,18.6,22,7,11.51875,1.07,4,75
1148,"TE80069",2005,22,"20051SW1",2001,19.4,20,9,11.946875,1.07,3,75
1149,"TE80088",2005,22,"20051O76",1995,20.4,22,7,11.946875,1.07,3,74
1150,"TE80109",2005,22,"20051EX17",1952,20.2,22,7,12.021875,1.191875,2,75
1151,"TE80110",2005,22,"20051EX17",1952,19.2,22,7,12.021875,1.191875,2,77
1152,"TE80115",2005,22,"20051EX26",1955,18.5,26,7,12.021875,1.191875,2,75
1153,"TE80123",2005,22,"20051EX43D",1962,18.9,23,9,12.021875,1.191875,2,74
1154,"TE80125",2005,22,"20051EX43D",1962,18.5,23,9,12.021875,1.191875,2,75
1155,"TE80127",2005,22,"20051EX43D",1962,18,23,9,12.021875,1.191875,2,74
1156,"TE80144",2005,22,"20051SW5",2010,18,17,8,12.021875,1.191875,2,74
1157,"TE80167",2005,22,"20051EX67",1971,20,24,9,12.165625,1.31,1,77
1158,"TE80188",2005,22,"20051SW49",2009,18,26,5,12.40625,1.3225,0,74
1159,"TE80216",2005,22,"20051O52",1992,17.9,11,8,9.375,1.326875,9,75
1160,"TE80249",2005,22,"20051O74",1994,15.3,13,11,10.171875,1.07625,6,74
1161,"TE80258",2005,22,"20051SW36",2008,16.3,18,9,10.171875,1.07625,6,74
1162,"TE80266",2005,22,"20051EX31A",1957,18.9,20,8,10.784375,1.07125,5,74
1163,"TE80267",2005,22,"20051EX31A",1957,18.2,20,8,10.784375,1.07125,5,76
1164,"TE80269",2005,22,"20051EX31A",1957,17.8,20,8,10.784375,1.07125,5,74
1165,"TE80283",2005,22,"20051O29",1989,19,21,5,10.784375,1.07125,5,74
1166,"TE80290",2005,22,"20051EX49B",1965,20.4,24,4,11.51875,1.07,4,75
1167,"TE80294",2005,22,"20051O53",1993,17.5,22,7,11.946875,1.07,3,74
1168,"TE80317",2005,22,"20051W96",2033,19.4,22,8,11.946875,1.07,3,74
1169,"TE80336",2005,22,"20051EX18A",1953,17,16,12,11.946875,1.07,3,74
1170,"TE80338",2005,22,"20051EX18A",1953,19.8,16,12,11.946875,1.07,3,75
1171,"TE80345",2005,22,"20051SW16",2005,17.8,22,7,12.021875,1.191875,2,74
1172,"TE80347",2005,22,"20051SW16",2005,17,22,7,12.021875,1.191875,2,74
1173,"TE80356",2005,22,"20051O21",1987,19.5,21,7,12.165625,1.31,1,75
1174,"TE80407",2005,22,"20051O82",1996,19.2,20,10,12.525,1.44,1,74
1175,"TE80428",2005,22,"20051EX64",1970,18.5,27,9,12.525,1.44,1,74
1176,"TE80450",2005,22,"20051EX78",1975,20.6,27,9,12.525,1.44,1,74
1177,"TE80456",2005,22,"20051EX78",1975,20,27,9,12.525,1.44,1,74
1178,"TE80458",2005,22,"20051EX75A",1973,17.4,28,7,12.525,1.44,1,74
1179,"TE80501",2005,22,"20051W16",2017,19.1,23,7,11.51875,1.07,4,76
1180,"TE80505",2005,22,"20051W16",2017,19,23,7,11.51875,1.07,4,74
1181,"TE80522",2005,22,"20051EX63",1969,18.4,21,8,11.51875,1.07,4,74
1182,"TE80531",2005,22,"20051EX36",1958,19,20,8,11.51875,1.07,4,74
1183,"TE80533",2005,22,"20051EX36",1958,20.1,20,8,11.51875,1.07,4,75
1184,"TE80534",2005,22,"20051EX36",1958,18.6,20,8,11.51875,1.07,4,75
1185,"TE80535",2005,22,"20051EX36",1958,19.5,20,8,11.51875,1.07,4,75
1186,"TE80538",2005,22,"20051CP41",1949,19.1,28,5,11.946875,1.07,3,75
1187,"TE80544",2005,22,"20051W13",2015,18,24,8,11.946875,1.07,3,74
1188,"TE80553",2005,22,"20051W27",2020,19.5,16,8,11.946875,1.07,3,74
1189,"TE80558",2005,22,"20051W27",2020,18.9,16,8,11.946875,1.07,3,74
1190,"TE80569",2005,22,"20051W59",2025,19.1,21,8,11.946875,1.07,3,74
1191,"TE80603",2005,22,"20051EX39C",1960,19.8,22,8,11.946875,1.07,3,75
1192,"TE80606",2005,22,"20051EX39C",1960,20.1,22,8,11.946875,1.07,3,74
1193,"TE80607",2005,22,"20051EX39C",1960,19.6,22,8,11.946875,1.07,3,74
1194,"TE80611",2005,22,"20051EX39A",1959,18.6,22,9,11.946875,1.07,3,74
1195,"TE80613",2005,22,"20051EX39A",1959,19,22,9,11.946875,1.07,3,74
1196,"TE80618",2005,22,"20051EX22",1954,19.5,24,8,11.946875,1.07,3,74
1197,"TE80622",2005,22,"20051EX22",1954,20.5,24,8,11.946875,1.07,3,75
1198,"TE80635",2005,22,"20051EX55",1967,17.6,24,5,12.021875,1.191875,2,75
1199,"TE80637",2005,22,"20051EX55",1967,17.5,24,5,12.021875,1.191875,2,75
1200,"TE80640",2005,22,"20051CP21",1945,19.9,25,6,12.021875,1.191875,2,75
1201,"TE80677",2005,22,"20051W75A",2030,17.6,19,10,12.165625,1.31,1,74
1202,"TE80680",2005,22,"20051W75A",2030,19.1,19,10,12.165625,1.31,1,76
1203,"TE80684",2005,22,"20051W66",2027,19.5,21,9,12.165625,1.31,1,74
1204,"TE80717",2005,22,"20051W29",2021,19.6,25,10,12.165625,1.31,1,75
1205,"TE80773",2018,35,"20181C9",2754,20.1,18,8,12.271875,0.669375,8,105
1206,"TE80832",2019,36,"20191B179",2808,18.8,13,7,9.725,1.72,6,108
1207,"TE80906",2019,36,"20191B225",2809,15.9,22,8,12.153125,0.301875,2,108
1208,"TE80930",2019,36,"20191B8",2813,19.9,19,11,12.153125,0.301875,2,107
1209,"TJ24022",2007,24,"20071EX14A",2219,17.8,16,10,12.465625,3.92,5,83
1210,"TJ24269",2007,24,"20071SW128",2263,19.5,33,8,12.875,2.991875,16,82
1211,"TJ24350",2007,24,"20071EX7",2242,17.4,18,11,12.659375,3.490625,6,82
1212,"TJ24378",2007,24,"20071EX29",2224,19.4,20,8,12.659375,3.490625,6,83
1213,"TJ24503",2008,25,"20081C56",2296,19.6,13,9,14.125,0.36375,8,85
1214,"TJ24511",2008,25,"20081C44",2293,18.8,16,6,14.125,0.36375,8,86
1215,"TJ24516",2008,25,"20081W103",2346,17,16,5,13.35625,0.281875,5,85
1216,"TJ24530",2008,25,"20081W100",2345,18.4,18,8,13.2125,0.400625,4,85
1217,"TJ24564",2008,25,"20081W98",2354,18.7,19,9,12.3875,1.77125,1,85
1218,"TJ24598",2008,25,"20081W54",2349,19.2,23,6,11.76875,2.538125,1,85
1219,"TJ24614",2014,31,"20141EX75",2657,18,12,7,12.63125,2.226875,11,98
1220,"TJ24622",2014,31,"20141EX41A",2651,19.2,15,9,13.1125,2.910625,9,99
1221,"TJ24630",2014,31,"20141O7",2664,19.9,14,6,13.1125,2.910625,9,99
1222,"TJ24655",2014,31,"20141O11",2661,17.9,10,9,13.0875,3.781875,7,98
1223,"TJ24668",2014,31,"20141O45",2663,19.3,19,7,13.11875,3.574375,5,99
1224,"TJ24672",2014,31,"20141O45",2663,17.9,19,7,13.11875,3.574375,5,99
1225,"TJ24715",2009,26,"20091CP29",2382,18.5,16,8,11.146875,2.243125,3,88
1226,"TJ24718",2009,26,"20091CP37",2384,19.6,16,8,11.146875,2.243125,3,88
1227,"TJ24719",2009,26,"20091CP37",2384,19.5,16,8,11.146875,2.243125,3,88
1228,"TJ24728",2009,26,"20091EX28",2386,19.4,16,10,11.25,2.231875,2,90
1229,"TJ24747",2009,26,"20091EX43",2388,18.9,15,11,11.459375,2.199375,1,89
1230,"TJ24751",2009,26,"20091EX43",2388,19.3,15,11,11.459375,2.199375,1,88
1231,"TJ24754",2009,26,"20091EX43",2388,18.6,15,11,11.459375,2.199375,1,88
1232,"TJ24770",2009,26,"20091W87",2459,18.8,19,10,11.459375,2.199375,1,88
1233,"TJ24778",2009,26,"20091W65",2452,20,20,8,11.459375,2.199375,1,88
1234,"TJ24786",2009,26,"20091W80",2458,20.1,19,9,11.459375,2.199375,1,88
1235,"TJ24809",2009,26,"20091W45",2449,19.5,18,7,11.459375,2.199375,1,88
1236,"TJ24810",2009,26,"20091W45",2449,19,18,7,11.459375,2.199375,1,89
1237,"TJ24832",2009,26,"20091W37",2447,21,19,10,11.74375,2.59875,0,88
1238,"TJ24834",2009,26,"20091W37",2447,18.9,19,10,11.74375,2.59875,0,89
1239,"TJ24837",2009,26,"20091W37",2447,20.3,19,10,11.74375,2.59875,0,88
1240,"TJ24855",2009,26,"20091W44",2448,20.1,16,8,11.890625,2.655625,1,88
1241,"TJ24861",2009,26,"20091EX39B",2387,21.3,17,9,11.890625,2.655625,1,88
1242,"TJ24864",2009,26,"20091EX39B",2387,18.6,17,9,11.890625,2.655625,1,90
1243,"TJ24871",2009,26,"20091W69",2454,18.2,23,8,12.046875,2.669375,2,88
1244,"TJ24873",2009,26,"20091W69",2454,17.1,23,8,12.046875,2.669375,2,89
1245,"TJ24874",2009,26,"20091W69",2454,17.9,23,8,12.046875,2.669375,2,88
1246,"TJ24877",2009,26,"20091W69",2454,18.5,23,8,12.046875,2.669375,2,88
1247,"TJ24880",2009,26,"20091W78",2457,20.6,20,9,12.046875,2.669375,2,89
1248,"TJ24902",2009,26,"20091EX43D",2389,19.4,19,11,12.046875,2.669375,2,88
1249,"TJ24945",2009,26,"20091EX9",2402,19.1,16,11,12.871875,1.565,5,88
1250,"TJ24961",2009,26,"20091W76",2455,17.1,45,6,12.946875,3.088125,26,88
1251,"TJ25269",2008,25,"20081MP79",2317,18.2,24,7,11.76875,2.538125,1,86
1252,"TJ25282",2008,25,"20081O35",2326,18.6,24,8,11.853125,3.08375,2,87
1253,"TJ25288",2008,25,"20081O30",2325,18.4,26,7,11.9625,3.085,3,86
1254,"TJ25293",2008,25,"20081O29",2324,18.9,23,8,11.853125,3.08375,2,86
1255,"TJ26069",2007,24,"20071B36",2196,16.8,21,8,12.546875,3.125625,7,83
1256,"TJ26089",2008,25,"20081B109",2279,19,19,8,13.040625,0.445625,3,85
1257,"TJ26128",2008,25,"20081MP27",2310,19.5,10,11,14.125,0.36375,8,86
1258,"TJ26145",2008,25,"20081C45",2294,21.2,11,9,13.428125,0.28125,6,86
1259,"TJ26150",2008,25,"20081C45",2294,19.2,11,9,13.428125,0.28125,6,85
1260,"TJ26161",2008,25,"20081C107",2284,18.5,15,7,13.35625,0.281875,5,85
1261,"TJ26165",2008,25,"20081C107",2284,19.5,15,7,13.35625,0.281875,5,85
1262,"TJ26190",2008,25,"20081O48",2328,21.5,22,7,12.3875,1.77125,1,85
1263,"TJ26196",2008,25,"20081O69",2333,20.2,17,7,12.3875,1.77125,1,86
1264,"TJ26240",2008,25,"20081B217",2281,18.6,25,8,11.76875,2.538125,1,86
1265,"TJ26252",2008,25,"20081B63",2282,16.3,25,8,11.9625,3.085,3,87
1266,"TJ26502",2007,24,"20071MP55",2248,19.9,9,11,11.909375,3.343125,5,82
1267,"TJ26504",2007,24,"20071MP55",2248,19,9,11,11.909375,3.343125,5,82
1268,"TJ26506",2007,24,"20071MP55",2248,19.2,9,11,11.909375,3.343125,5,82
1269,"TJ26523",2007,24,"20071MP95",2252,19.7,11,8,11.721875,4.12,3,84
1270,"TJ26665",2007,24,"20071MP56",2249,19.3,19,8,12.05,4.179375,2,82
1271,"TJ26685",2007,24,"20071MP46",2247,18.1,18,8,12.0875,4.113125,3,82
1272,"TJ26753",2007,24,"20071MP78",2250,18.6,19,9,12.19375,3.989375,4,83
1273,"TJ26765",2007,24,"20071MP83",2251,17.6,20,8,12.465625,3.92,5,82
1274,"TJ26850",2018,35,"20181C1",2751,18,20,10,13.271875,1.83625,4,106
1275,"TJ26872",2018,35,"20181C53",2753,20.1,21,9,14.015625,1.816875,2,105
1276,"TJ26880",2018,35,"20181SW103",2791,19.6,22,9,14.25,1.86,1,106
1277,"TJ26883",2018,35,"20181SW103",2791,20.2,22,9,14.25,1.86,1,105
1278,"TJ26895",2018,35,"20181SW121",2792,14.6,22,10,14.25,1.86,1,105
1279,"TJ27445",2007,24,"20071O81",2258,19,18,9,12.465625,3.92,5,82
1280,"TJ27463",2007,24,"20071O40",2254,19,18,8,12.0875,4.113125,3,82
1281,"TJ27501",2007,24,"20071W72",2277,21.1,12,10,11.778125,4.12625,2,82
1282,"TJ27510",2007,24,"20071W72",2277,20.8,12,10,11.778125,4.12625,2,82
1283,"TJ27516",2007,24,"20071EX20",2222,19.7,11,7,11.778125,4.12625,2,82
1284,"TJ27526",2007,24,"20071W64A",2275,19.1,13,10,11.9625,4.174375,0,82
1285,"TJ27562",2007,24,"20071W42",2273,19.6,15,7,11.9625,4.174375,0,83
1286,"TJ27563",2007,24,"20071W54",2274,19.5,14,8,11.9625,4.174375,0,82
1287,"TJ27564",2007,24,"20071W54",2274,19,14,8,11.9625,4.174375,0,82
1288,"TJ27582",2007,24,"20071EX27",2223,20,15,8,11.9625,4.174375,0,83
1289,"TJ27586",2007,24,"20071EX27",2223,19.1,15,8,11.9625,4.174375,0,83
1290,"TJ27613",2007,24,"20071EX31A",2225,17.6,15,8,12.046875,4.174375,1,82
1291,"TJ27677",2007,24,"20071EX35",2227,20.1,15,8,12.05,4.179375,2,82
1292,"TJ27682",2007,24,"20071EX35",2227,20.4,15,8,12.05,4.179375,2,82
1293,"TJ27702",2007,24,"20071EX15",2220,18,17,10,12.0875,4.113125,3,82
1294,"TJ27740",2007,24,"20071W100",2269,17.2,15,8,12.0875,4.113125,3,84
1295,"TJ27759",2007,24,"20071EX19",2221,19.1,17,9,12.0875,4.113125,3,82
1296,"TJ27780",2007,24,"20071EX38",2229,20.9,14,8,12.0875,4.113125,3,83
1297,"TJ27801",2007,24,"20071EX36",2228,19.1,19,7,12.19375,3.989375,4,82
1298,"TJ27864",2007,24,"20071W27",2271,19.1,17,10,12.19375,3.989375,4,82
1299,"TJ27872",2007,24,"20071W29",2272,20.4,17,9,12.19375,3.989375,4,82
1300,"TJ27899",2007,24,"20071EX9",2245,17.6,18,9,12.465625,3.92,5,82
1301,"TJ27901",2007,24,"20071EX9",2245,18.2,18,9,12.465625,3.92,5,83
1302,"TJ27904",2007,24,"20071EX9",2245,19.1,18,9,12.465625,3.92,5,82
1303,"TJ27916",2007,24,"20071EX34A",2226,17.6,19,10,12.465625,3.92,5,82
1304,"TJ27951",2007,24,"20071W69",2276,21,20,7,12.465625,3.92,5,82
1305,"TK25538",2006,23,"20061SW26",2157,16.4,27,7,11.475,3.220625,1,79
1306,"TK25571",2006,23,"20061SW6",2163,17.2,31,5,11.5875,2.428125,1,80
1307,"TK25574",2006,23,"20061SW6",2163,16.2,31,5,11.5875,2.428125,1,78
1308,"TK25601",2006,23,"20061MP55",2121,18,21,10,12.271875,3.86875,7,78
1309,"TK25603",2006,23,"20061MP55",2121,18.6,21,10,12.271875,3.86875,7,78
1310,"TK25612",2006,23,"20061MP74",2123,18,20,9,12.271875,3.86875,7,78
1311,"TK25619",2006,23,"20061MP89",2126,17.4,24,8,12.13125,3.636875,6,79
1312,"TK25624",2006,23,"20061MP89",2126,17.8,24,8,12.13125,3.636875,6,78
1313,"TK25625",2006,23,"20061MP78",2124,18,23,8,12.13125,3.636875,6,79
1314,"TK25631",2006,23,"20061MP78",2124,18.8,23,8,12.13125,3.636875,6,78
1315,"TK25648",2006,23,"20061MP53",2120,17.7,20,10,12.053125,3.684375,5,78
1316,"TK25654",2006,23,"20061MP53",2120,18.3,20,10,12.053125,3.684375,5,78
1317,"TK25658",2006,23,"20061MP18",2114,21.1,25,7,11.865625,3.72875,4,78
1318,"TK25667",2006,23,"20061MP92",2128,17.4,25,8,11.865625,3.72875,4,78
1319,"TK25674",2006,23,"20061MP3",2116,17,22,9,11.865625,3.72875,4,78
1320,"TK25676",2006,23,"20061MP3",2116,16.9,22,9,11.865625,3.72875,4,79
1321,"TK25698",2006,23,"20061MP49",2119,18.7,24,7,11.865625,3.72875,4,79
1322,"TK25701",2006,23,"20061MP49",2119,20,24,7,11.865625,3.72875,4,78
1323,"TK25707",2006,23,"20061MP9",2127,18.6,28,6,11.65625,3.61125,3,78
1324,"TK25709",2006,23,"20061MP9",2127,18.1,28,6,11.65625,3.61125,3,79
1325,"TK25711",2006,23,"20061EX78",2108,20.7,25,9,11.65625,3.61125,3,78
1326,"TK25745",2006,23,"20061EX7",2104,19.8,24,7,11.521875,3.5975,2,78
1327,"TK25760",2006,23,"20061MP79",2125,18.8,26,10,11.475,3.220625,1,78
1328,"TK25761",2006,23,"20061MP79",2125,18,26,10,11.475,3.220625,1,78
1329,"TK25763",2006,23,"20061MP79",2125,20.4,26,10,11.475,3.220625,1,78
1330,"TK25769",2006,23,"20061MP56",2122,19,26,9,11.475,3.220625,1,80
1331,"TK25782",2006,23,"20061MP47",2118,19,34,6,11.715625,2.271875,2,78
1332,"TK25787",2006,23,"20061MP12",2112,20.5,37,5,12.8625,1.014375,5,78
1333,"TK25805",2006,23,"20061EX54",2092,16.9,22,9,12.13125,3.636875,6,78
1334,"TK25806",2006,23,"20061EX54",2092,19.5,22,9,12.13125,3.636875,6,78
1335,"TK25815",2006,23,"20061EX56",2093,18.6,23,9,12.13125,3.636875,6,78
1336,"TK25817",2006,23,"20061EX56",2093,18,23,9,12.13125,3.636875,6,78
1337,"TK25822",2006,23,"20061EX53",2091,19.7,22,9,12.13125,3.636875,6,78
1338,"TK25825",2006,23,"20061EX53",2091,19.4,22,9,12.13125,3.636875,6,78
1339,"TK25834",2006,23,"20061CP33",2066,20,22,7,12.13125,3.636875,6,78
1340,"TK25841",2006,23,"20061CP20",2062,18.1,21,7,12.13125,3.636875,6,79
1341,"TK25845",2006,23,"20061CP7",2071,19.1,22,7,12.13125,3.636875,6,78
1342,"TK25848",2006,23,"20061CP7",2071,19.4,22,7,12.13125,3.636875,6,78
1343,"TK25851",2006,23,"20061CP8",2072,20,26,6,12.053125,3.684375,5,78
1344,"TK25860",2006,23,"20061W68",2184,18.5,23,9,11.865625,3.72875,4,79
1345,"TK25862",2006,23,"20061W68",2184,17.5,23,9,11.865625,3.72875,4,78
1346,"TK25863",2006,23,"20061W68",2184,18.5,23,9,11.865625,3.72875,4,81
1347,"TK25873",2006,23,"20061W45",2180,19.2,22,9,11.865625,3.72875,4,78
1348,"TK25875",2006,23,"20061W45",2180,17.5,22,9,11.865625,3.72875,4,78
1349,"TK25877",2006,23,"20061W45",2180,19.1,22,9,11.865625,3.72875,4,78
1350,"TK25880",2006,23,"20061W45",2180,18.5,22,9,11.865625,3.72875,4,78
1351,"TK25881",2006,23,"20061W45",2180,20.5,22,9,11.865625,3.72875,4,79
1352,"TK25890",2006,23,"20061CP14A",2060,20,25,7,11.865625,3.72875,4,78
1353,"TK26041",2006,23,"20061EX84",2111,19.9,24,10,11.65625,3.61125,3,79
1354,"TK26049",2006,23,"20061EX63",2100,18,26,7,11.65625,3.61125,3,78
1355,"TK26061",2006,23,"20061CP25",2064,20.4,26,8,11.65625,3.61125,3,79
1356,"TK26065",2006,23,"20061CP25",2064,20.2,26,8,11.65625,3.61125,3,78
1357,"TK26067",2006,23,"20061CP25",2064,21.3,26,8,11.65625,3.61125,3,78
1358,"TK26071",2006,23,"20061W4B",2183,20.4,27,6,11.521875,3.5975,2,79
1359,"TK26078",2006,23,"20061W7",2186,20,25,7,11.521875,3.5975,2,81
1360,"TK26079",2006,23,"20061W7",2186,18.5,25,7,11.521875,3.5975,2,78
1361,"TK26114",2006,23,"20061CP19",2061,20.4,26,5,11.521875,3.5975,2,78
1362,"TK26120",2006,23,"20061EX43B",2085,20,26,9,11.521875,3.5975,2,78
1363,"TK26131",2006,23,"20061EX80",2110,19.4,25,9,11.521875,3.5975,2,78
1364,"TK26133",2006,23,"20061EX80",2110,20.6,25,9,11.521875,3.5975,2,79
1365,"TK26136",2006,23,"20061EX79",2109,18.4,26,9,11.521875,3.5975,2,78
1366,"TK26141",2006,23,"20061EX79",2109,18,26,9,11.521875,3.5975,2,78
1367,"TK26156",2006,23,"20061EX49",2089,18,26,8,11.521875,3.5975,2,78
1368,"TK26158",2006,23,"20061EX49",2089,18.7,26,8,11.521875,3.5975,2,78
1369,"TK26172",2006,23,"20061EX47A",2087,18.7,27,5,11.475,3.220625,1,79
1370,"TK26181",2006,23,"20061W46",2181,19.2,25,10,11.475,3.220625,1,79
1371,"TK26210",2006,23,"20061W71",2187,18.4,28,8,11.475,3.220625,1,78
1372,"TK26224",2006,23,"20061W34",2177,19.6,26,10,11.475,3.220625,1,78
1373,"TK26227",2006,23,"20061W26",2175,18.2,24,9,11.475,3.220625,1,78
1374,"TK26233",2006,23,"20061W26",2175,18.8,24,9,11.475,3.220625,1,78
1375,"TK26234",2006,23,"20061W26",2175,17.3,24,9,11.475,3.220625,1,78
1376,"TK26235",2006,23,"20061W26",2175,19.8,24,9,11.475,3.220625,1,79
1377,"TK26250",2006,23,"20061W17",2172,20.7,27,7,11.475,3.220625,1,79
1378,"TK26251",2006,23,"20061W17",2172,19.7,27,7,11.475,3.220625,1,78
1379,"TK26257",2006,23,"20061W15",2171,20,26,7,11.475,3.220625,1,78
1380,"TK26264",2006,23,"20061W1",2169,21.7,22,6,11.475,3.220625,1,80
1381,"TK26267",2006,23,"20061EX68",2103,17.8,24,10,11.475,3.008125,0,78
1382,"TK26287",2006,23,"20061CP23",2063,19.7,27,9,11.475,3.008125,0,78
1383,"TK26300",2006,23,"20061CP30",2065,21,28,8,11.475,3.008125,0,78
1384,"TK26302",2006,23,"20061W29",2176,17.5,27,7,11.475,3.008125,0,78
1385,"TK26310",2006,23,"20061W38",2178,18.9,26,10,11.475,3.008125,0,78
1386,"TK26331",2006,23,"20061W69",2185,18.3,26,9,11.475,3.008125,0,79
1387,"TK26332",2006,23,"20061W69",2185,21,26,9,11.475,3.008125,0,79
1388,"TK26344",2006,23,"20061W47",2182,18,29,8,11.5875,2.428125,1,78
1389,"TK26348",2006,23,"20061W47",2182,20.1,29,8,11.5875,2.428125,1,78
1390,"TK26353",2006,23,"20061W75A",2188,21.1,31,5,11.5875,2.428125,1,81
1391,"TK26361",2006,23,"20061EX75",2107,19.5,30,9,11.715625,2.271875,2,80
1392,"TK26376",2006,23,"20061EX60",2095,18.3,30,9,11.715625,2.271875,2,78
1393,"TK26382",2006,23,"20061W11",2170,19.1,30,8,11.715625,2.271875,2,78
1394,"TK26384",2006,23,"20061W11",2170,18,30,8,11.715625,2.271875,2,78
1395,"TK26389",2006,23,"20061W39",2179,19.7,32,9,11.715625,2.271875,2,78
1396,"TK26519",2006,23,"20061W19",2173,20,29,9,11.715625,2.271875,2,78
1397,"TK26521",2006,23,"20061EX48",2088,20.9,27,10,11.93125,1.595,3,80
1398,"TK26525",2006,23,"20061EX48",2088,20.9,27,10,11.93125,1.595,3,78
1399,"TK26526",2006,23,"20061EX48",2088,21.2,27,10,11.93125,1.595,3,78
1400,"TK26531",2006,23,"20061EX62G",2098,18.4,30,7,11.93125,1.595,3,78
1401,"TK26533",2006,23,"20061EX62G",2098,20,30,7,11.93125,1.595,3,78
1402,"TK26542",2006,23,"20061CP5",2070,20.1,35,7,12.28125,1.256875,4,79
1403,"TK26581",2006,23,"20061W20",2174,16.4,37,11,14.371875,0.41,8,79
1404,"TK26608",2006,23,"20061EX62I",2099,18.7,44,9,16.0375,0.448125,13,78
1405,"TK26609",2006,23,"20061EX62I",2099,19,44,9,16.0375,0.448125,13,80
1406,"TK26637",2007,24,"20071CP30",2212,19.3,14,6,11.91875,4.13875,1,82
1407,"TK26669",2008,25,"20081EX53",2306,18.4,15,6,13.6875,0.28,7,85
1408,"TK26692",2008,25,"20081W22",2348,20.1,18,8,13.2125,0.400625,4,85
1409,"TK26716",2007,24,"20071SW86",2268,17.9,18,7,12.05,4.179375,2,82
1410,"TK26867",2007,24,"20071O13",2253,20.4,17,10,12.19375,3.989375,4,84
1411,"TK26893",2007,24,"20071SW107",2261,17.5,19,9,12.19375,3.989375,4,82
1412,"TK26899",2007,24,"20071SW107",2261,17,19,9,12.19375,3.989375,4,82
1413,"TK26910",2007,24,"20071EX47",2233,19.5,15,8,12.05,4.179375,2,83
1414,"TK26923",2007,24,"20071O75",2256,20,12,8,11.9625,4.174375,0,84
1415,"TK26924",2007,24,"20071O75",2256,20.5,12,8,11.9625,4.174375,0,83
1416,"TK26931",2007,24,"20071CP36",2215,19,15,5,11.91875,4.13875,1,82
1417,"TK26950",2007,24,"20071EX92",2246,17.5,16,8,12.0875,4.113125,3,84
1418,"TK26952",2007,24,"20071EX92",2246,18.5,16,8,12.0875,4.113125,3,82
1419,"TK26967",2007,24,"20071EX41D",2230,21,16,8,12.0875,4.113125,3,82
1420,"TK26979",2007,24,"20071EX43A",2231,19.5,17,8,12.0875,4.113125,3,84
1421,"TK26987",2007,24,"20071EX43C",2232,18,15,10,12.0875,4.113125,3,82
1422,"TK26991",2007,24,"20071SW110",2262,17.5,15,9,12.046875,4.174375,1,83
1423,"TK26998",2007,24,"20071SW110",2262,18,15,9,12.046875,4.174375,1,82
1424,"TK27015",2006,23,"20061B125",2037,19.6,22,8,12.053125,3.684375,5,78
1425,"TK27017",2006,23,"20061B165",2041,18,23,7,11.865625,3.72875,4,80
1426,"TK27018",2006,23,"20061B165",2041,18.9,23,7,11.865625,3.72875,4,78
1427,"TK27019",2006,23,"20061B165",2041,16.9,23,7,11.865625,3.72875,4,81
1428,"TK27024",2006,23,"20061B63",2045,20.4,22,12,11.865625,3.72875,4,78
1429,"TK27031",2006,23,"20061B211",2043,19.4,22,10,11.865625,3.72875,4,79
1430,"TK27045",2006,23,"20061B1",2034,18.2,23,8,11.865625,3.72875,4,78
1431,"TK27048",2006,23,"20061B1",2034,17.8,23,8,11.865625,3.72875,4,80
1432,"TK27050",2006,23,"20061B1",2034,17.5,23,8,11.865625,3.72875,4,81
1433,"TK27052",2006,23,"20061B99A",2049,19.2,24,8,11.865625,3.72875,4,78
1434,"TK27056",2006,23,"20061B99A",2049,19.6,24,8,11.865625,3.72875,4,79
1435,"TK27058",2006,23,"20061B99A",2049,19.5,24,8,11.865625,3.72875,4,78
1436,"TK27122",2006,23,"20061B91",2048,19.9,25,8,11.65625,3.61125,3,78
1437,"TK27124",2006,23,"20061B91",2048,21.7,25,8,11.65625,3.61125,3,78
1438,"TK27125",2006,23,"20061B91",2048,18.6,25,8,11.65625,3.61125,3,78
1439,"TK27141",2006,23,"20061B223",2044,18.2,26,8,11.521875,3.5975,2,79
1440,"TK27143",2006,23,"20061B223",2044,18.6,26,8,11.521875,3.5975,2,78
1441,"TK27148",2006,23,"20061B16",2040,19.5,26,8,11.521875,3.5975,2,79
1442,"TK27149",2006,23,"20061B16",2040,19.6,26,8,11.521875,3.5975,2,78
1443,"TK27150",2006,23,"20061B16",2040,18.1,26,8,11.521875,3.5975,2,81
1444,"TK27152",2006,23,"20061B16",2040,18.1,26,8,11.521875,3.5975,2,78
1445,"TK27162",2006,23,"20061B176",2042,17,26,7,11.475,3.220625,1,78
1446,"TK27163",2006,23,"20061B176",2042,16.5,26,7,11.475,3.220625,1,79
1447,"TK27169",2006,23,"20061B11",2035,18.4,29,7,11.475,3.008125,0,79
1448,"TK27170",2006,23,"20061B11",2035,17.8,29,7,11.475,3.008125,0,81
1449,"TK27173",2006,23,"20061B147",2038,16.8,26,11,11.715625,2.271875,2,78
1450,"TK27225",2007,24,"20071B59",2197,19.4,15,6,12.046875,4.174375,1,83
1451,"TK27252",2007,24,"20071B11",2194,18.5,18,3,12.0875,4.113125,3,82
1452,"TK27253",2007,24,"20071B11",2194,18.4,18,3,12.0875,4.113125,3,82
1453,"TK27297",2007,24,"20071B195",2195,19.8,20,6,12.465625,3.92,5,82
1454,"TK27331",2014,31,"20141MP89",2659,18.4,11,7,11.56875,2.208125,13,98
1455,"TK27335",2014,31,"20141MP89",2659,16.8,11,7,11.56875,2.208125,13,98
1456,"TK27374",2014,31,"20141W31",2673,18.9,14,8,12.98125,2.256875,10,99
1457,"TK27393",2015,32,"20151EX38A",2690,19.3,17,6,10.584375,1.6375,11,100
1458,"TK27402",2006,23,"20061EX62B",2097,18.5,22,9,12.13125,3.636875,6,78
1459,"TK27403",2006,23,"20061EX62B",2097,17.3,22,9,12.13125,3.636875,6,78
1460,"TK27405",2006,23,"20061EX73",2106,17.6,21,11,12.13125,3.636875,6,81
1461,"TK27406",2006,23,"20061EX73",2106,17.5,21,11,12.13125,3.636875,6,78
1462,"TK27410",2006,23,"20061EX73",2106,17.9,21,11,12.13125,3.636875,6,79
1463,"TK27423",2006,23,"20061EX67",2102,17.3,24,11,11.865625,3.72875,4,79
1464,"TK27426",2006,23,"20061EX67",2102,17.5,24,11,11.865625,3.72875,4,79
1465,"TK27429",2006,23,"20061EX67",2102,19.3,24,11,11.865625,3.72875,4,78
1466,"TK27434",2006,23,"20061O39",2139,17.7,26,7,11.521875,3.5975,2,78
1467,"TK27438",2006,23,"20061O39",2139,17.7,26,7,11.521875,3.5975,2,79
1468,"TK27442",2006,23,"20061P5",2151,19.6,26,8,11.521875,3.5975,2,80
1469,"TK27447",2006,23,"20061P5",2151,20.1,26,8,11.521875,3.5975,2,78
1470,"TK27475",2006,23,"20061C138",2054,18.8,24,9,11.521875,3.5975,2,79
1471,"TK27481",2006,23,"20061O104",2130,19.6,27,9,11.475,3.220625,1,78
1472,"TK27488",2006,23,"20061O104",2130,19,27,9,11.475,3.220625,1,78
1473,"TK27495",2006,23,"20061P1",2149,19,28,9,11.475,3.008125,0,78
1474,"TK27500",2006,23,"20061O78",2146,20.2,28,7,11.5875,2.428125,1,78
1475,"TK27505",2006,23,"20061O100",2129,19.8,27,9,11.5875,2.428125,1,79
1476,"TK27513",2006,23,"20061O100",2129,21.5,27,9,11.5875,2.428125,1,80
1477,"TK27533",2006,23,"20061O82",2148,19,27,5,11.93125,1.595,3,78
1478,"TK27537",2006,23,"20061O82",2148,18.1,27,5,11.93125,1.595,3,79
1479,"TK27538",2006,23,"20061SW130",2155,21.1,32,7,11.93125,1.595,3,79
1480,"TK27555",2006,23,"20061SW114",2154,15.6,39,9,15.034375,0.66125,10,79
1481,"TK27588",2006,23,"20061O119",2131,20.2,27,8,11.5875,2.428125,1,78
1482,"TK27596",2006,23,"20061O81",2147,18.5,27,6,11.5875,2.428125,1,78
1483,"TK27611",2006,23,"20061SW18",2156,18.4,25,10,11.65625,3.61125,3,80
1484,"TK27628",2006,23,"20061SW77",2165,19.1,22,11,11.65625,3.61125,3,78
1485,"TK27631",2006,23,"20061SW82",2166,18.3,26,8,11.65625,3.61125,3,79
1486,"TK27665",2006,23,"20061O38A",2138,17.4,25,8,11.521875,3.5975,2,78
1487,"TK27679",2006,23,"20061SW87",2168,18,27,8,11.521875,3.5975,2,80
1488,"TK27681",2006,23,"20061SW87",2168,19.2,27,8,11.521875,3.5975,2,78
1489,"TK27697",2006,23,"20061O17",2133,20.1,25,11,11.475,3.220625,1,78
1490,"TK27704",2006,23,"20061O17",2133,20.1,25,11,11.475,3.220625,1,78
1491,"TK27716",2006,23,"20061O27A",2137,19.2,32,8,11.715625,2.271875,2,78
1492,"TK27724",2006,23,"20061O53",2142,20,31,8,12.28125,1.256875,4,78
1493,"TK27738",2006,23,"20061O59",2143,20.6,36,4,13.403125,0.77625,6,78
1494,"TK27746",2007,24,"20071O71",2255,19.1,15,8,11.9625,4.174375,0,82
1495,"TK27757",2007,24,"20071SW15",2265,18,14,6,11.721875,4.12,3,82
1496,"TK27758",2007,24,"20071SW15",2265,19.6,14,6,11.721875,4.12,3,83
1497,"TK27782",2007,24,"20071SW35",2267,18.2,15,9,12.046875,4.174375,1,84
1498,"TK27784",2007,24,"20071SW35",2267,17.5,15,9,12.046875,4.174375,1,82
1499,"TK27817",2006,23,"20061EX39",2081,19.8,28,9,14.371875,0.41,8,80
1500,"TK27821",2006,23,"20061EX39",2081,19.8,28,9,14.371875,0.41,8,79
1501,"TK27855",2007,24,"20071EX49A",2234,18.5,12,10,11.9625,4.174375,0,82
1502,"TK27856",2007,24,"20071EX49A",2234,19,12,10,11.9625,4.174375,0,83
1503,"TK27867",2007,24,"20071O79",2257,18,14,8,11.9625,4.174375,0,82
1504,"TK27889",2007,24,"20071O83",2259,19,15,9,12.05,4.179375,2,83
1505,"TK27930",2007,24,"20071W83",2278,18.1,13,10,12.046875,4.174375,1,82
1506,"TL36058",2013,30,"20131MP53",2605,19,32,6,11.0875,1.71375,9,96
1507,"TL36065",2013,30,"20131MP90",2611,15.9,28,8,11.0875,1.71375,9,95
1508,"TL36083",2013,30,"20131MP65",2608,19.2,39,4,11.628125,1.188125,7,97
1509,"TL36085",2013,30,"20131MP65",2608,17.7,39,4,11.628125,1.188125,7,96
1510,"TL36205",2012,29,"20121CP28",2570,14.2,3,4,9.328125,4.09625,24,94
1511,"TL36246",2012,29,"20121W50",2578,18,16,5,9.671875,1.675,14,94
1512,"TL36277",2012,29,"20121EX26",2571,17.3,13,9,11.06875,1.145,11,94
1513,"TL36340",2008,25,"20081W57",2350,18.1,25,7,11.9625,3.085,3,85
1514,"TL36342",2008,25,"20081W57",2350,17.7,25,7,11.9625,3.085,3,85
1515,"TL36351",2008,25,"20081W58",2351,18.8,25,7,11.9625,3.085,3,85
1516,"TL36368",2008,25,"20081EX9",2309,18.6,25,4,11.9625,3.085,3,86
1517,"TL36390",2008,25,"20081EX14B",2302,19.1,25,8,11.9625,3.085,3,85
1518,"TL36393",2008,25,"20081EX14B",2302,20.5,25,8,11.9625,3.085,3,85
1519,"TL36407",2008,25,"20081EX30",2304,19.1,28,6,12.2625,2.990625,4,85
1520,"TL36408",2008,25,"20081EX30",2304,19.6,28,6,12.2625,2.990625,4,86
1521,"TL36466",2008,25,"20081O114",2318,17.9,28,9,12.703125,3.6325,6,85
1522,"TL36477",2008,25,"20081O96",2339,19,27,10,12.48125,2.959375,5,85
1523,"TL37017",2008,25,"20081EX19",2303,19.5,21,8,11.76875,2.538125,1,85
1524,"TL37033",2008,25,"20081W91",2353,18.9,21,9,11.76875,2.538125,1,85
1525,"TL37034",2008,25,"20081W91",2353,18.8,21,9,11.76875,2.538125,1,85
1526,"TL37054",2008,25,"20081C58",2297,19.8,21,8,11.76875,2.538125,1,85
1527,"TL37063",2008,25,"20081C123",2288,18.7,18,8,11.76875,2.538125,1,85
1528,"TL37067",2008,25,"20081C62",2299,17.1,19,7,11.76875,2.538125,1,86
1529,"TL37069",2008,25,"20081C62",2299,18.1,19,7,11.76875,2.538125,1,85
1530,"TL37072",2008,25,"20081C61",2298,18.3,18,9,11.853125,3.08375,2,85
1531,"TL37131",2008,25,"20081CP16",2300,18.1,23,6,12.2625,2.990625,4,85
1532,"TL37132",2008,25,"20081CP16",2300,19,23,6,12.2625,2.990625,4,86
1533,"TL37151",2008,25,"20081O86",2337,18.3,28,7,12.48125,2.959375,5,87
1534,"TL37155",2008,25,"20081O16",2321,19.6,24,10,12.48125,2.959375,5,85
1535,"TL37158",2008,25,"20081O16",2321,19,24,10,12.48125,2.959375,5,85
1536,"TL37284",2016,33,"20161SW52",2719,19.3,23,7,11.78125,0.9125,3,102
1537,"TL37353",2014,31,"20141EX46",2652,16.8,24,9,13.478125,4.256875,0,98
1538,"TL37358",2014,31,"20141CP26",2642,15.1,25,9,13.496875,4.27625,2,98
1539,"TL37408",2008,25,"20081MP71",2316,21.5,18,7,13.428125,0.28125,6,85
1540,"TL37422",2008,25,"20081O66",2332,18.2,14,8,13.35625,0.281875,5,85
1541,"TL37449",2008,25,"20081C105",2283,19.5,18,6,12.3875,1.77125,1,85
1542,"TL37455",2008,25,"20081C40",2292,19.3,20,7,12.3875,1.77125,1,85
1543,"TL37482",2008,25,"20081C24C",2291,17.9,25,6,11.96875,2.36,0,85
1544,"TL37495",2008,25,"20081C163",2290,18.3,19,9,11.76875,2.538125,1,85
1545,"TL37508",2008,25,"20081W77",2352,20.2,14,10,13.6875,0.28,7,85
1546,"TL37522",2008,25,"20081C109",2286,19.1,18,5,14.125,0.36375,8,85
1547,"TL37524",2008,25,"20081C109",2286,18.3,18,5,14.125,0.36375,8,85
1548,"TL37528",2008,25,"20081C108",2285,18.9,11,10,13.428125,0.28125,6,85
1549,"TL37531",2008,25,"20081C108",2285,20.2,11,10,13.428125,0.28125,6,85
1550,"TL37538",2008,25,"20081C14",2289,18.4,15,6,14.125,0.36375,8,86
1551,"TL37539",2008,25,"20081C14",2289,18.7,15,6,14.125,0.36375,8,86
1552,"TL37582",2008,25,"20081C54",2295,19.6,12,7,13.6875,0.28,7,85
1553,"TL37593",2008,25,"20081C119",2287,17.7,11,8,13.6875,0.28,7,85
1554,"TL37607",2008,25,"20081B188",2280,18.1,25,6,11.96875,2.36,0,86
1555,"TL37614",2009,26,"20091B90",2369,17.8,14,8,11.146875,2.243125,3,88
1556,"TL37628",2009,26,"20091B66",2364,17.4,13,10,11.146875,2.243125,3,88
1557,"TL37630",2009,26,"20091B66",2364,18.8,13,10,11.146875,2.243125,3,89
1558,"TL37639",2009,26,"20091B15",2357,18.5,11,9,11.146875,2.243125,3,88
1559,"TL37646",2009,26,"20091B108",2356,20.8,18,5,11.146875,2.243125,3,88
1560,"TL37660",2009,26,"20091B36",2362,19.4,20,6,11.25,2.231875,2,88
1561,"TL37665",2009,26,"20091B36",2362,20.7,20,6,11.25,2.231875,2,88
1562,"TL37674",2009,26,"20091B89",2368,20.2,19,6,11.25,2.231875,2,88
1563,"TL37690",2009,26,"20091B105",2355,16.2,17,12,11.459375,2.199375,1,88
1564,"TL37733",2009,26,"20091B76",2367,16.8,9,7,11.078125,1.72375,9,88
1565,"TL37734",2009,26,"20091B76",2367,18.8,9,7,11.078125,1.72375,9,88
1566,"TL37735",2009,26,"20091B76",2367,16.8,9,7,11.078125,1.72375,9,88
1567,"TL37748",2009,26,"20091B161",2358,16.3,13,8,11.03125,2.155,6,90
1568,"TL37749",2009,26,"20091B161",2358,17.5,13,8,11.03125,2.155,6,89
1569,"TL37753",2009,26,"20091B190",2361,18,12,12,11.28125,2.20375,5,88
1570,"TL37756",2009,26,"20091B190",2361,18.1,12,12,11.28125,2.20375,5,88
1571,"TL37775",2009,26,"20091B62",2363,19.5,15,8,11.28125,2.20375,5,88
1572,"TL37779",2009,26,"20091B188",2360,18.9,15,6,11.275,2.251875,4,89
1573,"TL37791",2009,26,"20091B7",2365,17.9,13,10,11.275,2.251875,4,88
1574,"TL37793",2009,26,"20091B18",2359,19.1,15,8,11.275,2.251875,4,88
1575,"TL37825",2009,26,"20091B70",2366,16.7,19,9,11.74375,2.59875,0,89
1576,"TL37866",2009,26,"20091P21",2428,19.1,24,7,12.703125,2.436875,4,89
1577,"TL38004",2008,25,"20081EX51B",2305,20,20,9,11.96875,2.36,0,85
1578,"TL38067",2008,25,"20081W12",2347,19.4,26,6,11.9625,3.085,3,85
1579,"TL38179",2008,25,"20081EX60",2307,17.4,27,10,12.703125,3.6325,6,86
1580,"TL38224",2008,25,"20081CP9",2301,19.4,30,8,12.953125,4.094375,7,86
1581,"TL38226",2008,25,"20081CP9",2301,20.2,30,8,12.953125,4.094375,7,87
1582,"TL38247",2008,25,"20081EX75",2308,16.7,32,10,13.665625,4.1125,9,86
1583,"TL38496",2019,36,"20191EX5A",2818,17.7,3,8,9.046875,2.05,12,107
1584,"TL38650",2019,36,"20191EX20",2816,20,10,8,9.509375,1.92375,8,107
1585,"TL38771",2009,26,"20091W77",2456,19.5,6,12,10.86875,1.944375,8,88
1586,"TL38772",2009,26,"20091W77",2456,18.2,6,12,10.86875,1.944375,8,88
1587,"TL38784",2009,26,"20091W97",2461,17,8,11,10.909375,2.00375,7,88
1588,"TL38786",2009,26,"20091W97",2461,16.8,8,11,10.909375,2.00375,7,89
1589,"TL38788",2009,26,"20091W97",2461,18.1,8,11,10.909375,2.00375,7,88
1590,"TL38790",2009,26,"20091W97",2461,16.4,8,11,10.909375,2.00375,7,88
1591,"TL38816",2009,26,"20091W95",2460,19.7,14,8,11.03125,2.155,6,88
1592,"TL38822",2009,26,"20091W57",2451,17.9,14,10,11.28125,2.20375,5,88
1593,"TL38845",2009,26,"20091W67",2453,18.9,15,9,11.28125,2.20375,5,88
1594,"TL38938",2019,36,"20191EX51B",2817,19.5,12,8,9.725,1.72,6,107
1595,"TL38985",2019,36,"20191W87",2831,17,15,9,10.29375,1.5575,4,107
1596,"TL38991",2019,36,"20191W87",2831,18.9,15,9,10.29375,1.5575,4,108
1597,"TL39008",2008,25,"20081O63",2330,19,14,8,13.6875,0.28,7,85
1598,"TL39013",2008,25,"20081O63",2330,20,14,8,13.6875,0.28,7,85
1599,"TL39031",2008,25,"20081O116",2319,19.9,17,5,13.6875,0.28,7,85
1600,"TL39041",2008,25,"20081SW131",2342,19.3,14,8,13.428125,0.28125,6,85
1601,"TL39047",2008,25,"20081O75",2334,19,16,8,13.35625,0.281875,5,85
1602,"TL39052",2008,25,"20081O75",2334,19.6,16,8,13.35625,0.281875,5,85
1603,"TL39061",2008,25,"20081O95",2338,17.1,14,8,13.35625,0.281875,5,85
1604,"TL39062",2008,25,"20081O82",2336,19.1,19,6,13.040625,0.445625,3,85
1605,"TL39065",2008,25,"20081O82",2336,18.6,19,6,13.040625,0.445625,3,85
1606,"TL39075",2008,25,"20081O64",2331,19.2,24,4,11.96875,2.36,0,86
1607,"TL39083",2008,25,"20081SW120",2341,18.8,20,10,11.76875,2.538125,1,85
1608,"TL39089",2008,25,"20081SW107",2340,20.1,26,6,11.76875,2.538125,1,85
1609,"TL39110",2008,25,"20081MP54",2313,20,16,5,13.6875,0.28,7,85
1610,"TL39115",2008,25,"20081MP50",2312,17.9,16,6,13.428125,0.28125,6,85
1611,"TL39116",2008,25,"20081MP50",2312,18.9,16,6,13.428125,0.28125,6,86
1612,"TL39117",2008,25,"20081MP50",2312,18,16,6,13.428125,0.28125,6,85
1613,"TL39121",2008,25,"20081O15",2320,18.9,17,7,13.35625,0.281875,5,87
1614,"TL39126",2008,25,"20081O43",2327,19,18,9,13.35625,0.281875,5,85
1615,"TL39138",2008,25,"20081MP64",2315,20,18,9,13.2125,0.400625,4,85
1616,"TL39141",2008,25,"20081MP64",2315,18.9,18,9,13.2125,0.400625,4,85
1617,"TL39154",2008,25,"20081MP55",2314,20.6,17,5,13.040625,0.445625,3,85
1618,"TL39183",2008,25,"20081MP32",2311,18.2,22,6,12.3875,1.77125,1,85
1619,"TL39206",2008,25,"20081O20",2322,19.1,23,7,11.76875,2.538125,1,85
1620,"TL39277",2008,25,"20081O52",2329,19.5,24,7,11.9625,3.085,3,85
1621,"TL39280",2008,25,"20081O81",2335,19,27,10,12.48125,2.959375,5,85
1622,"TL39419",2010,27,"20101O55",2511,16.8,21,9,12.16875,0.16125,6,91
1623,"TL39440",2010,27,"20101O112",2504,17.7,21,6,12.490625,0.1975,5,92
1624,"TL39445",2010,27,"20101O105",2502,19.1,22,7,12.490625,0.1975,5,92
1625,"TL39458",2010,27,"20101O113",2505,19,24,8,13.06875,0.58875,3,91
1626,"TL39459",2010,27,"20101O113",2505,18.6,24,8,13.06875,0.58875,3,91
1627,"TL39461",2010,27,"20101O110",2503,20.4,25,8,13.06875,0.58875,3,91
1628,"TL39462",2010,27,"20101O110",2503,19.6,25,8,13.06875,0.58875,3,91
1629,"TL39473",2010,27,"20101O80",2514,19.4,24,7,13.06875,0.58875,3,91
1630,"TL39479",2010,27,"20101O79",2513,19.7,25,6,13.06875,0.58875,3,91
1631,"TL39491",2008,25,"20081SW53",2344,15.8,32,7,13.321875,4.096875,8,85
1632,"TL39552",2008,25,"20081SW5",2343,18.4,27,8,12.2625,2.990625,4,86
1633,"TL39605",2008,25,"20081O28",2323,20.5,12,7,12.48125,2.959375,5,85
1634,"TL39730",2013,30,"20131P19",2618,18.6,44,4,13.225,0.773125,3,96
1635,"TL39911",2012,29,"20121W93",2580,19.3,23,7,11.84375,0.501875,9,94
1636,"TL39959",2012,29,"20121W9",2579,19.1,26,6,14.140625,0.558125,4,94
1637,"TP25026",2009,26,"20091SW83",2441,20,17,7,11.275,2.251875,4,88
1638,"TP25040",2009,26,"20091SW25",2436,18.5,14,8,11.275,2.251875,4,88
1639,"TP25044",2009,26,"20091SW47",2438,17.7,16,9,11.146875,2.243125,3,88
1640,"TP25060",2009,26,"20091SW102",2430,19.4,17,8,11.25,2.231875,2,88
1641,"TP25062",2009,26,"20091SW102",2430,18.8,17,8,11.25,2.231875,2,88
1642,"TP25066",2009,26,"20091SW102",2430,18.5,17,8,11.25,2.231875,2,88
1643,"TP25068",2009,26,"20091SW22",2435,17.5,18,7,11.25,2.231875,2,88
1644,"TP25097",2009,26,"20091SW9",2442,19,16,10,11.459375,2.199375,1,89
1645,"TP25108",2009,26,"20091SW8",2440,19.4,16,11,11.74375,2.59875,0,88
1646,"TP25114",2009,26,"20091SW3",2437,18.8,18,8,11.74375,2.59875,0,88
1647,"TP25121",2009,26,"20091SW123",2433,18.8,18,8,11.74375,2.59875,0,88
1648,"TP25124",2009,26,"20091SW123",2433,19.2,18,8,11.74375,2.59875,0,88
1649,"TP25126",2009,26,"20091SW123",2433,18.9,18,8,11.74375,2.59875,0,88
1650,"TP25153",2009,26,"20091SW126",2434,18.9,20,9,11.890625,2.655625,1,88
1651,"TP25156",2009,26,"20091SW126",2434,18.9,20,9,11.890625,2.655625,1,88
1652,"TP25167",2009,26,"20091SW10",2429,19,19,10,12.046875,2.669375,2,88
1653,"TP25168",2009,26,"20091SW10",2429,18.3,19,10,12.046875,2.669375,2,88
1654,"TP25193",2009,26,"20091SW79",2439,19.5,31,9,14.053125,0.646875,10,88
1655,"TP25430",2009,26,"20091W102",2444,18.4,13,11,11.275,2.251875,4,89
1656,"TP25475",2009,26,"20091W16",2446,18.9,15,10,11.275,2.251875,4,88
1657,"TP25494",2009,26,"20091W103A",2445,18.3,17,7,11.146875,2.243125,3,89
1658,"TP25501",2009,26,"20091C10",2370,17,8,8,11.003125,1.318125,11,88
1659,"TP25504",2009,26,"20091C10",2370,19.2,8,8,11.003125,1.318125,11,88
1660,"TP25509",2009,26,"20091SW104",2431,14.2,10,8,11.159375,1.6775,10,88
1661,"TP25511",2009,26,"20091SW104",2431,17.2,10,8,11.159375,1.6775,10,89
1662,"TP25523",2009,26,"20091C151",2371,18.3,8,10,11.159375,1.6775,10,89
1663,"TP25530",2009,26,"20091C9A",2381,17.8,10,7,11.078125,1.72375,9,88
1664,"TP25533",2009,26,"20091C3B",2375,19.7,13,7,11.078125,1.72375,9,88
1665,"TP25552",2009,26,"20091C16",2372,18,11,7,10.86875,1.944375,8,89
1666,"TP25559",2009,26,"20091C52",2378,17.5,9,10,10.86875,1.944375,8,88
1667,"TP25560",2009,26,"20091C52",2378,17.2,9,10,10.86875,1.944375,8,90
1668,"TP25567",2009,26,"20091O65",2423,18.3,12,8,10.909375,2.00375,7,88
1669,"TP25585",2009,26,"20091C53",2379,19,10,10,10.909375,2.00375,7,88
1670,"TP25604",2009,26,"20091C163",2373,19.6,14,8,10.909375,2.00375,7,88
1671,"TP25617",2009,26,"20091C25",2374,17.7,13,9,11.03125,2.155,6,88
1672,"TP25627",2009,26,"20091C44",2376,18.9,15,8,11.28125,2.20375,5,88
1673,"TP25628",2009,26,"20091C44",2376,19.4,15,8,11.28125,2.20375,5,88
1674,"TP25642",2009,26,"20091O75",2425,18,15,8,11.28125,2.20375,5,88
1675,"TP25647",2009,26,"20091O75",2425,18.1,15,8,11.28125,2.20375,5,88
1676,"TP25654",2009,26,"20091O86",2427,17.5,16,8,11.28125,2.20375,5,88
1677,"TP25670",2009,26,"20091O71",2424,18.2,14,10,11.275,2.251875,4,89
1678,"TP25671",2009,26,"20091O71",2424,19,14,10,11.275,2.251875,4,89
1679,"TP25673",2009,26,"20091O71",2424,18.2,14,10,11.275,2.251875,4,88
1680,"TP25700",2009,26,"20091C62",2380,18,16,7,11.146875,2.243125,3,88
1681,"TP25703",2009,26,"20091C62",2380,18.8,16,7,11.146875,2.243125,3,88
1682,"TP25704",2009,26,"20091C62",2380,18.1,16,7,11.146875,2.243125,3,88
1683,"TP25747",2009,26,"20091C50",2377,19.2,17,9,11.25,2.231875,2,88
1684,"TP25748",2009,26,"20091C50",2377,18.4,17,9,11.25,2.231875,2,88
1685,"TP25806",2009,26,"20091SW111",2432,21.2,22,5,11.890625,2.655625,1,88
1686,"TP25808",2009,26,"20091O106",2416,20.4,20,9,12.353125,2.66625,3,88
1687,"TP25860",2009,26,"20091O79",2426,17.2,31,7,14.096875,0.8175,9,88
1688,"TP25863",2009,26,"20091O79",2426,18.8,31,7,14.096875,0.8175,9,88
1689,"TP25935",2014,31,"20141P19",2669,18.3,16,4,13.20625,4.34625,2,98
1690,"TP27003",2015,32,"20151CP41",2684,16.7,13,5,10.553125,2.261875,17,100
1691,"TP27016",2015,32,"20151CP36",2682,14.8,9,9,10.76875,2.25,16,101
1692,"TP27032",2015,32,"20151CP40A",2683,17.8,13,8,11.078125,2.474375,14,100
1693,"TP27057",2015,32,"20151CP16",2681,17.1,13,11,10.665625,1.7125,12,101
1694,"TP27065",2015,32,"20151W15",2708,19.5,16,6,10.584375,1.6375,11,101
1695,"TP27066",2015,32,"20151W15",2708,19.3,16,6,10.584375,1.6375,11,101
1696,"TP27067",2015,32,"20151CP12",2680,17.3,14,9,10.584375,1.6375,11,101
1697,"TP27216",2015,32,"20151EX41D",2692,20,18,10,10.79375,1.4725,10,101
1698,"TP27246",2015,32,"20151EX14",2688,18.4,18,8,10.95,1.346875,9,100
1699,"TP27247",2015,32,"20151EX14",2688,18.1,18,8,10.95,1.346875,9,101
1700,"TP27259",2015,32,"20151EX47A",2694,18.3,19,7,11.159375,1.141875,8,100
1701,"TP27260",2015,32,"20151EX47A",2694,19.3,19,7,11.159375,1.141875,8,100
1702,"TP27356",2015,32,"20151B139",2674,17.1,20,6,11.09375,1.13875,7,101
1703,"TP27389",2015,32,"20151EX62A",2696,17.4,22,5,11.09375,1.13875,6,100
1704,"TP27397",2015,32,"20151B42",2677,14.5,23,8,10.803125,1.665625,3,101
1705,"TP27407",2013,30,"20131B70",2586,17.7,32,7,11.0875,1.71375,9,97
1706,"TP27415",2013,30,"20131SW66",2624,16.1,30,7,11.0875,1.71375,9,97
1707,"TP27416",2013,30,"20131SW66",2624,16.3,30,7,11.0875,1.71375,9,97
1708,"TP27421",2013,30,"20131SW62",2623,16.6,32,7,12.0875,1.00625,5,96
1709,"TP27429",2013,30,"20131B62",2584,15.2,38,4,12.490625,1.00875,3,95
1710,"TP27445",2013,30,"20131B68",2585,18.8,35,7,12.490625,1.00875,3,95
1711,"TP27459",2013,30,"20131B71",2587,17.1,34,5,12.83125,0.764375,0,95
1712,"TP27639",2014,31,"20141EX49A",2653,20.3,14,7,12.63125,2.226875,11,99
1713,"TP27824",2012,29,"20121EX41A",2572,16.5,16,10,11.06875,1.145,11,94
1714,"TP27907",2014,31,"20141EX40",2650,18.2,14,9,13.05625,3.505,8,98
1715,"TP27950",2014,31,"20141EX12",2647,17.1,13,9,13.11875,3.574375,5,99
1716,"TP27951",2014,31,"20141EX12",2647,17.2,13,9,13.11875,3.574375,5,98
1717,"TP27958",2014,31,"20141EX39A",2649,20.1,14,10,13.084375,3.6225,4,98
1718,"TP27977",2014,31,"20141EX31",2648,18.7,14,10,13.20625,4.34625,2,99
1719,"TP27978",2014,31,"20141EX31",2648,17.9,14,10,13.20625,4.34625,2,98
1720,"TP28090",2010,27,"20101C58",2469,18.6,24,10,13.178125,0.60375,2,91
1721,"TP28114",2010,27,"20101B4",2463,17.1,17,8,11.371875,0.104375,9,91
1722,"TP28135",2010,27,"20101B99",2466,18.3,15,9,11.95,0.17625,7,91
1723,"TP28136",2010,27,"20101B99",2466,17.4,15,9,11.95,0.17625,7,91
1724,"TP28204",2010,27,"20101B103",2462,18.4,23,6,12.490625,0.1975,5,91
1725,"TP28256",2010,27,"20101B47",2464,19.6,24,10,13.553125,0.704375,0,91
1726,"TP28262",2010,27,"20101B47",2464,18.3,24,10,13.553125,0.704375,0,92
1727,"TP28268",2010,27,"20101B81",2465,16.8,46,5,14.253125,2.72,14,92
1728,"TP28311",2014,31,"20141C30",2641,19,9,8,11.284375,2.30375,14,99
1729,"TP28312",2014,31,"20141C30",2641,17.5,9,8,11.284375,2.30375,14,98
1730,"TP28315",2014,31,"20141C30",2641,18,9,8,11.284375,2.30375,14,98
1731,"TP28493",2010,27,"20101SW32",2519,18.2,18,9,12.16875,0.16125,6,91
1732,"TP28496",2010,27,"20101SW32",2519,18.4,18,9,12.16875,0.16125,6,91
1733,"TP28604",2009,26,"20091CP7",2385,19.6,9,10,11.078125,1.72375,9,88
1734,"TP28610",2009,26,"20091CP7",2385,18.7,9,10,11.078125,1.72375,9,88
1735,"TP28611",2009,26,"20091EX55",2394,18.8,11,9,11.28125,2.20375,5,90
1736,"TP28615",2009,26,"20091EX55",2394,17.2,11,9,11.28125,2.20375,5,88
1737,"TP28619",2009,26,"20091EX55",2394,17.8,11,9,11.28125,2.20375,5,88
1738,"TP28632",2009,26,"20091EX65",2398,20.5,11,10,11.28125,2.20375,5,89
1739,"TP28633",2009,26,"20091EX65",2398,18.4,11,10,11.28125,2.20375,5,88
1740,"TP28634",2009,26,"20091EX65",2398,19.2,11,10,11.28125,2.20375,5,88
1741,"TP28638",2009,26,"20091EX64",2397,20,14,9,11.28125,2.20375,5,88
1742,"TP28662",2009,26,"20091EX53",2393,20,15,9,11.275,2.251875,4,88
1743,"TP28698",2009,26,"20091EX62",2395,18.8,16,10,11.25,2.231875,2,88
1744,"TP28712",2009,26,"20091EX73A",2400,19.1,17,9,11.25,2.231875,2,90
1745,"TP28721",2009,26,"20091EX62B",2396,17.5,16,10,11.25,2.231875,2,88
1746,"TP28736",2009,26,"20091W4B",2450,19.7,16,8,11.25,2.231875,2,88
1747,"TP28737",2009,26,"20091W4B",2450,19.6,16,8,11.25,2.231875,2,89
1748,"TP28738",2009,26,"20091W4B",2450,19.1,16,8,11.25,2.231875,2,88
1749,"TP28740",2009,26,"20091W4B",2450,20.5,16,8,11.25,2.231875,2,89
1750,"TP28752",2009,26,"20091EX51C",2392,18.5,18,9,11.459375,2.199375,1,88
1751,"TP28753",2009,26,"20091EX51C",2392,19.6,18,9,11.459375,2.199375,1,88
1752,"TP28755",2009,26,"20091EX51C",2392,20,18,9,11.459375,2.199375,1,88
1753,"TP28756",2009,26,"20091EX51C",2392,19.1,18,9,11.459375,2.199375,1,88
1754,"TP28778",2009,26,"20091EX48A",2390,20,17,10,11.74375,2.59875,0,88
1755,"TP28779",2009,26,"20091EX48A",2390,20.4,17,10,11.74375,2.59875,0,88
1756,"TP28791",2009,26,"20091W10",2443,18.9,15,14,11.74375,2.59875,0,88
1757,"TP28841",2009,26,"20091EX68",2399,18.6,22,10,12.353125,2.66625,3,88
1758,"TP28846",2009,26,"20091EX68",2399,19.3,22,10,12.353125,2.66625,3,88
1759,"TP28851",2009,26,"20091CP32",2383,18,21,9,12.703125,2.436875,4,88
1760,"TP28859",2009,26,"20091EX51",2391,18.3,23,10,12.703125,2.436875,4,88
1761,"TP28877",2009,26,"20091EX77",2401,18.5,22,10,12.703125,2.436875,4,89
1762,"TP41505",2009,26,"20091MP23",2404,18.5,17,7,11.275,2.251875,4,88
1763,"TP41543",2009,26,"20091MP1",2403,20.1,17,8,11.146875,2.243125,3,90
1764,"TP41544",2009,26,"20091MP1",2403,18.7,17,8,11.146875,2.243125,3,88
1765,"TP41546",2009,26,"20091MP1",2403,18.8,17,8,11.146875,2.243125,3,88
1766,"TP41548",2009,26,"20091MP1",2403,18.9,17,8,11.146875,2.243125,3,89
1767,"TP41557",2009,26,"20091MP87",2411,16.8,16,9,11.146875,2.243125,3,88
1768,"TP41574",2009,26,"20091O46",2420,20,17,9,11.146875,2.243125,3,88
1769,"TP41623",2009,26,"20091MP33",2405,18.7,16,7,11.459375,2.199375,1,88
1770,"TP41627",2009,26,"20091MP33",2405,17.7,16,7,11.459375,2.199375,1,88
1771,"TP41633",2009,26,"20091O56",2421,17.4,18,9,11.74375,2.59875,0,88
1772,"TP41640",2009,26,"20091O34",2418,18.2,19,9,11.74375,2.59875,0,88
1773,"TP41649",2009,26,"20091MP8",2410,20,20,7,11.74375,2.59875,0,88
1774,"TP41653",2009,26,"20091MP8",2410,19.5,20,7,11.74375,2.59875,0,88
1775,"TP41671",2009,26,"20091O15",2417,19.9,19,10,11.890625,2.655625,1,88
1776,"TP41680",2009,26,"20091MP89",2412,19.6,17,12,11.74375,2.59875,0,90
1777,"TP41686",2009,26,"20091O37",2419,19.5,17,10,12.046875,2.669375,2,88
1778,"TP41695",2009,26,"20091O10",2415,18.9,21,9,12.353125,2.66625,3,88
1779,"TP41702",2009,26,"20091O10",2415,18.4,21,9,12.353125,2.66625,3,88
1780,"TP41712",2009,26,"20091O57",2422,18.8,21,10,12.703125,2.436875,4,88
1781,"TP41729",2009,26,"20091MP67",2408,18,37,7,13.640625,2.105625,14,88
1782,"TP41732",2009,26,"20091MP67",2408,17.9,37,7,13.640625,2.105625,14,88
1783,"TP41744",2010,27,"20101O5",2509,16.4,12,11,10.2625,0.480625,11,91
1784,"TP41758",2010,27,"20101O67",2512,19.1,18,7,11.696875,0.0975,8,91
1785,"TP41766",2010,27,"20101O54",2510,19.4,15,11,11.95,0.17625,7,91
1786,"TP41767",2010,27,"20101O54",2510,18.8,15,11,11.95,0.17625,7,91
1787,"TP41816",2009,26,"20091MP92",2413,19.4,9,10,10.86875,1.944375,8,88
1788,"TP41818",2009,26,"20091MP92",2413,18.5,9,10,10.86875,1.944375,8,88
1789,"TP41819",2009,26,"20091MP92",2413,18.4,9,10,10.86875,1.944375,8,88
1790,"TP41846",2009,26,"20091MP60",2407,19.6,11,12,11.03125,2.155,6,88
1791,"TP41854",2009,26,"20091MP60",2407,18,11,12,11.03125,2.155,6,89
1792,"TP41864",2009,26,"20091MP74",2409,19.1,13,10,11.28125,2.20375,5,88
1793,"TP41889",2009,26,"20091MP97",2414,18.4,14,10,11.275,2.251875,4,90
1794,"TP41899",2009,26,"20091MP38",2406,19.5,11,8,11.03125,2.155,6,88
1795,"TP42045",2010,27,"20101EX30",2476,14,14,9,9.834375,0.499375,12,91
1796,"TP42049",2010,27,"20101EX11",2474,17.4,13,10,9.834375,0.499375,12,91
1797,"TP42059",2010,27,"20101EX62C",2488,18.7,14,7,10.2625,0.480625,11,91
1798,"TP42079",2010,27,"20101W49",2531,17.6,16,9,10.83125,0.263125,10,91
1799,"TP42081",2010,27,"20101W49",2531,19,16,9,10.83125,0.263125,10,92
1800,"TP42094",2010,27,"20101EX7",2490,16.6,14,11,10.83125,0.263125,10,92
1801,"TP42106",2010,27,"20101O17",2506,19.5,14,8,9.834375,0.499375,12,91
1802,"TP42246",2015,32,"20151EX10",2687,17.6,15,9,10.665625,1.7125,12,101
1803,"TP42251",2015,32,"20151EX28",2689,18.8,15,8,10.665625,1.7125,12,101
1804,"TP42290",2015,32,"20151EX7",2698,18.9,13,13,10.79375,1.4725,10,101
1805,"TP42292",2015,32,"20151EX7",2698,18.3,13,13,10.79375,1.4725,10,100
1806,"TP42510",2014,31,"20141C108",2639,20,3,10,11.2625,1.96,19,98
1807,"TP42521",2014,31,"20141C102",2638,15.3,8,7,11.19375,2.3475,15,98
1808,"TP42709",2013,30,"20131C9A",2593,14,21,5,9.740625,2.720625,21,95
1809,"TP42722",2013,30,"20131C12",2589,14.4,25,8,9.81875,2.765625,18,95
1810,"TP42743",2013,30,"20131C41",2591,18.8,27,5,10.75,1.94375,14,95
1811,"TP42746",2013,30,"20131C138",2590,14.3,27,7,10.85625,1.783125,13,96
1812,"TP42750",2013,30,"20131C138",2590,15.8,27,7,10.85625,1.783125,13,96
1813,"TP42754",2013,30,"20131C57",2592,15.2,27,7,10.85625,1.783125,13,95
1814,"TP42844",2014,31,"20141C160A",2640,20.1,12,6,13.1125,2.910625,9,98
1815,"TP42883",2015,32,"20151W76",2710,18.3,13,9,11.078125,2.474375,14,100
1816,"TP42888",2015,32,"20151W76",2710,13.5,13,9,11.078125,2.474375,14,101
1817,"TR40031",2010,27,"20101SW83",2523,17.8,14,10,9.834375,0.499375,12,91
1818,"TR40045",2010,27,"20101SW34",2520,18.2,15,10,9.834375,0.499375,12,91
1819,"TR40051",2010,27,"20101SW102",2517,18.1,16,6,10.2625,0.480625,11,91
1820,"TR40055",2010,27,"20101SW102",2517,17,16,6,10.2625,0.480625,11,92
1821,"TR40093",2010,27,"20101P13",2515,16.9,18,9,11.696875,0.0975,8,91
1822,"TR40108",2010,27,"20101MP40",2495,17.8,20,6,11.371875,0.104375,9,92
1823,"TR40119",2010,27,"20101MP17",2492,18.4,20,10,11.696875,0.0975,8,91
1824,"TR40164",2010,27,"20101MP83",2499,18.9,19,11,11.95,0.17625,7,92
1825,"TR40179",2010,27,"20101MP49",2496,19.4,21,9,11.95,0.17625,7,91
1826,"TR40183",2010,27,"20101MP49",2496,17.4,21,9,11.95,0.17625,7,91
1827,"TR40243",2010,27,"20101MP77",2498,17.8,15,10,10.2625,0.480625,11,92
1828,"TR40257",2010,27,"20101MP18",2493,19.1,18,6,10.2625,0.480625,11,91
1829,"TR40261",2010,27,"20101MP96",2500,16.8,14,8,10.83125,0.263125,10,91
1830,"TR40263",2010,27,"20101MP96",2500,18.7,14,8,10.83125,0.263125,10,92
1831,"TR40266",2010,27,"20101MP96",2500,19,14,8,10.83125,0.263125,10,92
1832,"TR40328",2010,27,"20101P7",2516,18,20,5,11.95,0.17625,7,91
1833,"TR40336",2010,27,"20101SW16",2518,15.4,21,8,12.16875,0.16125,6,91
1834,"TR40339",2010,27,"20101SW16",2518,15.5,21,8,12.16875,0.16125,6,91
1835,"TR40348",2010,27,"20101SW5",2521,17.4,22,10,12.490625,0.1975,5,91
1836,"TR40363",2010,27,"20101SW73",2522,16.3,23,8,13.178125,0.60375,2,91
1837,"TR40735",2010,27,"20101EX58",2485,19.9,14,10,10.83125,0.263125,10,91
1838,"TR40740",2010,27,"20101EX58",2485,19,14,10,10.83125,0.263125,10,91
1839,"TR40742",2010,27,"20101EX62",2486,17.8,14,8,10.83125,0.263125,10,91
1840,"TR40743",2010,27,"20101EX62",2486,16.7,14,8,10.83125,0.263125,10,91
1841,"TR40750",2010,27,"20101EX62B",2487,18.3,18,9,10.83125,0.263125,10,92
1842,"TR40757",2010,27,"20101EX62E",2489,15.3,15,8,10.83125,0.263125,10,92
1843,"TR40759",2010,27,"20101EX62E",2489,18.6,15,8,10.83125,0.263125,10,91
1844,"TR40792",2010,27,"20101W3",2527,19,19,5,11.696875,0.0975,8,91
1845,"TR40796",2010,27,"20101W3",2527,19.4,19,5,11.696875,0.0975,8,91
1846,"TR42058",2010,27,"20101EX40",2477,18.1,13,11,11.371875,0.104375,9,91
1847,"TR42059",2010,27,"20101EX40",2477,18.8,13,11,11.371875,0.104375,9,91
1848,"TR42071",2010,27,"20101W47",2530,18.2,19,9,11.696875,0.0975,8,91
1849,"TR42079",2010,27,"20101W19",2524,20.2,19,6,11.696875,0.0975,8,91
1850,"TR42087",2010,27,"20101EX44",2480,15,15,11,11.696875,0.0975,8,91
1851,"TR42091",2010,27,"20101C33",2467,19,20,4,11.696875,0.0975,8,91
1852,"TR42098",2010,27,"20101C53",2468,18.7,17,9,11.696875,0.0975,8,91
1853,"TR42115",2010,27,"20101EX18",2475,17.7,18,9,11.95,0.17625,7,91
1854,"TR42129",2010,27,"20101W41",2528,18.3,21,9,11.95,0.17625,7,91
1855,"TR42163",2010,27,"20101W94",2539,21.5,19,12,12.16875,0.16125,6,91
1856,"TR42170",2010,27,"20101W65",2534,19.6,22,8,12.16875,0.16125,6,91
1857,"TR42199",2010,27,"20101W27",2526,19.9,24,6,12.16875,0.16125,6,91
1858,"TR42233",2010,27,"20101W69",2535,19.3,22,9,12.490625,0.1975,5,91
1859,"TR42235",2010,27,"20101W69",2535,20.3,22,9,12.490625,0.1975,5,91
1860,"TR42288",2010,27,"20101W74",2537,19.8,24,7,12.765625,0.5475,4,91
1861,"TR42294",2010,27,"20101W62",2532,19,23,9,12.765625,0.5475,4,92
1862,"TR42305",2010,27,"20101W75A",2538,17.2,22,9,12.490625,0.1975,5,91
1863,"TR42336",2010,27,"20101CP17",2471,19.1,23,10,13.325,0.72,1,91
1864,"TR42379",2010,27,"20101W44",2529,19.6,26,10,13.325,0.72,1,91
1865,"TR42460",2011,28,"20111W77",2566,17.9,11,9,12.653125,0.785,5,93
1866,"TR42474",2011,28,"20111EX21",2549,19.7,13,10,12.653125,0.785,5,93
1867,"TR42550",2010,27,"20101W22",2525,18.8,13,9,10.2625,0.480625,11,91
1868,"TR42565",2010,27,"20101W64",2533,17.9,15,9,10.2625,0.480625,11,91
1869,"TR42570",2010,27,"20101EX43A",2479,18,13,11,10.2625,0.480625,11,91
1870,"TR42636",2010,27,"20101W71",2536,18.2,18,7,11.371875,0.104375,9,92
1871,"TR42654",2010,27,"20101EX41A",2478,18.5,28,12,14.10625,1.135,3,91
1872,"TR42713",2010,27,"20101MP75",2497,18.5,14,8,9.346875,0.513125,13,91
1873,"TR42719",2010,27,"20101MP22",2494,18.5,14,8,9.346875,0.513125,13,91
1874,"TR42721",2010,27,"20101MP22",2494,19.9,14,8,9.346875,0.513125,13,91
1875,"TR43102",2011,28,"20111B86",2541,20.1,13,8,12.31875,0.75,3,93
1876,"TR43131",2011,28,"20111C4",2543,17.7,11,10,12.521875,0.784375,4,93
1877,"TR43185",2014,31,"20141MP91",2660,16,14,7,13.05625,3.505,8,98
1878,"TR43187",2014,31,"20141B194A",2634,16.5,16,7,13.0875,3.781875,7,98
1879,"TR43214",2018,35,"20181O29",2782,20.5,21,8,13.271875,1.83625,4,106
1880,"TR43259",2018,35,"20181O63",2787,18.6,22,6,13.7875,1.311875,3,105
1881,"TR43266",2018,35,"20181O20",2781,17.6,23,6,14.015625,1.816875,2,106
1882,"TR43373",2022,39,"20221W25",2885,18.2,13,9,13.6125,1.86875,7,111
1883,"TR43388",2022,39,"20221W99A",2889,18.7,14,8,13.7875,1.81875,6,112
1884,"TR43484",2013,30,"20131SW127",2620,14,28,7,10.75,1.94375,14,95
1885,"TR43485",2013,30,"20131SW127",2620,14,28,7,10.75,1.94375,14,95
1886,"TR43544",2010,27,"20101EX79",2491,19.4,16,11,11.696875,0.0975,8,92
1887,"TR43554",2010,27,"20101CP38",2473,19.2,21,6,11.696875,0.0975,8,91
1888,"TR43585",2010,27,"20101EX51A",2483,17.3,20,7,12.16875,0.16125,6,91
1889,"TR43588",2010,27,"20101EX49B",2481,17.2,21,10,12.16875,0.16125,6,91
1890,"TR43589",2010,27,"20101EX49B",2481,16.3,21,10,12.16875,0.16125,6,91
1891,"TR43591",2010,27,"20101EX49B",2481,18.3,21,10,12.16875,0.16125,6,92
1892,"TR43611",2010,27,"20101CP20",2472,19.7,25,8,13.06875,0.58875,3,92
1893,"TR43640",2010,27,"20101CP12",2470,18.9,21,7,13.178125,0.60375,2,91
1894,"TR43643",2010,27,"20101CP12",2470,18.7,21,7,13.178125,0.60375,2,91
1895,"TR43661",2010,27,"20101EX50",2482,16.8,23,8,13.178125,0.60375,2,91
1896,"TR43666",2010,27,"20101EX54",2484,19.7,29,8,13.553125,0.704375,0,91
1897,"TR44083",2013,30,"20131MP68",2609,17,28,5,10.85625,1.783125,13,96
1898,"TR44084",2013,30,"20131MP68",2609,16.8,28,5,10.85625,1.783125,13,95
1899,"TR44095",2013,30,"20131MP60",2607,18.2,30,7,11.025,1.741875,11,96
1900,"TR44112",2010,27,"20101O104",2501,18.1,22,10,13.178125,0.60375,2,91
1901,"TR44120",2010,27,"20101O38",2508,18.6,22,7,13.178125,0.60375,2,91
1902,"TR44157",2010,27,"20101O31",2507,17.8,52,5,14.071875,1.358125,21,91
1903,"TR44220",2013,30,"20131O11",2613,20.1,32,6,11.628125,1.188125,7,97
1904,"TR44232",2013,30,"20131O66",2615,19.8,34,9,12.0875,1.00625,5,96
1905,"TR44250",2013,30,"20131SW116",2619,18.6,39,5,12.490625,1.00875,3,96
1906,"TR44256",2013,30,"20131SW33",2622,14.5,39,5,12.953125,0.770625,2,95
1907,"TR44436",2015,32,"20151CP9",2686,17.3,19,9,11.09375,1.13875,7,101
1908,"TR44486",2015,32,"20151W53",2709,14.5,19,10,10.803125,1.665625,3,101
1909,"TR44501",2011,28,"20111C150",2542,17.5,6,8,12.490625,0.579375,3,93
1910,"TR44526",2011,28,"20111O46",2558,19.1,12,10,12.653125,0.785,5,93
1911,"TR44532",2011,28,"20111SW108",2559,18.2,16,7,12.85625,0.786875,6,93
1912,"TR44601",2015,32,"20151O75A",2705,16,12,9,10.853125,2.409375,13,101
1913,"TR44612",2015,32,"20151EX90",2699,17.8,16,8,10.584375,1.6375,11,100
1914,"TR44613",2015,32,"20151EX90",2699,16.1,16,8,10.584375,1.6375,11,100
1915,"TS43075",2014,31,"20141B190",2633,17.3,11,6,13.0875,3.781875,7,98
1916,"TS43228",2013,30,"20131B122",2581,17.6,38,5,12.490625,1.00875,3,95
1917,"TS43230",2013,30,"20131B122",2581,18.4,38,5,12.490625,1.00875,3,95
1918,"TS43234",2013,30,"20131B181",2582,16,35,7,12.215625,1.0075,4,95
1919,"TS43259",2013,30,"20131B201",2583,18.4,33,4,11.628125,1.188125,7,96
1920,"TS43260",2013,30,"20131B201",2583,18.1,33,4,11.628125,1.188125,7,95
1921,"TS43261",2013,30,"20131B201",2583,17.8,33,4,11.628125,1.188125,7,96
1922,"TS43344",2011,28,"20111CP8",2547,18.6,23,7,11.80625,0.684375,14,93
1923,"TS43428",2015,32,"20151CP6",2685,16.3,27,7,10.834375,2.11375,0,101
1924,"TS43561",2011,28,"20111EX11",2548,19.4,11,8,12.521875,0.784375,4,93
1925,"TS43887",2014,31,"20141P11",2668,19.1,20,4,13.090625,3.865625,6,98
1926,"TS44206",2012,29,"20121MP34",2573,16.8,23,7,13.734375,0.530625,5,94
1927,"TS44497",2014,31,"20141B87",2637,18.7,15,8,13.05625,3.505,8,98
1928,"TS44659",2018,35,"20181W37",2802,20.1,20,9,12.765625,1.655625,5,106
1929,"TS44697",2018,35,"20181W21",2800,20.8,19,8,13.7875,1.311875,3,105
1930,"TS44712",2011,28,"20111MP33",2552,18.1,7,9,12.353125,0.711875,1,93
1931,"TS44940",2011,28,"20111MP73",2554,18.6,3,11,12.54375,0.601875,2,93
1932,"TS45004",2011,28,"20111SW70",2563,17.4,21,7,11.875,0.37,11,93
1933,"TS45014",2011,28,"20111B107",2540,19.4,21,7,11.875,0.37,11,93
1934,"TS45107",2014,31,"20141O80",2667,18.9,5,5,11.2625,1.96,19,98
1935,"TS45148",2014,31,"20141EX62",2655,17.6,15,7,13.05625,3.505,8,98
1936,"TS45152",2014,31,"20141EX62B",2656,17.5,14,9,13.05625,3.505,8,99
1937,"TS45156",2014,31,"20141EX62B",2656,18.8,14,9,13.05625,3.505,8,99
1938,"TS45163",2014,31,"20141O76",2666,18.6,16,7,13.0875,3.781875,7,99
1939,"TS45165",2014,31,"20141O76",2666,18.2,16,7,13.0875,3.781875,7,98
1940,"TS45191",2015,32,"20151C16",2678,17.8,16,7,10.584375,1.6375,11,100
1941,"TS45217",2011,28,"20111MP43",2553,19.2,10,9,12.353125,0.711875,1,93
1942,"TS45441",2015,32,"20151B35",2676,16.5,22,7,10.803125,1.665625,3,100
1943,"TS45470",2015,32,"20151EX62D",2697,18.8,21,8,10.884375,1.795,2,101
1944,"TS45536",2011,28,"20111O110",2555,18,8,10,12.315625,0.75,2,93
1945,"TS45561",2011,28,"20111C54",2544,19.4,9,11,12.315625,0.75,2,93
1946,"TS45597",2011,28,"20111SW36",2562,18.5,13,9,12.521875,0.784375,4,93
1947,"TS45626",2011,28,"20111SW22",2561,18.1,14,10,12.653125,0.785,5,93
1948,"TS45634",2011,28,"20111SW22",2561,18.3,14,10,12.653125,0.785,5,93
1949,"TS45682",2013,30,"20131MP77",2610,18.3,40,6,12.215625,1.0075,4,96
1950,"TS45695",2013,30,"20131B92",2588,13.9,40,7,12.86875,0.674375,1,96
1951,"TS45698",2013,30,"20131MP55",2606,16.1,35,3,12.86875,0.674375,1,95
1952,"TS45699",2013,30,"20131MP55",2606,16.6,35,3,12.86875,0.674375,1,96
1953,"TS45709",2011,28,"20111W91",2567,18.5,8,9,12.353125,0.711875,1,93
1954,"TS45751",2011,28,"20111W27",2564,19,11,10,12.521875,0.784375,4,93
1955,"TS45775",2011,28,"20111O45",2557,17.4,13,7,12.521875,0.784375,4,93
1956,"TS45845",2011,28,"20111O18",2556,20.2,16,7,12.85625,0.786875,6,93
1957,"TS45875",2018,35,"20181W42",2803,18.8,20,10,13.7875,1.311875,3,105
1958,"TS45925",2011,28,"20111W6",2565,19.2,16,11,12.85625,0.786875,6,93
1959,"TS45932",2011,28,"20111EX46",2550,19.4,13,11,12.796875,0.83375,7,93
1960,"TS45998",2016,33,"20161B39",2711,19.2,24,4,12.565625,1.8575,1,102
1961,"TS46096",2014,31,"20141MP3",2658,14.4,0,9,11.171875,2.06875,20,98
1962,"TS46148",2011,28,"20111EX60",2551,18.2,12,9,12.31875,0.75,3,93
1963,"TS46199",2011,28,"20111CP2",2545,16.8,13,7,12.653125,0.785,5,93
1964,"TS46419",2011,28,"20111SW12",2560,20.1,8,10,12.315625,0.75,2,93
1965,"TS46427",2011,28,"20111SW12",2560,18.1,8,10,12.315625,0.75,2,93
1966,"TS46455",2011,28,"20111CP35",2546,16.8,16,11,12.796875,0.83375,7,93
1967,"TS46630",2016,33,"20161W103A",2720,18.9,36,5,13.41875,1.238125,7,102
1968,"TS46864",2014,31,"20141O70",2665,16.5,19,7,13.084375,3.6225,4,99
1969,"TS46880",2014,31,"20141SW122",2670,18.7,20,6,13.084375,3.6225,4,98
1970,"TS46889",2014,31,"20141SW26",2671,16.4,20,7,13.084375,3.6225,4,98
1971,"TS47014",2012,29,"20121C104",2568,16,1,2,9.40625,2.94,21,94
1972,"TS47015",2012,29,"20121C104",2568,16.9,1,2,9.40625,2.94,21,94
1973,"TS47057",2012,29,"20121O17",2574,19.4,28,9,14.878125,2.205,1,94
1974,"TS47124",2013,30,"20131W77",2630,17.5,35,7,11.628125,1.188125,7,95
1975,"TS47130",2013,30,"20131W51",2629,16.4,33,7,11.29375,1.58125,8,96
1976,"TS47145",2013,30,"20131W98",2631,18.1,40,6,12.0875,1.00625,5,97
1977,"TS47167",2013,30,"20131EX19",2597,20.8,40,6,12.215625,1.0075,4,97
1978,"TS47173",2013,30,"20131EX39A",2599,19.4,37,9,12.75625,0.76875,1,96
1979,"TS47198",2013,30,"20131CP21",2595,18.5,41,6,12.75625,0.76875,1,97
1980,"TS47205",2013,30,"20131CP7",2596,18,32,8,11.946875,0.999375,6,96
1981,"TS47218",2013,30,"20131W12",2625,20.1,33,6,12.0875,1.00625,5,96
1982,"TS47230",2013,30,"20131W22",2626,17.6,40,5,12.215625,1.0075,4,95
1983,"TS47257",2013,30,"20131EX49",2600,18.1,39,8,12.83125,0.764375,0,95
1984,"TS47266",2013,30,"20131W4B",2628,19.5,49,6,13.934375,1.475,7,96
1985,"TS47410",2013,30,"20131EX52",2601,16.2,27,7,10.75,1.94375,14,96
1986,"TS47411",2013,30,"20131EX52",2601,18,27,7,10.75,1.94375,14,97
1987,"TS47477",2013,30,"20131W37",2627,17.7,32,6,11.29375,1.58125,8,95
1988,"TS47486",2013,30,"20131CP2",2594,16.1,32,7,11.628125,1.188125,7,95
1989,"TS47518",2012,29,"20121C14",2569,19.3,7,7,9.40625,2.94,21,94
1990,"TS47531",2012,29,"20121SW113",2576,16.1,11,4,9.125,2.253125,19,94
1991,"TS47562",2012,29,"20121O62",2575,15.3,23,5,11.84375,0.501875,9,94
1992,"TS47597",2012,29,"20121SW4",2577,17.8,23,5,14.140625,0.558125,4,94
1993,"TS47615",2014,31,"20141EX1",2646,18.5,33,8,13.34375,3.445,9,99
1994,"TS47627",2014,31,"20141O32",2662,18.3,39,6,14.24375,1.6925,13,98
1995,"TS47739",2014,31,"20141B24",2635,18.1,10,9,11.56875,2.208125,13,99
1996,"TS47741",2014,31,"20141B30",2636,18.4,13,6,12.003125,2.2075,12,98
1997,"TS47754",2014,31,"20141B118",2632,19.8,14,6,12.63125,2.226875,11,98
1998,"TV44021",2015,32,"20151MP76",2703,17.4,13,8,10.853125,2.409375,13,101
1999,"TV44024",2015,32,"20151MP76",2703,17.9,13,8,10.853125,2.409375,13,100
2000,"TV44030",2015,32,"20151MP78",2704,18.1,17,7,10.853125,2.409375,13,101
2001,"TV44031",2015,32,"20151MP78",2704,18.5,17,7,10.853125,2.409375,13,100
2002,"TV44129",2015,32,"20151B212",2675,19.1,20,7,11.159375,1.141875,8,101
2003,"TV44148",2015,32,"20151MP18",2700,19.1,17,8,11.09375,1.13875,6,100
2004,"TV44174",2015,32,"20151MP20",2701,17.6,20,7,10.840625,1.153125,5,100
2005,"TV44250",2015,32,"20151MP64",2702,16.5,61,4,14.709375,0.900625,27,100
2006,"TV44271",2018,35,"20181SW33",2795,19.2,20,7,12.38125,1.53,6,105
2007,"TV44285",2018,35,"20181P16",2790,18.3,19,6,13.271875,1.83625,4,105
2008,"TV44289",2018,35,"20181EX70",2771,18.5,22,10,13.7875,1.311875,3,105
2009,"TV44349",2017,34,"20171O102",2741,17.6,12,6,11.54375,0.9725,9,104
2010,"TV44376",2017,34,"20171O24",2743,18.1,12,5,11.684375,2.988125,7,103
2011,"TV44468",2017,34,"20171O30",2744,17.5,16,8,13.078125,3.336875,1,104
2012,"TV44507",2017,34,"20171O106",2742,20.1,24,6,14.64375,3.343125,2,104
2013,"TV44513",2017,34,"20171O66",2745,19.6,21,6,14.846875,3.373125,3,103
2014,"TV44539",2017,34,"20171EX88",2737,19.9,22,6,14.846875,3.373125,3,103
2015,"TV44569",2018,35,"20181SW129",2793,19.9,18,8,12.271875,0.669375,8,105
2016,"TV44590",2018,35,"20181O48",2785,19.1,19,8,12.765625,1.655625,5,105
2017,"TV44593",2018,35,"20181O48",2785,19.9,19,8,12.765625,1.655625,5,105
2018,"TV44675",2017,34,"20171SW1",2747,17.7,13,8,11.9375,3.339375,4,104
2019,"TV44709",2015,32,"20151EX6",2695,18.5,20,10,10.821875,1.29125,4,100
2020,"TV44714",2015,32,"20151EX6",2695,17.1,20,10,10.821875,1.29125,4,100
2021,"TV44949",2015,32,"20151O78",2706,18.8,27,9,10.990625,1.814375,1,100
2022,"TW41549",2019,36,"20191W104",2829,18.4,19,5,10.971875,1.51625,2,107
2023,"TW41607",2019,36,"20191EX80",2819,20.5,27,7,12.94375,0.8275,7,107
2024,"TW77247",2022,39,"20221O78A",2881,18.6,10,11,13.88125,1.678125,5,112
2025,"TW77264",2022,39,"20221O109",2878,18.7,14,8,14.0625,1.500625,3,111
2026,"TX42064",2016,33,"20161EX5",2717,14.9,29,8,12.51875,1.5025,3,102
2027,"TX42112",2015,32,"20151C20",2679,17,13,8,10.853125,2.409375,13,100
2028,"TX42146",2015,32,"20151SW30",2707,17.5,17,9,11.159375,1.141875,8,101
2029,"TX42262",2016,33,"20161EX17",2715,20.6,20,5,12.265625,1.865,6,102
2030,"TX42273",2016,33,"20161W74",2722,20.3,23,6,12.08125,1.005625,5,102
2031,"TX42458",2016,33,"20161EX28",2716,18.7,23,6,12.40625,1.81125,0,102
2032,"TX42467",2016,33,"20161EX10",2714,19.7,28,6,12.40625,1.81125,0,102
2033,"TX42522",2013,30,"20131EX73",2602,12.8,28,6,10.85625,1.783125,13,97
2034,"TX42538",2013,30,"20131O104",2612,18.7,32,6,11.0125,1.718125,10,96
2035,"TX42556",2013,30,"20131EX86",2603,19.8,36,5,11.946875,0.999375,6,96
2036,"TX42603",2013,30,"20131O76",2616,19.9,41,3,12.0875,1.00625,5,96
2037,"TX42718",2013,30,"20131O25",2614,16.4,31,4,11.025,1.741875,11,96
2038,"TX42740",2013,30,"20131SW20",2621,15.2,33,6,11.0875,1.71375,9,95
2039,"TX42746",2013,30,"20131O85",2617,18,34,8,11.946875,0.999375,6,96
2040,"TX42760",2013,30,"20131EX37",2598,19.3,32,5,12.215625,1.0075,4,95
2041,"TX42779",2013,30,"20131EX89",2604,17,36,7,12.490625,1.00875,3,95
2042,"TX42844",2015,32,"20151EX43C",2693,20,19,11,11.09375,1.13875,6,101
2043,"TX42860",2015,32,"20151EX41C",2691,16,22,8,11.09375,1.13875,6,100
2044,"TX42863",2015,32,"20151EX41C",2691,19.1,22,8,11.09375,1.13875,6,100
2045,"TX42926",2018,35,"20181O96",2789,17.6,23,9,14.25,1.86,1,105
2046,"TX42961",2018,35,"20181O46",2783,19.1,24,8,14.509375,1.874375,0,105
2047,"TX42970",2018,35,"20181EX90",2773,18.5,25,10,15.434375,2.485,2,105
2048,"TX42971",2018,35,"20181EX90",2773,19.4,25,10,15.434375,2.485,2,105
2049,"TX42993",2018,35,"20181EX68",2770,20,26,12,15.921875,2.498125,3,105
2050,"TY68161",2020,37,"20201W87",2844,16,18,8,11.53125,0.27875,0,109
2051,"TY68169",2020,37,"20201W75",2843,17.3,16,10,11.53125,0.27875,0,109
2052,"TY68190",2020,37,"20201EX35",2838,18.5,17,8,11.909375,0.27875,1,109
2053,"TY68217",2020,37,"20201W54",2842,14.6,20,7,11.925,0.2725,3,109
2054,"TY68302",2021,38,"20211MP48",2854,18,9,6,8.590625,3.36125,25,110
2055,"TY68319",2021,38,"20211MP56",2856,19.1,8,6,9.790625,4.200625,21,110
2056,"TY68343",2021,38,"20211MP51",2855,18.1,16,6,10.646875,3.5175,15,110
2057,"TY68348",2021,38,"20211MP51",2855,17,16,6,10.646875,3.5175,15,110
2058,"TY68394",2021,38,"20211MP39",2853,15,23,4,10.58125,3.23375,11,110
2059,"TY68410",2021,38,"20211MP17",2852,19.9,22,6,11.134375,3.01125,9,110
2060,"TY68543",2020,37,"20201C20",2834,20.5,14,10,10.80625,0.256875,2,109
2061,"TY68797",2021,38,"20211W67",2863,18.6,20,8,10.478125,3.565625,14,110
2062,"TY68909",2023,40,"20231W100",2932,21,22,7,12.703125,0.07625,3,113
2063,"TY69171",2023,40,"20231B213",2892,16.5,16,7,12.340625,1.530625,9,113
2064,"TY69259",2022,39,"20221B98",2866,17.2,17,7,13.971875,1.678125,4,111
2065,"TY69291",2022,39,"20221B101",2864,16.6,17,7,14.0125,1.803125,1,111
2066,"TY69322",2021,38,"20211O12",2858,17.1,16,9,10.646875,3.5175,15,110
2067,"TY69523",2020,37,"20201EX25",2837,18.9,17,6,11.909375,0.27875,1,109
2068,"TY69573",2020,37,"20201CP2",2835,18,18,9,11.925,0.2725,3,109
2069,"TY69586",2020,37,"20201CP28",2836,15.5,23,8,12.765625,0.035,6,109
2070,"TY69694",2022,39,"20221W97",2887,18,20,7,13.915625,1.773125,1,111
2071,"TY69797",2022,39,"20221CP38",2872,17.9,21,7,13.9875,1.819375,0,111
2072,"TY69868",2023,40,"20231B4",2893,19,22,6,12.525,0.11,5,113
2073,"TY69869",2023,40,"20231B4",2893,18,22,6,12.525,0.11,5,113
2074,"TY69934",2023,40,"20231W95",2941,17.8,18,7,12.4625,1.555,10,113
2075,"TY69940",2023,40,"20231W60",2939,19.1,12,9,12.396875,0.9475,8,113
2076,"TY69948",2023,40,"20231W42",2936,18.9,20,10,12.371875,0.630625,7,113
2077,"TY69956",2023,40,"20231W50",2937,19.8,21,4,12.478125,0.43375,6,113
2078,"TY69957",2023,40,"20231W50",2937,20.6,21,4,12.478125,0.43375,6,113
2079,"TY69960",2023,40,"20231W33",2935,18.9,16,8,12.478125,0.43375,6,113
2080,"TY70056",2020,37,"20201MP75",2840,19.2,13,8,10.184375,0.286875,4,109
2081,"TY70082",2020,37,"20201B192",2832,19.3,14,8,10.415625,0.283125,3,109
2082,"TY70199",2020,37,"20201B205",2833,16.9,21,6,11.859375,0.066875,4,109
2083,"TY70233",2020,37,"20201MP42",2839,13.7,25,8,13.365625,0.035,7,109
2084,"TY70346",2022,39,"20221EX86",2876,19.5,26,9,13.246875,1.491875,6,111
2085,"TY70348",2022,39,"20221EX86",2876,19.6,26,9,13.246875,1.491875,6,112
2086,"TY70380",2023,40,"20231MP68",2915,19.1,24,9,12.775,0.0825,1,113
2087,"TY70389",2023,40,"20231B18",2891,19.1,28,8,13.1125,0.075,2,113
2088,"TY70403",2023,40,"20231EX21",2903,19,10,10,12.340625,1.530625,9,113
2089,"TY70404",2023,40,"20231EX21",2903,18.8,10,10,12.340625,1.530625,9,113
2090,"TY70406",2023,40,"20231EX21",2903,18.2,10,10,12.340625,1.530625,9,113
2091,"TY70425",2023,40,"20231EX37",2906,18.4,18,9,12.478125,0.43375,6,113
2092,"TY70462",2023,40,"20231EX28",2904,19,21,9,12.525,0.11,5,113
2093,"TY70474",2023,40,"20231EX3",2905,16.6,21,9,12.665625,0.076875,4,113
2094,"TY70480",2023,40,"20231EX4",2907,19.1,22,9,12.665625,0.076875,4,113
2095,"TY70483",2023,40,"20231EX4",2907,19.7,22,9,12.665625,0.076875,4,113
2096,"TY70596",2020,37,"20201O40",2841,17.8,24,8,12.765625,0.035,6,109
2097,"TY70637",2023,40,"20231MP58",2914,17.8,22,9,12.703125,0.07625,3,113
2098,"TY70850",2023,40,"20231EX61",2910,18.1,25,8,12.678125,0.0875,2,113
2099,"TY70859",2023,40,"20231EX64",2912,19.2,24,8,12.678125,0.0875,2,113
2100,"TY70895",2023,40,"20231SW27",2927,19.2,22,9,12.678125,0.0875,2,113
2101,"TY70897",2023,40,"20231EX63",2911,18.8,21,8,12.775,0.0825,1,113
2102,"VB54005",1986,7,"19861CP37",254,19.2,32,10,11.290625,1.00625,11.4,12
2103,"VB54007",1986,7,"19861CP37",254,19.1,32,10,11.290625,1.00625,11.4,13
2104,"VB54018",1986,7,"19861CP14A",252,19.2,32,11,11.384375,1.4,9.40000000000001,12
2105,"VB54035",1986,7,"19861W24",311,21,34,9,11.384375,1.4,9.40000000000001,12
2106,"VB54037",1986,7,"19861W24",311,20.8,34,9,11.384375,1.4,9.40000000000001,12
2107,"VB54041",1986,7,"19861EX3",261,16.1,37,8,11.3625,1.4875,8.40000000000001,12
2108,"VB54048",1986,7,"19861EX18A",257,20.1,32,11,11.3625,1.4875,8.40000000000001,12
2109,"VB54060",1986,7,"19861W99",318,19.2,36,9,11.3625,1.4875,8.40000000000001,12
2110,"VB54064",1986,7,"19861W99",318,18.9,36,9,11.3625,1.4875,8.40000000000001,13
2111,"VB54068",1986,7,"19861W50",315,17.6,35,9,11.3625,1.4875,8.40000000000001,13
2112,"VB54074",1986,7,"19861W50",315,19.8,35,9,11.3625,1.4875,8.40000000000001,14
2113,"VB54076",1986,7,"19861CP33",253,19,35,10,11.3625,1.4875,8.40000000000001,12
2114,"VB54083",1986,7,"19861EX29A",260,19.7,35,8,11.3625,1.4875,8.40000000000001,12
2115,"VB54093",1986,7,"19861EX78",271,18.1,34,9,11.209375,1.5125,7.40000000000001,12
2116,"VB54095",1986,7,"19861EX78",271,17.2,34,9,11.209375,1.5125,7.40000000000001,13
2117,"VB54096",1986,7,"19861EX78",271,16.8,34,9,11.209375,1.5125,7.40000000000001,12
2118,"VB54098",1986,7,"19861EX42A",264,16.3,34,10,11.209375,1.5125,7.40000000000001,12
2119,"VB54111",1986,7,"19861W83",317,19.3,35,10,11.621875,1.41875,5.40000000000001,12
2120,"VB54114",1986,7,"19861W83",317,18.9,35,10,11.621875,1.41875,5.40000000000001,12
2121,"VB54118",1986,7,"19861W83",317,19.7,35,10,11.621875,1.41875,5.40000000000001,12
2122,"VB54119",1986,7,"19861W83",317,18.8,35,10,11.621875,1.41875,5.40000000000001,12
2123,"VB54122",1986,7,"19861EX38A",262,18.8,37,8,12.03125,1.3375,4.40000000000001,12
2124,"VB54135",1986,7,"19861EX7",270,20.1,38,9,12.03125,1.3375,4.40000000000001,13
2125,"VB54141",1986,7,"19861W17",310,18.2,40,10,12.03125,1.3375,4.40000000000001,13
2126,"VB54142",1986,7,"19861W17",310,20.2,40,10,12.03125,1.3375,4.40000000000001,12
2127,"VB54182",1986,7,"19861EX45",265,21,39,9,12.03125,1.3375,4.40000000000001,12
2128,"VB54184",1986,7,"19861EX45",265,20.2,39,9,12.03125,1.3375,4.40000000000001,12
2129,"VB54185",1986,7,"19861EX45",265,20.1,39,9,12.03125,1.3375,4.40000000000001,12
2130,"VB54186",1986,7,"19861EX45",265,19,39,9,12.03125,1.3375,4.40000000000001,12
2131,"VB54255",1986,7,"19861EX69",269,20.1,45,9,13.6625,0.61875,1.59999999999999,12
2132,"VB54262",1986,7,"19861EX69",269,19.9,45,9,13.6625,0.61875,1.59999999999999,13
2133,"VB54285",1986,7,"19861EX49A",266,18.7,44,10,13.9875,0.55625,2.59999999999999,13
2134,"VB54316",1986,7,"19861W64A",316,18.5,35,9,12.50625,1.25625,3.40000000000001,13
2135,"VB54332",1986,7,"19861CP39",255,21,45,6,13.078125,1.06875,2.40000000000001,12
2136,"VB54341",1986,7,"19861W3",312,20.2,41,9,13.078125,1.06875,2.40000000000001,12
2137,"VB54363",1986,7,"19861EX26",259,19.9,42,5,13.078125,1.06875,2.40000000000001,14
2138,"VB54389",1986,7,"19861W1",309,20.4,43,8,13.309375,1,1.40000000000001,12
2139,"VB54439",1986,7,"19861CP40A",256,19.9,38,7,11.303125,1.5125,6.40000000000001,12
2140,"VB54444",1986,7,"19861EX22",258,21.3,37,9,11.303125,1.5125,6.40000000000001,12
2141,"VB54447",1986,7,"19861EX22",258,21.8,37,9,11.303125,1.5125,6.40000000000001,12
2142,"VB54448",1986,7,"19861EX22",258,20.9,37,9,11.303125,1.5125,6.40000000000001,13
2143,"VB54463",1986,7,"19861W40",313,20.9,39,6,11.303125,1.5125,6.40000000000001,12
2144,"VB54494",1986,7,"19861EX59",268,18.9,35,8,11.621875,1.41875,5.40000000000001,12
2145,"VB54502",1986,7,"19861W5",314,19.8,49,9,14.328125,1.25,4.59999999999999,12
2146,"VB54506",1986,7,"19861EX85",272,18.6,46,9,14.753125,0.85625,6.59999999999999,12
2147,"VB54508",1986,7,"19861EX85",272,17.1,46,9,14.753125,0.85625,6.59999999999999,12
2148,"VB54566",1987,8,"19871W38",449,17.8,18,8,9.4,1.8525,14.4,16
2149,"VB54569",1987,8,"19871W38",449,17.3,18,8,9.4,1.8525,14.4,16
2150,"VB54572",1987,8,"19871W38",449,19.2,18,8,9.4,1.8525,14.4,17
2151,"VB54579",1987,8,"19871EX2",362,19.5,21,9,9.11875,1.89625,11.4,15
2152,"VB54589",1987,8,"19871EX4",370,19.9,18,11,9.11875,1.89625,11.4,18
2153,"VB54592",1987,8,"19871EX4",370,19.4,18,11,9.11875,1.89625,11.4,16
2154,"VB54600",1987,8,"19871EX10",359,19.1,18,12,9.11875,1.89625,11.4,15
2155,"VB54603",1987,8,"19871EX10",359,19.2,18,12,9.11875,1.89625,11.4,16
2156,"VB54605",1987,8,"19871EX10A",360,18.2,19,10,9.11875,1.89625,11.4,16
2157,"VB54613",1987,8,"19871EX10A",360,19.5,19,10,9.11875,1.89625,11.4,15
2158,"VB54614",1987,8,"19871EX31A",366,18.3,18,10,9.11875,1.89625,11.4,15
2159,"VB54618",1987,8,"19871EX31A",366,19.3,18,10,9.11875,1.89625,11.4,17
2160,"VB54621",1987,8,"19871EX31A",366,19.5,18,10,9.11875,1.89625,11.4,16
2161,"VB54649",1987,8,"19871CP9",358,18.1,18,11,9.11875,1.89625,11.4,16
2162,"VB54660",1987,8,"19871CP37",354,17.1,19,10,9.175,1.89625,12.4,16
2163,"VB54661",1987,8,"19871CP37",354,17.4,19,10,9.175,1.89625,12.4,15
2164,"VB54668",1987,8,"19871CP37",354,18,19,10,9.175,1.89625,12.4,15
2165,"VB54676",1987,8,"19871EX54",376,18,19,10,9.175,1.89625,12.4,16
2166,"VB54689",1987,8,"19871EX39B",369,18.1,19,11,9.428125,1.85875,10.4,17
2167,"VB54692",1987,8,"19871EX39B",369,18.9,19,11,9.428125,1.85875,10.4,16
2168,"VB54697",1987,8,"19871EX39B",369,17.8,19,11,9.428125,1.85875,10.4,15
2169,"VB54704",1987,8,"19871B125",323,18,23,8,9.625,1.759375,9.4,15
2170,"VB54715",1987,8,"19871B66",334,18.9,21,11,9.625,1.759375,9.4,15
2171,"VB54716",1987,8,"19871B66",334,17.7,21,11,9.625,1.759375,9.4,15
2172,"VB54734",1987,8,"19871B63",333,16.3,19,12,9.753125,1.635,8.4,15
2173,"VB54744",1987,8,"19871B51",332,17.6,21,9,9.753125,1.635,8.4,15
2174,"VB54749",1987,8,"19871B51",332,19.8,21,9,9.753125,1.635,8.4,15
2175,"VB54756",1987,8,"19871B172",326,19.7,21,8,9.753125,1.635,8.4,15
2176,"VB54769",1987,8,"19871B98",339,19.8,24,9,9.753125,1.635,8.4,15
2177,"VB54778",1987,8,"19871B1",319,18,23,8,9.753125,1.635,8.4,15
2178,"VB54785",1987,8,"19871SW43",434,21,23,9,9.753125,1.635,8.4,15
2179,"VB54788",1987,8,"19871SW43",434,19.4,23,9,9.753125,1.635,8.4,15
2180,"VB54792",1987,8,"19871SW56",436,19.4,22,10,9.625,1.759375,9.4,15
2181,"VB54805",1987,8,"19871B78",335,16.8,19,10,9.175,1.89625,12.4,15
2182,"VB54815",1987,8,"19871B85",336,17,20,9,9.428125,1.85875,10.4,15
2183,"VB54822",1987,8,"19871B171",325,17.5,21,9,9.428125,1.85875,10.4,17
2184,"VB54841",1987,8,"19871B109",321,17.7,22,8,9.428125,1.85875,10.4,15
2185,"VB54851",1987,8,"19871B112",322,17.7,21,9,9.428125,1.85875,10.4,15
2186,"VB54856",1987,8,"19871B91",337,18.9,19,11,9.428125,1.85875,10.4,16
2187,"VB54863",1987,8,"19871B226",330,19.2,20,10,9.428125,1.85875,10.4,18
2188,"VB54865",1987,8,"19871B226",330,18.6,20,10,9.428125,1.85875,10.4,15
2189,"VB54868",1987,8,"19871B226",330,17.8,20,10,9.428125,1.85875,10.4,15
2190,"VB54869",1987,8,"19871B226",330,18.2,20,10,9.428125,1.85875,10.4,15
2191,"VB54882",1987,8,"19871B215",329,16.8,21,10,9.625,1.759375,9.4,15
2192,"VB54890",1987,8,"19871B184",327,18,19,12,9.625,1.759375,9.4,17
2193,"VB54909",1986,7,"19861B77",239,19.6,43,10,13.309375,1,1.40000000000001,12
2194,"VB54915",1986,7,"19861B77",239,19.1,43,10,13.309375,1,1.40000000000001,12
2195,"VB54922",1986,7,"19861SW89",308,19.3,42,10,13.309375,1,1.40000000000001,12
2196,"VB54939",1986,7,"19861B60",237,18,46,9,13.6625,0.61875,1.59999999999999,12
2197,"VB54945",1986,7,"19861B221",231,21.2,50,8,14.328125,1.25,4.59999999999999,14
2198,"VB55008",1987,8,"19871O38A",413,19.1,20,5,9.625,1.759375,9.4,15
2199,"VB55014",1987,8,"19871O30",412,19.7,21,10,9.625,1.759375,9.4,15
2200,"VB55016",1987,8,"19871O30",412,19.8,21,10,9.625,1.759375,9.4,15
2201,"VB55018",1987,8,"19871O30",412,19.2,21,10,9.625,1.759375,9.4,16
2202,"VB55023",1987,8,"19871SW124",429,16.3,22,10,9.753125,1.635,8.4,16
2203,"VB55027",1987,8,"19871SW124",429,17,22,10,9.753125,1.635,8.4,15
2204,"VB55034",1987,8,"19871O20",410,17.5,20,11,9.625,1.759375,9.4,15
2205,"VB55038",1987,8,"19871O20",410,18.6,20,11,9.625,1.759375,9.4,15
2206,"VB55041",1987,8,"19871O20",410,18.4,20,11,9.625,1.759375,9.4,15
2207,"VB55045",1987,8,"19871O11",406,20.2,20,11,9.625,1.759375,9.4,15
2208,"VB55053",1987,8,"19871O11",406,20,20,11,9.625,1.759375,9.4,15
2209,"VB55076",1987,8,"19871O17",409,20.5,21,11,9.753125,1.635,8.4,16
2210,"VB55078",1987,8,"19871O17",409,20.8,21,11,9.753125,1.635,8.4,16
2211,"VB55079",1987,8,"19871O17",409,19.7,21,11,9.753125,1.635,8.4,15
2212,"VB55080",1987,8,"19871O17",409,20,21,11,9.753125,1.635,8.4,16
2213,"VB55091",1987,8,"19871O71",419,20.1,22,8,10.021875,1.286875,7.4,15
2214,"VB55104",1987,8,"19871O50",417,17.8,22,11,10.021875,1.286875,7.4,17
2215,"VB55121",1987,8,"19871O77",420,18.7,23,9,10.35,1.1875,6.4,15
2216,"VB55134",1987,8,"19871O63",418,20.6,22,10,10.35,1.1875,6.4,15
2217,"VB55136",1987,8,"19871O63",418,17.3,22,10,10.35,1.1875,6.4,15
2218,"VB55155",1987,8,"19871O47",416,17.9,25,9,10.35,1.1875,6.4,15
2219,"VB55156",1987,8,"19871O47",416,17.5,25,9,10.35,1.1875,6.4,15
2220,"VB55165",1987,8,"19871O101",403,17.7,23,11,10.35,1.1875,6.4,18
2221,"VB55172",1987,8,"19871O101",403,18,23,11,10.35,1.1875,6.4,15
2222,"VB55175",1987,8,"19871O105",404,21.1,23,11,10.35,1.1875,6.4,16
2223,"VB55182",1987,8,"19871O105",404,19.4,23,11,10.35,1.1875,6.4,16
2224,"VB55183",1987,8,"19871O105",404,19.1,23,11,10.35,1.1875,6.4,16
2225,"VB55208",1987,8,"19871O95",422,18.5,23,12,10.759375,1.094375,5.4,15
2226,"VB55215",1987,8,"19871SW9",441,20.2,24,9,10.35,1.1875,6.4,15
2227,"VB55236",1987,8,"19871SW14",432,17.8,25,10,10.759375,1.094375,5.4,16
2228,"VB55238",1987,8,"19871SW14",432,18.3,25,10,10.759375,1.094375,5.4,16
2229,"VB55241",1987,8,"19871EX92",388,20.5,23,12,10.759375,1.094375,5.4,15
2230,"VB55254",1987,8,"19871EX84",387,20,26,9,10.759375,1.094375,5.4,15
2231,"VB55262",1987,8,"19871O114",408,20.7,23,11,10.35,1.1875,6.4,15
2232,"VB55271",1987,8,"19871O39",414,17,25,11,10.759375,1.094375,5.4,16
2233,"VB55277",1987,8,"19871O39",414,16.5,25,11,10.759375,1.094375,5.4,15
2234,"VB55287",1987,8,"19871SW101",427,17.2,26,11,11.121875,1.10125,4.4,15
2235,"VB55289",1987,8,"19871SW101",427,18,26,11,11.121875,1.10125,4.4,15
2236,"VB55291",1987,8,"19871SW101",427,17.7,26,11,11.121875,1.10125,4.4,15
2237,"VB55294",1987,8,"19871SW108",428,19.1,27,6,11.58125,1.37125,2.4,17
2238,"VB55298",1987,8,"19871SW108",428,18.7,27,6,11.58125,1.37125,2.4,15
2239,"VB55324",1987,8,"19871SW127",430,19.5,27,9,11.121875,1.10125,4.4,15
2240,"VB55335",1987,8,"19871O84",421,18.5,22,12,10.35,1.1875,6.4,15
2241,"VB55371",1987,8,"19871O111",407,18.4,26,9,11.353125,1.22125,3.4,15
2242,"VB55373",1987,8,"19871SW130",431,19.6,25,11,11.353125,1.22125,3.4,16
2243,"VB55401",1987,8,"19871O46",415,19.1,29,9,11.58125,1.37125,2.4,15
2244,"VB55402",1987,8,"19871O46",415,19.1,29,9,11.58125,1.37125,2.4,16
2245,"VB55405",1987,8,"19871O46",415,18.7,29,9,11.58125,1.37125,2.4,15
2246,"VB55415",1987,8,"19871O27A",411,18.9,28,10,11.58125,1.37125,2.4,15
2247,"VB55428",1987,8,"19871O107",405,18.3,26,11,11.58125,1.37125,2.4,15
2248,"VB55501",1987,8,"19871SW61",437,18.6,23,10,10.35,1.1875,6.4,15
2249,"VB55509",1987,8,"19871B107",320,19,26,11,11.121875,1.10125,4.4,16
2250,"VB55516",1987,8,"19871B96",338,18.3,27,9,11.353125,1.22125,3.4,16
2251,"VB55520",1987,8,"19871B96",338,18.3,27,9,11.353125,1.22125,3.4,18
2252,"VB55569",1988,9,"19881B99",462,19.8,27,7,11.575,1.3325,5.4,19
2253,"VB55574",1988,9,"19881B99",462,19.3,27,7,11.575,1.3325,5.4,19
2254,"VB55582",1988,9,"19881B218",460,19,28,7,11.384375,1.45,4.4,19
2255,"VB55589",1988,9,"19881B87",461,16.7,26,6,11.384375,1.45,4.4,19
2256,"VB55602",1998,15,"19981EX56",1216,19.5,21,8,13.875,0.44375,3,45
2257,"VB55620",1998,15,"19981EX10A",1200,20.7,24,9,13.80625,0.44375,2,44
2258,"VB55623",1998,15,"19981EX10A",1200,19.9,24,9,13.80625,0.44375,2,44
2259,"VB55641",1998,15,"19981CP24",1194,18.3,21,10,13.5875,0.4975,1,45
2260,"VB55667",1998,15,"19981W52",1256,17.6,22,8,13.5875,0.4975,1,44
2261,"VB55674",1998,15,"19981W73",1260,19.6,25,7,13.5875,0.4975,1,44
2262,"VB55675",1998,15,"19981EX30",1209,19.1,23,8,13.5875,0.4975,1,44
2263,"VB55710",1993,10,"19931W67",659,19.3,17,8,11.21875,1.43625,13,23
2264,"VB55727",1993,10,"19931CP41",558,19.3,16,7,11.334375,1.43625,12,21
2265,"VB55730",1993,10,"19931CP41",558,19.5,16,7,11.334375,1.43625,12,21
2266,"VB55733",1993,10,"19931W27",649,19.3,16,10,11.334375,1.43625,12,25
2267,"VB55735",1993,10,"19931W27",649,20.8,16,10,11.334375,1.43625,12,21
2268,"VB55738",1993,10,"19931W27",649,19.1,16,10,11.334375,1.43625,12,21
2269,"VB55751",1993,10,"19931CP38",555,18.1,17,8,11.6875,1.43625,11,21
2270,"VB55756",1993,10,"19931EX53",581,19.3,16,6,11.6875,1.43625,11,21
2271,"VB55757",1993,10,"19931EX53",581,20.1,16,6,11.6875,1.43625,11,21
2272,"VB55787",1993,10,"19931EX25",566,20.8,19,7,11.6875,1.43625,11,21
2273,"VB55788",1993,10,"19931EX25",566,20.9,19,7,11.6875,1.43625,11,21
2274,"VB55789",1993,10,"19931CP20",550,18.2,19,7,12.159375,1.404375,10,21
2275,"VB55790",1993,10,"19931CP20",550,18.2,19,7,12.159375,1.404375,10,21
2276,"VB55795",1993,10,"19931CP20",550,18.8,19,7,12.159375,1.404375,10,23
2277,"VB55798",1993,10,"19931CP5",560,19.2,19,7,12.159375,1.404375,10,23
2278,"VB55806",1987,8,"19871MP10",389,17,36,11,12.3125,2.559375,4.6,15
2279,"VB55864",2017,34,"20171MP62",2739,18,9,6,10.253125,0.645,13,104
2280,"VB55894",2017,34,"20171MP66",2740,18.6,5,8,10.759375,0.66625,12,103
2281,"VC47008",1987,8,"19871EX62F",379,20.3,22,11,10.35,1.1875,6.4,15
2282,"VC47011",1987,8,"19871EX62F",379,20.8,22,11,10.35,1.1875,6.4,15
2283,"VC47015",1987,8,"19871CP2",350,20.1,22,12,10.35,1.1875,6.4,15
2284,"VC47018",1987,8,"19871CP2",350,18.8,22,12,10.35,1.1875,6.4,15
2285,"VC47020",1987,8,"19871CP2",350,18.7,22,12,10.35,1.1875,6.4,15
2286,"VC47053",1987,8,"19871EX25",364,19.4,24,10,10.35,1.1875,6.4,17
2287,"VC47059",1987,8,"19871W20",445,17.2,22,11,10.35,1.1875,6.4,15
2288,"VC47077",1987,8,"19871EX5A",377,19.5,23,11,10.35,1.1875,6.4,15
2289,"VC47081",1987,8,"19871EX5A",377,19,23,11,10.35,1.1875,6.4,15
2290,"VC47082",1987,8,"19871EX5A",377,18.2,23,11,10.35,1.1875,6.4,15
2291,"VC47094",1987,8,"19871EX42A",372,19.1,24,10,10.35,1.1875,6.4,15
2292,"VC47098",1987,8,"19871W73",454,19.2,26,10,10.759375,1.094375,5.4,15
2293,"VC47100",1987,8,"19871W73",454,21.1,26,10,10.759375,1.094375,5.4,15
2294,"VC47106",1987,8,"19871W68",452,21.8,28,6,10.759375,1.094375,5.4,15
2295,"VC47112",1987,8,"19871W47",450,19.2,25,9,10.759375,1.094375,5.4,15
2296,"VC47114",1987,8,"19871W47",450,19.1,25,9,10.759375,1.094375,5.4,18
2297,"VC47117",1987,8,"19871W47",450,19,25,9,10.759375,1.094375,5.4,15
2298,"VC47121",1987,8,"19871W17",444,19.3,26,11,11.121875,1.10125,4.4,16
2299,"VC47126",1987,8,"19871W17",444,19.5,26,11,11.121875,1.10125,4.4,15
2300,"VC47133",1987,8,"19871W31",448,19.3,30,7,11.121875,1.10125,4.4,16
2301,"VC47150",1987,8,"19871CP31",352,17,26,11,11.353125,1.22125,3.4,15
2302,"VC47168",1987,8,"19871EX29A",365,18.8,27,10,11.353125,1.22125,3.4,18
2303,"VC47196",1987,8,"19871CP6",357,21.5,26,11,11.58125,1.37125,2.4,15
2304,"VC47302",1987,8,"19871C61",348,18.1,22,8,9.625,1.759375,9.4,15
2305,"VC47306",1987,8,"19871C61",348,17.9,22,8,9.625,1.759375,9.4,15
2306,"VC47317",1987,8,"19871MP70",398,18,23,5,9.753125,1.635,8.4,17
2307,"VC47320",1987,8,"19871MP60",395,18.7,24,10,10.021875,1.286875,7.4,17
2308,"VC47321",1987,8,"19871MP60",395,19,24,10,10.021875,1.286875,7.4,15
2309,"VC47323",1987,8,"19871MP60",395,18,24,10,10.021875,1.286875,7.4,15
2310,"VC47332",1987,8,"19871C34",346,19.8,22,10,10.021875,1.286875,7.4,15
2311,"VC47349",1987,8,"19871MP71",399,20.9,23,8,11.121875,1.10125,4.4,17
2312,"VC47406",1987,8,"19871MP51",394,17.7,20,11,9.625,1.759375,9.4,15
2313,"VC47414",1987,8,"19871MP83",401,18.9,19,7,9.625,1.759375,9.4,15
2314,"VC47419",1987,8,"19871MP3",390,19,20,11,9.625,1.759375,9.4,15
2315,"VC47435",1987,8,"19871C30",345,17.3,20,10,9.428125,1.85875,10.4,15
2316,"VC47441",1987,8,"19871C127",342,18.1,21,9,9.11875,1.89625,11.4,15
2317,"VC47444",1987,8,"19871C127",342,18.6,21,9,9.11875,1.89625,11.4,15
2318,"VC47445",1987,8,"19871C127",342,17.9,21,9,9.11875,1.89625,11.4,15
2319,"VC47463",1987,8,"19871C41",347,18.1,21,8,9.11875,1.89625,11.4,15
2320,"VC47476",1987,8,"19871C146",344,20.1,19,11,9.11875,1.89625,11.4,15
2321,"VC47481",1987,8,"19871C1",340,19.9,22,9,9.625,1.759375,9.4,15
2322,"VC47486",1987,8,"19871C1",340,18.4,22,9,9.625,1.759375,9.4,15
2323,"VC47493",1987,8,"19871C108",341,18.5,23,11,10.35,1.1875,6.4,15
2324,"VC47497",1987,8,"19871C108",341,19.8,23,11,10.35,1.1875,6.4,15
2325,"VE26002",1988,9,"19881SW112",497,17.7,25,4,11.940625,0.855625,7.4,20
2326,"VE26006",1988,9,"19881SW80A",501,20.2,32,4,11.83125,1.93,0.600000000000001,19
2327,"VE26007",1988,9,"19881SW80A",501,19,32,4,11.83125,1.93,0.600000000000001,20
2328,"VE26501",1988,9,"19881B211",459,18.3,27,7,11.209375,1.45,3.4,19
2329,"VE26636",1988,9,"19881B108",458,16.7,40,9,12.29375,2.24875,7.6,19
2330,"VE27025",1988,9,"19881EX33",469,18.6,23,9,11.803125,1.0725,6.4,19
2331,"VE27041",1988,9,"19881EX42",472,18.3,25,9,11.575,1.3325,5.4,20
2332,"VE27042",1988,9,"19881EX42",472,19.8,25,9,11.575,1.3325,5.4,19
2333,"VE27058",1988,9,"19881W4A",508,19.8,23,8,11.575,1.3325,5.4,19
2334,"VE27061",1988,9,"19881W7",512,18.7,26,7,11.575,1.3325,5.4,19
2335,"VE27069",1988,9,"19881W51A",510,20,23,9,11.575,1.3325,5.4,19
2336,"VE27083",1988,9,"19881EX31A",468,19.8,26,5,11.384375,1.45,4.4,20
2337,"VE27086",1988,9,"19881W78",513,17.7,21,10,11.384375,1.45,4.4,19
2338,"VE27090",1988,9,"19881W78",513,19.3,21,10,11.384375,1.45,4.4,19
2339,"VE27092",1988,9,"19881W78",513,19.1,21,10,11.384375,1.45,4.4,19
2340,"VE27101",1988,9,"19881EX49",475,20.4,30,6,11.209375,1.45,3.4,19
2341,"VE27123",1988,9,"19881CP2",464,19.2,23,8,11.209375,1.45,3.4,19
2342,"VE27145",1988,9,"19881EX63",480,18,28,6,11.2875,1.3575,2.4,19
2343,"VE27147",1988,9,"19881EX63",480,18.1,28,6,11.2875,1.3575,2.4,19
2344,"VE27149",1988,9,"19881EX45",473,20.5,30,7,11.2875,1.3575,2.4,19
2345,"VE27160",1988,9,"19881EX39B",471,17.7,23,10,11.2875,1.3575,2.4,20
2346,"VE27161",1988,9,"19881EX39B",471,18.2,23,10,11.2875,1.3575,2.4,19
2347,"VE27178",1988,9,"19881EX13A",466,20.9,28,7,11.2875,1.3575,2.4,19
2348,"VE27206",1988,9,"19881W37",507,18.9,28,6,11.2875,1.3575,2.4,19
2349,"VE27207",1988,9,"19881W37",507,19.7,28,6,11.2875,1.3575,2.4,20
2350,"VE27224",1988,9,"19881EX53",478,18.8,33,5,11.671875,1.92375,0.399999999999999,20
2351,"VE27246",1988,9,"19881W11",504,18.2,33,9,11.671875,1.92375,0.399999999999999,19
2352,"VE27265",1988,9,"19881EX66",481,18.9,33,7,11.83125,1.93,0.600000000000001,20
2353,"VE27315",1988,9,"19881W36",506,21,34,6,11.83125,1.93,0.600000000000001,20
2354,"VE27353",1988,9,"19881CP8",465,19.1,34,6,11.8875,1.93,1.6,20
2355,"VE27359",1988,9,"19881W1",502,16.8,34,9,11.8875,1.93,1.6,19
2356,"VE27369",1988,9,"19881W100",503,20.1,35,6,11.8875,1.93,1.6,20
2357,"VE27377",1988,9,"19881EX50",476,20,33,8,11.8875,1.93,1.6,19
2358,"VE27381",1988,9,"19881EX50",476,19.4,33,8,11.8875,1.93,1.6,20
2359,"VE27414",1988,9,"19881EX2",467,19.9,37,7,11.990625,2.253125,2.6,19
2360,"VE27454",1988,9,"19881W54",511,19.1,36,7,11.990625,2.253125,2.6,19
2361,"VE27457",1988,9,"19881EX39",470,19.5,35,9,12.05625,2.570625,3.6,19
2362,"VE27498",1988,9,"19881EX51",477,20.1,37,7,12.05625,2.570625,3.6,19
2363,"VE27515",1988,9,"19881EX62",479,18.8,35,7,12.05625,2.570625,3.6,19
2364,"VE27552",1988,9,"19881EX47A",474,18.2,39,7,12,2.601875,4.6,19
2365,"VE27565",1988,9,"19881W12",505,17.3,39,3,12,2.601875,4.6,19
2366,"VE27619",1988,9,"19881EX9",482,17.8,31,12,12.075,2.453125,5.6,19
2367,"VE27629",1988,9,"19881EX9",482,16.8,31,12,12.075,2.453125,5.6,20
2368,"VE32509",1988,9,"19881SW121",498,17.8,27,6,11.4625,1.793125,1.4,20
2369,"VE32525",1988,9,"19881SW132",500,18.4,36,8,12.05625,2.570625,3.6,20
2370,"VE32530",1988,9,"19881SW132",500,18.7,36,8,12.05625,2.570625,3.6,19
2371,"VE32551",1988,9,"19881SW13",499,17,37,8,12,2.601875,4.6,19
2372,"VE32556",1988,9,"19881SW106",496,17.4,39,8,12,2.601875,4.6,20
2373,"VE32569",1988,9,"19881SW101",495,18.1,32,5,12.084375,2.24875,6.6,20
2374,"VE32609",2007,24,"20071EX74",2244,21,18,8,12.0875,4.113125,3,83
2375,"VE32612",2007,24,"20071EX74",2244,20.1,18,8,12.0875,4.113125,3,82
2376,"VE32624",2007,24,"20071EX60",2237,19.9,17,8,12.0875,4.113125,3,82
2377,"VE32625",2007,24,"20071EX60",2237,17.6,17,8,12.0875,4.113125,3,82
2378,"VE32643",2007,24,"20071CP33",2214,20.5,17,9,12.0875,4.113125,3,82
2379,"VE32659",2007,24,"20071W13",2270,18.4,17,7,12.0875,4.113125,3,82
2380,"VE32975",2017,34,"20171MP35",2738,17.4,16,5,11.54375,0.9725,9,104
2381,"VE33122",1988,9,"19881C6",463,16.6,47,5,13.0125,1.54875,11.6,19
2382,"VE33515",1988,9,"19881O105",489,17.2,26,10,11.384375,1.45,4.4,19
2383,"VE33526",1988,9,"19881O19",491,19.9,27,7,11.384375,1.45,4.4,20
2384,"VE33531",1988,9,"19881MP2",483,19,31,6,11.2875,1.3575,2.4,19
2385,"VE33540",1988,9,"19881MP29",484,19.8,31,6,11.2875,1.3575,2.4,19
2386,"VE33594",1988,9,"19881MP84",487,17.4,28,6,11.8875,1.93,1.6,19
2387,"VE33634",1988,9,"19881O101",488,17.6,36,7,11.8875,1.93,1.6,19
2388,"VE33674",1988,9,"19881MP59",486,20,33,6,11.990625,2.253125,2.6,19
2389,"VE33732",1988,9,"19881O15",490,18.1,39,5,12,2.601875,4.6,20
2390,"VE33780",1988,9,"19881O75",494,17.9,39,8,12.075,2.453125,5.6,20
2391,"VE33783",1988,9,"19881MP31",485,15.7,39,8,12.075,2.453125,5.6,19
2392,"VE33801",1988,9,"19881O34",492,15.4,39,8,12.084375,2.24875,6.6,19
2393,"VE33919",1994,11,"19941C28",676,19.5,27,7,9.790625,1.375625,5,26
2394,"VE33922",1994,11,"19941C155",675,17.8,28,6,9.790625,1.375625,5,26
2395,"VF63050",2003,20,"20031SW15",1771,17.8,22,7,12.278125,2.36125,3,66
2396,"VF63055",2003,20,"20031O11",1762,19.8,20,8,11.09375,2.651875,0,67
2397,"VF63056",2003,20,"20031O11",1762,19,20,8,11.09375,2.651875,0,66
2398,"VF63063",2003,20,"20031O47",1764,18.7,20,9,11.371875,2.60875,1,67
2399,"VF63067",2003,20,"20031O47",1764,19.1,20,9,11.371875,2.60875,1,66
2400,"VF63084",2003,20,"20031O69",1765,17.6,22,10,11.784375,2.52625,2,67
2401,"VF63102",2003,20,"20031SW18",1772,18.1,20,9,11.784375,2.52625,2,68
2402,"VF63141",2003,20,"20031P18",1767,14.5,21,8,12.7875,2.231875,4,67
2403,"VF63169",2003,20,"20031SW80",1773,18.9,24,8,12.7875,2.231875,4,67
2404,"VF63170",2003,20,"20031SW80",1773,17.1,24,8,12.7875,2.231875,4,67
2405,"VF63172",2003,20,"20031SW90",1774,15.3,26,3,12.7875,2.231875,4,66
2406,"VF63190",2003,20,"20031O41",1763,18.2,54,3,12.7875,2.231875,4,66
2407,"VF63349",2003,20,"20031SW130",1770,14.7,26,8,14.696875,1.436875,10,66
2408,"VF63351",2003,20,"20031SW130",1770,15.8,26,8,14.696875,1.436875,10,68
2409,"VF63356",2003,20,"20031SW103",1769,19.1,33,5,15.578125,1.8425,15,66
2410,"VF63357",2003,20,"20031SW103",1769,17.3,33,5,15.578125,1.8425,15,67
2411,"VF63401",2004,21,"20041O86",1890,16.5,13,8,11.746875,1.91125,12,69
2412,"VF63410",2004,21,"20041SW106",1894,19,16,6,11.746875,1.91125,12,69
2413,"VF63414",2004,21,"20041SW106",1894,19,16,6,11.746875,1.91125,12,70
2414,"VF63423",2004,21,"20041SW86",1905,18.4,14,8,12.0875,1.1375,10,69
2415,"VF63441",2004,21,"20041SW105",1893,19.3,20,6,12.565625,0.74375,8,69
2416,"VF63447",2004,21,"20041SW50",1902,17.5,17,9,12.565625,0.74375,8,69
2417,"VF63451",2004,21,"20041SW50",1902,17.3,17,9,12.565625,0.74375,8,69
2418,"VF63453",2004,21,"20041SW50",1902,17.5,17,9,12.565625,0.74375,8,69
2419,"VF63455",2004,21,"20041O56",1885,18.3,10,9,12.565625,0.74375,8,69
2420,"VF63460",2004,21,"20041O56",1885,19.7,10,9,12.565625,0.74375,8,69
2421,"VF63462",2004,21,"20041O56",1885,18.7,10,9,12.565625,0.74375,8,69
2422,"VF63472",2004,21,"20041SW9",1906,16.7,17,9,12.640625,0.19875,6,69
2423,"VF63479",2004,21,"20041SW9",1906,17.3,17,9,12.640625,0.19875,6,70
2424,"VF63481",2004,21,"20041SW62",1903,18,16,7,12.575,0.743125,7,69
2425,"VF63487",2004,21,"20041SW62",1903,19,16,7,12.575,0.743125,7,69
2426,"VF63505",2000,17,"20001C101",1337,18.2,23,9,12.0875,4.7925,0,53
2427,"VF63511",2000,17,"20001C160A",1351,19.2,24,9,11.725,4.965625,1,52
2428,"VF63524",2000,17,"20001C155",1350,20.1,29,5,11.33125,4.911875,2,53
2429,"VF63526",2000,17,"20001C155",1350,20.3,29,5,11.33125,4.911875,2,52
2430,"VF63529",2000,17,"20001C15",1349,18.6,28,5,11.33125,4.911875,2,52
2431,"VF63533",2000,17,"20001C15",1349,18.8,28,5,11.33125,4.911875,2,52
2432,"VF63547",2000,17,"20001C136",1348,20.2,29,6,10.778125,5.2725,4,52
2433,"VF63549",2000,17,"20001C129",1346,18.9,31,6,11.38125,4.748125,7,53
2434,"VF63552",2000,17,"20001C129",1346,19.9,31,6,11.38125,4.748125,7,53
2435,"VF63553",2000,17,"20001C129",1346,18.4,31,6,11.38125,4.748125,7,53
2436,"VF63561",2000,17,"20001C127",1345,18.5,49,4,15.6625,0.591875,23,53
2437,"VF63616",2001,18,"20011C14",1486,19,20,7,13.496875,2.5025,9,59
2438,"VF63658",2001,18,"20011C135",1485,18,28,4,13.7125,0.7425,6,57
2439,"VF63666",2001,18,"20011C9",1489,16.9,28,4,13.7125,0.7425,6,59
2440,"VF63678",2001,18,"20011C1",1481,19.8,25,7,13.725,0.54,5,57
2441,"VF63679",2001,18,"20011C1",1481,20.4,25,7,13.725,0.54,5,57
2442,"VF63690",2001,18,"20011C110",1482,19,23,8,13.94375,0.25375,3,57
2443,"VF63705",2004,21,"20041O41",1883,17.4,18,7,12.640625,0.19875,6,69
2444,"VF63731",2004,21,"20041P1",1891,20.1,17,10,12.640625,0.19875,6,70
2445,"VF63736",2004,21,"20041P1",1891,18,17,10,12.640625,0.19875,6,69
2446,"VF63738",2004,21,"20041P1",1891,18.9,17,10,12.640625,0.19875,6,69
2447,"VF63740",2004,21,"20041O75A",1889,18.3,19,10,12.7375,0.158125,5,69
2448,"VF63745",2004,21,"20041O75A",1889,17.6,19,10,12.7375,0.158125,5,69
2449,"VF63747",2004,21,"20041O75A",1889,18.3,19,10,12.7375,0.158125,5,69
2450,"VF63748",2004,21,"20041O75A",1889,18.7,19,10,12.7375,0.158125,5,73
2451,"VF63751",2004,21,"20041O110",1878,16.8,16,9,12.7375,0.158125,5,70
2452,"VF63778",2004,21,"20041SW81",1904,18.5,17,10,12.765625,0.105,4,69
2453,"VF63781",2004,21,"20041SW81",1904,18.2,17,10,12.765625,0.105,4,69
2454,"VF63786",2004,21,"20041SW81",1904,17.7,17,10,12.765625,0.105,4,69
2455,"VF63789",2004,21,"20041SW34",1900,19,19,10,12.765625,0.105,4,70
2456,"VF63793",2004,21,"20041SW34",1900,18.2,19,10,12.765625,0.105,4,69
2457,"VF63794",2004,21,"20041SW34",1900,18.8,19,10,12.765625,0.105,4,69
2458,"VF63805",2004,21,"20041O59",1886,18.3,17,6,12.765625,0.105,4,69
2459,"VF63811",2004,21,"20041O64",1887,18.7,19,5,12.765625,0.105,4,69
2460,"VF63816",2004,21,"20041SW129",1896,16.7,18,10,12.6125,0.145,3,69
2461,"VF63817",2004,21,"20041SW129",1896,19.8,18,10,12.6125,0.145,3,69
2462,"VF63822",2004,21,"20041SW129",1896,16.9,18,10,12.6125,0.145,3,70
2463,"VF63835",2004,21,"20041O118",1879,18.3,17,8,12.640625,0.145,2,71
2464,"VF63841",2004,21,"20041O29",1881,18.6,20,10,12.884375,0.355,1,70
2465,"VF63850",2004,21,"20041O45",1884,19.6,19,7,12.640625,0.145,2,69
2466,"VF63851",2004,21,"20041O45",1884,18.3,19,7,12.640625,0.145,2,69
2467,"VF63852",2004,21,"20041O45",1884,19.7,19,7,12.640625,0.145,2,69
2468,"VF63853",2004,21,"20041O45",1884,19.1,19,7,12.640625,0.145,2,69
2469,"VF63856",2004,21,"20041O45",1884,18.3,19,7,12.640625,0.145,2,71
2470,"VF63867",2004,21,"20041SW28",1898,16.7,20,9,12.678125,0.174375,1,70
2471,"VF63882",2004,21,"20041SW126",1895,19.6,18,11,12.678125,0.174375,1,69
2472,"VF63896",2004,21,"20041SW42",1901,17.4,22,8,12.640625,0.145,2,69
2473,"VF63946",2004,21,"20041O36",1882,16.3,22,8,12.859375,0.285,0,69
2474,"VF63955",2004,21,"20041O27A",1880,19.1,24,9,12.859375,0.285,0,73
2475,"VF63966",2004,21,"20041O106",1877,18.7,24,8,12.884375,0.355,1,70
2476,"VF63970",2004,21,"20041O106",1877,17.3,24,8,12.884375,0.355,1,69
2477,"VF63972",2004,21,"20041O106",1877,19.2,24,8,12.884375,0.355,1,69
2478,"VF64015",2000,17,"20001SW5",1440,19.6,24,7,11.725,4.965625,1,53
2479,"VF64019",2000,17,"20001SW5",1440,18.2,24,7,11.725,4.965625,1,53
2480,"VF64021",2000,17,"20001SW5",1440,18.7,24,7,11.725,4.965625,1,53
2481,"VF64031",2000,17,"20001O100",1411,17.1,20,10,11.33125,4.911875,2,52
2482,"VF64040",2000,17,"20001O107",1413,18.7,28,6,11.33125,4.911875,2,52
2483,"VF64042",2000,17,"20001O107",1413,20,28,6,11.33125,4.911875,2,54
2484,"VF64044",2000,17,"20001O107",1413,18.8,28,6,11.33125,4.911875,2,52
2485,"VF64046",2000,17,"20001O81",1426,19.1,21,9,11.725,4.965625,1,52
2486,"VF64050",2000,17,"20001O81",1426,18.8,21,9,11.725,4.965625,1,52
2487,"VF64053",2000,17,"20001O81",1426,18.4,21,9,11.725,4.965625,1,53
2488,"VF64058",2000,17,"20001O109",1414,18.9,25,9,11.33125,4.911875,2,52
2489,"VF64070",2000,17,"20001SW134",1437,18,27,8,11.33125,4.911875,2,52
2490,"VF64076",2000,17,"20001SW29",1438,17.5,24,7,11.33125,4.911875,2,52
2491,"VF64081",2000,17,"20001SW72",1443,18.2,24,7,11.33125,4.911875,2,54
2492,"VF64084",2000,17,"20001SW72",1443,18.6,24,7,11.33125,4.911875,2,53
2493,"VF64090",2000,17,"20001O49",1420,17.6,25,6,11.33125,4.911875,2,53
2494,"VF64091",2000,17,"20001O8",1425,17.6,26,7,10.85,5.268125,3,52
2495,"VF64094",2000,17,"20001O8",1425,18.9,26,7,10.85,5.268125,3,52
2496,"VF64103",2000,17,"20001O73",1423,18.4,26,6,10.85,5.268125,3,54
2497,"VF64107",2000,17,"20001EX86",1393,20.2,26,8,10.85,5.268125,3,52
2498,"VF64111",2000,17,"20001EX86",1393,19.2,26,8,10.85,5.268125,3,52
2499,"VF64112",2000,17,"20001EX86",1393,19,26,8,10.85,5.268125,3,53
2500,"VF64114",2000,17,"20001EX86",1393,18.8,26,8,10.85,5.268125,3,54
2501,"VF64119",2000,17,"20001SW54",1441,18.8,24,10,10.85,5.268125,3,52
2502,"VF64121",2000,17,"20001SW54",1441,18.4,24,10,10.85,5.268125,3,52
2503,"VF64127",2000,17,"20001P15",1429,20.9,25,9,10.85,5.268125,3,53
2504,"VF64128",2000,17,"20001P15",1429,20.5,25,9,10.85,5.268125,3,52
2505,"VF64130",2000,17,"20001P15",1429,20.1,25,9,10.85,5.268125,3,53
2506,"VF64135",2000,17,"20001P4",1430,17.2,26,5,10.85,5.268125,3,53
2507,"VF64148",2000,17,"20001SW127",1435,18.7,25,7,10.778125,5.2725,4,52
2508,"VF64149",2000,17,"20001SW127",1435,19.6,25,7,10.778125,5.2725,4,53
2509,"VF64154",2000,17,"20001P6",1431,18.8,24,9,10.778125,5.2725,4,53
2510,"VF64159",2000,17,"20001P6",1431,19.8,24,9,10.778125,5.2725,4,54
2511,"VF64162",2000,17,"20001SW80A",1445,19,27,8,10.778125,5.2725,4,53
2512,"VF64164",2000,17,"20001SW80A",1445,19.3,27,8,10.778125,5.2725,4,52
2513,"VF64167",2000,17,"20001SW80A",1445,18.1,27,8,10.778125,5.2725,4,54
2514,"VF64182",2000,17,"20001SW10",1434,19.4,26,9,10.9875,4.934375,5,52
2515,"VF64183",2000,17,"20001SW10",1434,19.1,26,9,10.9875,4.934375,5,52
2516,"VF64197",2000,17,"20001SW58",1442,19.3,26,7,10.9875,4.934375,5,52
2517,"VF64198",2000,17,"20001SW58",1442,19.6,26,7,10.9875,4.934375,5,52
2518,"VF64199",2000,17,"20001SW58",1442,19.9,26,7,10.9875,4.934375,5,52
2519,"VF64201",2000,17,"20001SW58",1442,20.1,26,7,10.9875,4.934375,5,52
2520,"VF64205",2000,17,"20001SW75",1444,18.7,28,9,10.9875,4.934375,5,52
2521,"VF64208",2000,17,"20001SW75",1444,20,28,9,10.9875,4.934375,5,53
2522,"VF64215",2000,17,"20001O86",1427,19.1,28,9,11.228125,5.03125,6,53
2523,"VF64217",2000,17,"20001O86",1427,19.2,28,9,11.228125,5.03125,6,52
2524,"VF64229",2000,17,"20001O112",1415,20,26,9,11.228125,5.03125,6,53
2525,"VF64231",2000,17,"20001O112",1415,19.3,26,9,11.228125,5.03125,6,53
2526,"VF64233",2000,17,"20001O115",1416,18.6,29,7,11.228125,5.03125,6,54
2527,"VF64234",2000,17,"20001O115",1416,19.6,29,7,11.228125,5.03125,6,52
2528,"VF64242",2000,17,"20001SW1",1433,21.1,30,7,11.228125,5.03125,6,52
2529,"VF64246",2000,17,"20001SW1",1433,20,30,7,11.228125,5.03125,6,52
2530,"VF64256",2000,17,"20001O29",1418,19.4,31,8,11.38125,4.748125,7,53
2531,"VF64259",2000,17,"20001O29",1418,19.7,31,8,11.38125,4.748125,7,53
2532,"VF64261",2000,17,"20001SW44",1439,19.9,29,8,11.38125,4.748125,7,53
2533,"VF64267",2000,17,"20001SW44",1439,18.8,29,8,11.38125,4.748125,7,52
2534,"VF64269",2000,17,"20001P11",1428,18.7,30,8,11.38125,4.748125,7,52
2535,"VF64271",2000,17,"20001P11",1428,18.5,30,8,11.38125,4.748125,7,54
2536,"VF64273",2000,17,"20001P11",1428,19.4,30,8,11.38125,4.748125,7,56
2537,"VF64274",2000,17,"20001P11",1428,18.6,30,8,11.38125,4.748125,7,52
2538,"VF64275",2000,17,"20001P11",1428,18.8,30,8,11.38125,4.748125,7,54
2539,"VF64289",2000,17,"20001O39",1419,17.6,32,10,11.546875,4.335,8,52
2540,"VF64308",2000,17,"20001P9",1432,18.6,33,5,11.546875,4.335,8,53
2541,"VF64318",2000,17,"20001O105",1412,17.4,32,9,11.61875,4.356875,9,52
2542,"VF64355",2001,18,"20011W93",1569,19.7,33,7,13.30625,0.6,3,58
2543,"VF64357",2001,18,"20011W93",1569,20.1,33,7,13.30625,0.6,3,57
2544,"VF64361",2001,18,"20011EX91",1517,16.3,40,5,13.140625,0.6425,4,57
2545,"VF64371",2001,18,"20011EX43B",1502,18,37,9,13.140625,0.6425,4,57
2546,"VF64381",2001,18,"20011EX26",1497,20.7,39,6,13.140625,0.6425,4,57
2547,"VF64396",2001,18,"20011EX12",1493,19,42,7,13.140625,0.6425,4,57
2548,"VF64401",2000,17,"20001CP15",1358,17.7,25,8,10.85,5.268125,3,52
2549,"VF64404",2000,17,"20001CP15",1358,18.2,25,8,10.85,5.268125,3,52
2550,"VF64406",2000,17,"20001CP15",1358,18.1,25,8,10.85,5.268125,3,52
2551,"VF64411",2000,17,"20001CP3",1360,18.9,23,10,10.85,5.268125,3,53
2552,"VF64412",2000,17,"20001CP3",1360,19.5,23,10,10.85,5.268125,3,52
2553,"VF64420",2000,17,"20001EX19",1371,19.8,22,11,10.85,5.268125,3,55
2554,"VF64426",2000,17,"20001EX19",1371,20.5,22,11,10.85,5.268125,3,54
2555,"VF64429",2000,17,"20001W77",1463,19.6,25,8,10.85,5.268125,3,52
2556,"VF64440",2000,17,"20001W102",1447,20.2,24,12,10.85,5.268125,3,53
2557,"VF64474",2000,17,"20001CP42A",1367,18.4,28,4,10.778125,5.2725,4,52
2558,"VF64475",2000,17,"20001CP42A",1367,18.2,28,4,10.778125,5.2725,4,53
2559,"VF64477",2000,17,"20001EX52",1384,20.1,22,7,10.778125,5.2725,4,52
2560,"VF64486",2000,17,"20001EX48",1380,16.7,29,7,10.778125,5.2725,4,52
2561,"VF64489",2000,17,"20001EX70",1391,17.8,28,8,10.778125,5.2725,4,52
2562,"VF64491",2000,17,"20001EX70",1391,18.6,28,8,10.778125,5.2725,4,55
2563,"VF64494",2000,17,"20001EX70",1391,18.9,28,8,10.778125,5.2725,4,52
2564,"VF64498",2000,17,"20001EX74",1392,19,27,8,10.778125,5.2725,4,52
2565,"VF64504",2000,17,"20001EX30",1373,18.9,28,8,10.778125,5.2725,4,52
2566,"VF64506",2000,17,"20001EX30",1373,18.1,28,8,10.778125,5.2725,4,52
2567,"VF64521",2000,17,"20001W15",1449,18,29,7,10.778125,5.2725,4,52
2568,"VF64526",2000,17,"20001W15",1449,19.7,29,7,10.778125,5.2725,4,52
2569,"VF64533",2000,17,"20001EX49A",1381,18.3,30,8,10.9875,4.934375,5,53
2570,"VF64534",2000,17,"20001EX49A",1381,17.3,30,8,10.9875,4.934375,5,52
2571,"VF64535",2000,17,"20001EX41A",1377,18.9,28,10,10.9875,4.934375,5,53
2572,"VF64536",2000,17,"20001EX41A",1377,19.3,28,10,10.9875,4.934375,5,53
2573,"VF64545",2000,17,"20001W13",1448,19,29,10,10.9875,4.934375,5,53
2574,"VF64547",2000,17,"20001W13",1448,20.1,29,10,10.9875,4.934375,5,52
2575,"VF64549",2000,17,"20001W13",1448,17.9,29,10,10.9875,4.934375,5,52
2576,"VF64552",2000,17,"20001W97",1467,19.2,30,6,10.9875,4.934375,5,52
2577,"VF64555",2000,17,"20001W97",1467,19.5,30,6,10.9875,4.934375,5,53
2578,"VF64559",2000,17,"20001EX29A",1372,17.6,27,10,11.228125,5.03125,6,52
2579,"VF64560",2000,17,"20001EX29A",1372,18.5,27,10,11.228125,5.03125,6,52
2580,"VF64561",2000,17,"20001EX29A",1372,18.1,27,10,11.228125,5.03125,6,52
2581,"VF64575",2000,17,"20001W80",1465,18.7,24,14,11.228125,5.03125,6,52
2582,"VF64579",2000,17,"20001W80",1465,18.1,24,14,11.228125,5.03125,6,52
2583,"VF64593",2000,17,"20001W18",1450,19.2,29,9,11.228125,5.03125,6,53
2584,"VF64595",2000,17,"20001W18",1450,17.3,29,9,11.228125,5.03125,6,53
2585,"VF64600",2000,17,"20001CP32",1362,19.1,30,7,11.228125,5.03125,6,52
2586,"VF64602",2000,17,"20001CP32",1362,20,30,7,11.228125,5.03125,6,53
2587,"VF64605",2000,17,"20001CP32",1362,19.5,30,7,11.228125,5.03125,6,52
2588,"VF64606",2000,17,"20001EX51",1382,18.5,28,11,11.38125,4.748125,7,52
2589,"VF64612",2000,17,"20001EX51",1382,20.4,28,11,11.38125,4.748125,7,53
2590,"VF64613",2000,17,"20001EX51",1382,20.1,28,11,11.38125,4.748125,7,52
2591,"VF64614",2000,17,"20001EX51",1382,18.9,28,11,11.38125,4.748125,7,52
2592,"VF64615",2000,17,"20001EX51",1382,19.5,28,11,11.38125,4.748125,7,52
2593,"VF64622",2000,17,"20001W79",1464,18.5,31,8,11.38125,4.748125,7,53
2594,"VF64628",2000,17,"20001CP4",1365,20.5,29,9,11.38125,4.748125,7,52
2595,"VF64629",2000,17,"20001CP4",1365,19.3,29,9,11.38125,4.748125,7,52
2596,"VF64631",2000,17,"20001CP4",1365,18.6,29,9,11.38125,4.748125,7,52
2597,"VF64655",2000,17,"20001W54",1458,19.7,33,7,11.546875,4.335,8,52
2598,"VF64662",2000,17,"20001W24",1452,17.7,33,8,11.61875,4.356875,9,52
2599,"VF64667",2000,17,"20001W24",1452,17.4,33,8,11.61875,4.356875,9,53
2600,"VF64676",2000,17,"20001W69",1462,18,35,9,11.734375,4.271875,10,52
2601,"VF64680",2000,17,"20001W49",1456,17.9,30,6,12.13125,3.814375,12,52
2602,"VF64689",2000,17,"20001EX89",1394,15.6,35,6,12.246875,3.615,13,52
2603,"VF64699",2000,17,"20001CP24",1359,19.1,31,10,12.93125,1.609375,15,52
2604,"VF64700",2000,17,"20001CP24",1359,19.7,31,10,12.93125,1.609375,15,52
2605,"VF64710",2000,17,"20001EX51D",1383,19.2,37,6,13.35625,1.310625,16,52
2606,"VF64713",2000,17,"20001EX51D",1383,19.9,37,6,13.35625,1.310625,16,52
2607,"VF64722",2001,18,"20011CP41",1492,16.3,18,6,12.478125,2.63375,15,57
2608,"VF64724",2001,18,"20011CP41",1492,17,18,6,12.478125,2.63375,15,57
2609,"VF64727",2001,18,"20011CP41",1492,16.9,18,6,12.478125,2.63375,15,57
2610,"VF64728",2001,18,"20011W99",1570,19.4,13,9,13.459375,2.431875,12,57
2611,"VF64729",2001,18,"20011W99",1570,18.3,13,9,13.459375,2.431875,12,57
2612,"VF64733",2001,18,"20011W99",1570,17.4,13,9,13.459375,2.431875,12,57
2613,"VF64737",2001,18,"20011W64",1563,18.5,18,5,13.459375,2.431875,12,57
2614,"VF64738",2001,18,"20011W64",1563,17.9,18,5,13.459375,2.431875,12,59
2615,"VF64743",2001,18,"20011W89",1568,20.1,17,8,13.496875,2.5025,9,58
2616,"VF64749",2001,18,"20011W19",1554,18.2,21,6,13.4625,2.2575,8,57
2617,"VF64752",2001,18,"20011W19",1554,18,21,6,13.4625,2.2575,8,59
2618,"VF64753",2001,18,"20011W19",1554,19.5,21,6,13.4625,2.2575,8,59
2619,"VF64760",2001,18,"20011EX89",1516,19.2,25,6,13.653125,1.086875,7,57
2620,"VF64765",2001,18,"20011W99A",1571,19.8,25,8,13.7125,0.7425,6,57
2621,"VF64768",2001,18,"20011W99A",1571,18.2,25,8,13.7125,0.7425,6,57
2622,"VF64772",2001,18,"20011W99A",1571,18,25,8,13.7125,0.7425,6,58
2623,"VF64776",2001,18,"20011W16",1553,19.1,29,6,13.7125,0.7425,6,57
2624,"VF64789",2001,18,"20011EX53",1507,19.3,28,8,13.7125,0.7425,6,57
2625,"VF64795",2001,18,"20011W4A",1561,19.2,23,8,13.725,0.54,5,57
2626,"VF64802",2003,20,"20031W89",1786,16.9,20,10,10.93125,2.7025,1,66
2627,"VF64809",2003,20,"20031EX35",1748,18.6,20,8,11.09375,2.651875,0,66
2628,"VF64811",2003,20,"20031EX35",1748,19.3,20,8,11.09375,2.651875,0,67
2629,"VF64824",2003,20,"20031EX31A",1746,19.3,20,8,11.09375,2.651875,0,67
2630,"VF64825",2003,20,"20031EX31A",1746,20.7,20,8,11.09375,2.651875,0,66
2631,"VF64839",2003,20,"20031W55",1782,18.5,20,7,11.09375,2.651875,0,67
2632,"VF64845",2003,20,"20031W14",1779,18.5,22,6,11.371875,2.60875,1,66
2633,"VF64874",2003,20,"20031W71",1784,19.6,23,7,11.371875,2.60875,1,67
2634,"VF64885",2003,20,"20031EX4",1749,19.4,20,9,11.371875,2.60875,1,66
2635,"VF64919",2000,17,"20001B94",1334,19.9,29,10,11.38125,4.748125,7,52
2636,"VF64921",2000,17,"20001B94",1334,18.4,29,10,11.38125,4.748125,7,52
2637,"VF64943",2000,17,"20001B192",1331,18.1,33,9,11.61875,4.356875,9,53
2638,"VH21716",2003,20,"20031EX55",1751,19.3,19,8,11.784375,2.52625,2,66
2639,"VH21717",2003,20,"20031EX55",1751,17.7,19,8,11.784375,2.52625,2,66
2640,"VH21778",2003,20,"20031W65",1783,18.4,20,9,11.784375,2.52625,2,66
2641,"VH82901",1993,10,"19931O21",611,18.1,11,12,11.6875,1.43625,11,21
2642,"VH82906",1993,10,"19931O54",615,17.9,16,8,11.6875,1.43625,11,21
2643,"VH82919",1993,10,"19931O5",614,20.7,17,10,11.6875,1.43625,11,22
2644,"VH82956",1993,10,"19931SW1",623,17.3,18,10,12.328125,1.29625,9,21
2645,"VH82989",1993,10,"19931O37",613,19.6,21,8,11.834375,2.9425,7,21
2646,"VH83000",1993,10,"19931O64",616,21.1,21,8,11.834375,2.9425,7,21
2647,"VH99146",1993,10,"19931C9A",546,18.5,14,9,11.046875,1.43625,14,21
2648,"VH99149",1993,10,"19931C9A",546,19.1,14,9,11.046875,1.43625,14,25
2649,"VH99150",1993,10,"19931C9A",546,20.1,14,9,11.046875,1.43625,14,21
2650,"VH99151",1993,10,"19931C9A",546,19.7,14,9,11.046875,1.43625,14,21
2651,"VH99156",1993,10,"19931C12",543,18.9,18,7,11.6875,1.43625,11,21
2652,"VH99167",1993,10,"19931C106",541,19.3,19,9,11.834375,2.9425,7,24
2653,"VH99168",1993,10,"19931C106",541,18.4,19,9,11.834375,2.9425,7,21
2654,"VH99181",1993,10,"19931C45",545,17.9,22,8,11.834375,2.9425,7,21
2655,"VH99244",1993,10,"19931C40",544,20,25,10,12.5875,3.01875,2,21
2656,"VH99245",1993,10,"19931C40",544,20.9,25,10,12.5875,3.01875,2,21
2657,"VH99251",1993,10,"19931C40",544,19.9,25,10,12.5875,3.01875,2,21
2658,"VH99272",1993,10,"19931C110",542,18.7,18,7,11.6875,1.43625,11,21
2659,"VH99278",1994,11,"19941C140",674,20.6,22,7,10.921875,2.16875,10,26
2660,"VH99367",1993,10,"19931MP40",597,19.4,7,11,10.796875,0.753125,16,24
2661,"VH99371",1993,10,"19931MP40",597,18,7,11,10.796875,0.753125,16,21
2662,"VH99375",1993,10,"19931MP40",597,17.6,7,11,10.796875,0.753125,16,24
2663,"VH99376",1993,10,"19931MP40",597,17.5,7,11,10.796875,0.753125,16,21
2664,"VH99385",1993,10,"19931B10",514,16.8,12,7,11.0125,0.771875,15,21
2665,"VH99388",1993,10,"19931B10",514,16.9,12,7,11.0125,0.771875,15,21
2666,"VH99401",1997,14,"19971MP6",1120,18.2,13,8,10.603125,3.4225,6,41
2667,"VH99402",1997,14,"19971MP6",1120,19.4,13,8,10.603125,3.4225,6,40
2668,"VH99410",1997,14,"19971MP89",1124,17.8,15,7,10.603125,3.4225,6,40
2669,"VH99413",1997,14,"19971MP30",1116,17.4,12,10,10.603125,3.4225,6,41
2670,"VH99414",1997,14,"19971MP30",1116,18.9,12,10,10.603125,3.4225,6,40
2671,"VH99420",1997,14,"19971MP30",1116,17.6,12,10,10.603125,3.4225,6,41
2672,"VH99423",1997,14,"19971MP20",1115,17.8,13,8,10.603125,3.4225,6,40
2673,"VH99441",1997,14,"19971MP47",1119,18.2,7,12,10.503125,2.488125,5,42
2674,"VH99446",1997,14,"19971MP37",1117,19.7,16,8,11.003125,2.2425,3,41
2675,"VH99449",1997,14,"19971MP37",1117,19.7,16,8,11.003125,2.2425,3,41
2676,"VH99459",1997,14,"19971MP46",1118,17.1,18,7,11.003125,2.2425,3,40
2677,"VH99475",1997,14,"19971MP76",1123,17.2,15,10,11.003125,2.2425,3,40
2678,"VH99579",2004,21,"20041EX89",1860,18.4,25,8,12.884375,0.355,1,70
2679,"VH99580",2004,21,"20041EX89",1860,17.9,25,8,12.884375,0.355,1,69
2680,"VH99584",2004,21,"20041EX78",1855,19.5,25,8,12.884375,0.355,1,69
2681,"VH99588",2004,21,"20041EX78",1855,20,25,8,12.884375,0.355,1,69
2682,"VH99600",2004,21,"20041B43",1803,15.4,27,6,12.84375,0.618125,2,71
2683,"VH99601",1993,10,"19931W64A",658,20.3,19,7,12.159375,1.404375,10,25
2684,"VH99604",1993,10,"19931W64A",658,19.4,19,7,12.159375,1.404375,10,23
2685,"VH99611",1993,10,"19931EX31A",568,19.9,16,11,12.159375,1.404375,10,21
2686,"VH99614",1993,10,"19931EX31A",568,19.2,16,11,12.159375,1.404375,10,21
2687,"VH99638",1993,10,"19931EX47",574,16.7,17,9,12.159375,1.404375,10,21
2688,"VH99647",1993,10,"19931EX49",575,19.9,19,9,12.159375,1.404375,10,21
2689,"VH99653",1993,10,"19931EX51B",579,21.3,16,10,12.159375,1.404375,10,21
2690,"VH99656",1993,10,"19931EX51B",579,20.7,16,10,12.159375,1.404375,10,21
2691,"VH99701",1993,10,"19931W79",661,19.8,16,8,12.328125,1.29625,9,21
2692,"VH99702",1993,10,"19931W79",661,19,16,8,12.328125,1.29625,9,21
2693,"VH99707",1993,10,"19931W41",652,20.3,20,8,12.328125,1.29625,9,21
2694,"VH99708",1993,10,"19931W41",652,19.2,20,8,12.328125,1.29625,9,21
2695,"VH99723",1993,10,"19931W19",647,19.1,17,8,12.328125,1.29625,9,21
2696,"VH99746",1993,10,"19931EX51D",580,20.3,19,9,12.1625,2.36625,8,22
2697,"VH99749",1993,10,"19931CP37",554,19.1,21,9,12.1625,2.36625,8,21
2698,"VH99755",1993,10,"19931CP37",554,21,21,9,12.1625,2.36625,8,22
2699,"VH99762",1993,10,"19931CP26",552,18.9,22,9,12.1625,2.36625,8,21
2700,"VH99767",1993,10,"19931CP21",551,19.8,18,12,12.1625,2.36625,8,22
2701,"VH99789",1993,10,"19931W94",663,18,19,10,12.1625,2.36625,8,22
2702,"VH99791",1993,10,"19931W94",663,19.3,19,10,12.1625,2.36625,8,22
2703,"VH99984",1993,10,"19931CP11",547,18,15,8,11.046875,1.43625,14,22
2704,"VH99992",1993,10,"19931W58",657,19,18,8,12.159375,1.404375,10,21
2705,"VJ58611",1993,10,"19931EX4",570,18.8,21,9,11.834375,2.9425,7,22
2706,"VJ58617",1993,10,"19931EX4",570,18.5,21,9,11.834375,2.9425,7,22
2707,"VJ58626",1993,10,"19931EX42",571,18,21,10,11.834375,2.9425,7,21
2708,"VJ58648",1993,10,"19931EX20",564,19.9,20,9,11.834375,2.9425,7,22
2709,"VJ58655",1993,10,"19931W103A",645,21.6,21,9,11.834375,2.9425,7,21
2710,"VJ58669",1993,10,"19931W57",656,18.2,19,9,11.834375,2.9425,7,22
2711,"VJ58670",1993,10,"19931W57",656,20.1,19,9,11.834375,2.9425,7,21
2712,"VJ58686",1993,10,"19931W49",654,19.4,22,9,11.834375,2.9425,7,23
2713,"VJ58692",1993,10,"19931W49",654,20.2,22,9,11.834375,2.9425,7,22
2714,"VJ58696",1993,10,"19931CP14",548,18.2,20,11,11.834375,2.9425,7,22
2715,"VJ58700",1993,10,"19931CP14",548,17.9,20,11,11.834375,2.9425,7,22
2716,"VJ58705",1993,10,"19931CP34",553,19.8,20,8,11.834375,2.9425,7,21
2717,"VJ58714",1993,10,"19931CP43",559,17.9,19,10,11.834375,2.9425,7,22
2718,"VJ58720",1993,10,"19931CP43",559,19.9,19,10,11.834375,2.9425,7,25
2719,"VJ58725",1993,10,"19931EX50",578,18.9,20,11,11.834375,2.9425,7,22
2720,"VJ58738",1993,10,"19931EX49B",577,19.7,21,9,11.834375,2.9425,7,21
2721,"VJ58739",1993,10,"19931EX49B",577,21.4,21,9,11.834375,2.9425,7,21
2722,"VJ58744",1993,10,"19931EX49A",576,18.9,21,9,11.834375,2.9425,7,21
2723,"VJ58746",1993,10,"19931EX49A",576,20.8,21,9,11.834375,2.9425,7,24
2724,"VJ58747",1993,10,"19931EX49A",576,18.9,21,9,11.834375,2.9425,7,21
2725,"VJ58758",1993,10,"19931EX60",583,19,23,9,11.725,2.968125,6,21
2726,"VJ58761",1993,10,"19931EX60",583,19.1,23,9,11.725,2.968125,6,21
2727,"VJ58783",1993,10,"19931EX65",586,19.2,22,8,11.725,2.968125,6,21
2728,"VJ58785",1993,10,"19931EX65",586,19.4,22,8,11.725,2.968125,6,21
2729,"VJ58787",1993,10,"19931EX65",586,18.5,22,8,11.725,2.968125,6,22
2730,"VJ58795",1993,10,"19931EX62I",585,18.9,24,7,11.725,2.968125,6,21
2731,"VJ58796",1993,10,"19931EX62I",585,21.1,24,7,11.725,2.968125,6,21
2732,"VJ58797",1993,10,"19931EX3",567,19,18,12,11.725,2.968125,6,22
2733,"VJ58800",1993,10,"19931EX3",567,17.9,18,12,11.725,2.968125,6,22
2734,"VJ58808",1993,10,"19931W32",650,18.9,25,9,12.078125,3.05625,4,21
2735,"VJ58813",1993,10,"19931W102",644,18.7,25,9,12.078125,3.05625,4,22
2736,"VJ58819",1993,10,"19931W102",644,20,25,9,12.078125,3.05625,4,21
2737,"VJ58823",1993,10,"19931W101",643,19.2,24,5,12.078125,3.05625,4,21
2738,"VJ58845",1993,10,"19931EX90",590,20.9,24,10,12.3375,3.05,3,21
2739,"VJ58858",1993,10,"19931W24",648,20.5,26,9,12.3375,3.05,3,21
2740,"VJ58869",1993,10,"19931W84",662,18.1,27,7,12.3375,3.05,3,21
2741,"VJ58887",1993,10,"19931EX62F",584,18,26,10,12.5875,3.01875,2,23
2742,"VJ58902",1993,10,"19931W4B",655,16.5,26,9,12.5875,3.01875,2,21
2743,"VJ58907",1993,10,"19931W4B",655,20.6,26,9,12.5875,3.01875,2,21
2744,"VJ58913",1993,10,"19931W44",653,20.4,26,9,12.5875,3.01875,2,21
2745,"VJ58924",1993,10,"19931EX19A",563,21.8,27,8,12.5875,3.01875,2,21
2746,"VJ58948",1993,10,"19931EX43",572,18.3,26,9,12.559375,2.993125,1,21
2747,"VJ58955",1993,10,"19931EX77",588,20.1,20,10,12.559375,2.993125,1,22
2748,"VJ58957",1993,10,"19931EX77",588,19.8,20,10,12.559375,2.993125,1,21
2749,"VJ58988",1993,10,"19931W68",660,19,36,5,14.090625,2.240625,5,22
2750,"VJ58989",1993,10,"19931W68",660,18.1,36,5,14.090625,2.240625,5,21
2751,"VJ59001",1993,10,"19931MP9",605,19,14,10,11.0125,0.771875,15,21
2752,"VJ59012",1993,10,"19931MP2",592,19.3,15,8,11.046875,1.43625,14,21
2753,"VJ59017",1993,10,"19931MP2",592,20.4,15,8,11.046875,1.43625,14,21
2754,"VJ59073",1993,10,"19931B220",526,18.5,22,4,12.1625,2.36625,8,21
2755,"VJ59077",1993,10,"19931B49",529,17.5,18,10,12.078125,3.05625,4,21
2756,"VJ59084",1993,10,"19931B49",529,17.2,18,10,12.078125,3.05625,4,21
2757,"VJ59100",1993,10,"19931MP34A",595,19.7,15,11,11.6875,1.43625,11,21
2758,"VJ59101",1993,10,"19931MP75",601,18.2,15,9,11.6875,1.43625,11,21
2759,"VJ59114",1993,10,"19931MP78",602,19.2,17,8,11.6875,1.43625,11,24
2760,"VJ59115",1993,10,"19931MP78",602,19.2,17,8,11.6875,1.43625,11,22
2761,"VJ59119",1993,10,"19931B79",533,17.9,17,8,11.6875,1.43625,11,21
2762,"VJ59125",1993,10,"19931B79",533,20.2,17,8,11.6875,1.43625,11,21
2763,"VJ59131",1993,10,"19931B190",522,18.2,19,8,12.159375,1.404375,10,21
2764,"VJ59134",1993,10,"19931B63",531,18,17,8,12.159375,1.404375,10,21
2765,"VJ59139",1993,10,"19931B63",531,18,17,8,12.159375,1.404375,10,21
2766,"VJ59147",1993,10,"19931B182",519,17.9,17,8,12.159375,1.404375,10,21
2767,"VJ59150",1993,10,"19931B78",532,18.5,20,8,12.328125,1.29625,9,21
2768,"VJ59151",1993,10,"19931B78",532,18.8,20,8,12.328125,1.29625,9,22
2769,"VJ59153",1993,10,"19931B78",532,19.1,20,8,12.328125,1.29625,9,21
2770,"VJ59162",1993,10,"19931B183",520,19.1,17,10,12.328125,1.29625,9,21
2771,"VJ59164",1993,10,"19931B183",520,19.4,17,10,12.328125,1.29625,9,22
2772,"VJ59167",1993,10,"19931B183",520,17.5,17,10,12.328125,1.29625,9,21
2773,"VJ59170",1993,10,"19931B88",536,20.1,17,9,12.328125,1.29625,9,21
2774,"VJ59172",1993,10,"19931B88",536,19,17,9,12.328125,1.29625,9,21
2775,"VJ59175",1993,10,"19931B88",536,19.4,17,9,12.328125,1.29625,9,21
2776,"VJ59176",1993,10,"19931B88",536,18.7,17,9,12.328125,1.29625,9,21
2777,"VJ59196",1993,10,"19931MP53",598,19.5,20,8,12.328125,1.29625,9,23
2778,"VJ59200",1993,10,"19931MP53",598,21.2,20,8,12.328125,1.29625,9,21
2779,"VJ59204",1993,10,"19931MP18",591,19.6,19,9,12.328125,1.29625,9,25
2780,"VJ59205",1993,10,"19931MP18",591,20.4,19,9,12.328125,1.29625,9,21
2781,"VJ59217",1993,10,"19931B81",534,19,21,9,12.1625,2.36625,8,21
2782,"VJ59220",1993,10,"19931B186",521,21,18,10,12.1625,2.36625,8,21
2783,"VJ59222",1993,10,"19931B186",521,18.8,18,10,12.1625,2.36625,8,21
2784,"VJ59231",1993,10,"19931B194A",523,18.5,19,8,12.1625,2.36625,8,22
2785,"VJ59235",1993,10,"19931B194A",523,17.9,19,8,12.1625,2.36625,8,22
2786,"VJ59244",1993,10,"19931B116",516,19.7,18,9,12.1625,2.36625,8,21
2787,"VJ59248",1993,10,"19931B98",539,20,18,9,12.1625,2.36625,8,22
2788,"VJ59251",1993,10,"19931B98",539,18.8,18,9,12.1625,2.36625,8,21
2789,"VJ59253",1993,10,"19931B98",539,19,18,9,12.1625,2.36625,8,22
2790,"VJ59254",1993,10,"19931B98",539,20.7,18,9,12.1625,2.36625,8,21
2791,"VJ59257",1993,10,"19931MP20",593,20.3,17,10,12.1625,2.36625,8,21
2792,"VJ59293",1993,10,"19931B54",530,18.5,20,10,11.834375,2.9425,7,21
2793,"VJ59294",1993,10,"19931B54",530,17.5,20,10,11.834375,2.9425,7,21
2794,"VJ59296",1993,10,"19931B54",530,17.3,20,10,11.834375,2.9425,7,21
2795,"VJ59308",1993,10,"19931MP24",594,19,22,8,12.1625,2.36625,8,21
2796,"VJ59321",1993,10,"19931B86",535,19.2,21,9,11.834375,2.9425,7,23
2797,"VJ59323",1993,10,"19931B86",535,20.5,21,9,11.834375,2.9425,7,21
2798,"VJ59348",1993,10,"19931B107",515,19.6,20,10,11.725,2.968125,6,21
2799,"VJ59349",1993,10,"19931B107",515,20,20,10,11.725,2.968125,6,21
2800,"VJ59362",1993,10,"19931B43",528,18.2,21,8,11.725,2.968125,6,21
2801,"VJ59384",1993,10,"19931B89",537,20.5,23,8,11.865625,3.13875,5,21
2802,"VJ59406",1993,10,"19931B118",517,17.5,22,9,11.725,2.968125,6,21
2803,"VJ59411",1993,10,"19931MP35",596,19.9,22,10,11.725,2.968125,6,21
2804,"VJ59413",1993,10,"19931MP35",596,19,22,10,11.725,2.968125,6,22
2805,"VJ59437",1993,10,"19931MP60",600,17.5,23,10,11.725,2.968125,6,21
2806,"VJ59445",1993,10,"19931B136",518,21.2,23,9,11.865625,3.13875,5,21
2807,"VJ59472",1993,10,"19931MP87",604,20.7,21,11,11.865625,3.13875,5,22
2808,"VJ59491",1993,10,"19931MP80",603,18.2,22,9,11.865625,3.13875,5,22
2809,"VJ59496",1994,11,"19941C9A",677,20.4,16,8,10.93125,2.52375,14,28
2810,"VJ59508",1995,12,"19951C125",787,18.4,15,7,9.396875,1.264375,8,30
2811,"VJ59511",1995,12,"19951C125",787,19.2,15,7,9.396875,1.264375,8,31
2812,"VJ59521",1995,12,"19951C4",793,19.8,16,7,9.396875,1.264375,8,34
2813,"VJ59548",1995,12,"19951C51",794,19.3,16,8,9.11875,1.23875,6,32
2814,"VJ59574",1995,12,"19951C17",789,19.1,14,10,9.11875,1.23875,6,30
2815,"VJ59577",1995,12,"19951C10",785,19,16,9,9.309375,1.3275,5,31
2816,"VJ59592",1995,12,"19951C150",788,17,16,8,9.459375,1.340625,4,30
2817,"VJ59607",1995,12,"19951C9A",795,17,19,9,9.70625,1.423125,3,31
2818,"VJ59630",1995,12,"19951C106",786,21,23,9,11.159375,1.8675,0,31
2819,"VJ59648",1995,12,"19951C32",791,19.3,27,7,11.7875,2.229375,2,31
2820,"VJ59657",1995,12,"19951C39",792,18.9,25,8,11.7875,2.229375,2,30
2821,"VJ59661",1995,12,"19951C24C",790,18.2,28,6,11.7875,2.229375,2,30
2822,"VJ59677",1996,13,"19961C104",931,18.5,28,7,11.346875,1.5625,12,36
2823,"VJ59741",1996,13,"19961C25",935,18.8,32,7,13.46875,1.69375,7,35
2824,"VJ59754",1996,13,"19961C162",934,17.7,34,7,13.646875,1.1,5,36
2825,"VJ59772",1997,14,"19971C160A",1055,19.8,6,8,10.734375,3.010625,15,42
2826,"VJ59774",1997,14,"19971C160A",1055,18.3,6,8,10.734375,3.010625,15,42
2827,"VJ59801",1993,10,"19931O64",616,20.6,21,8,11.834375,2.9425,7,21
2828,"VJ59803",1993,10,"19931O64",616,19.3,21,8,11.834375,2.9425,7,21
2829,"VJ59808",1993,10,"19931O76",617,21.1,19,7,11.834375,2.9425,7,21
2830,"VJ59809",1993,10,"19931O76",617,20.2,19,7,11.834375,2.9425,7,21
2831,"VJ59812",1993,10,"19931O76",617,17.4,19,7,11.834375,2.9425,7,23
2832,"VJ59813",1993,10,"19931SW101",625,18.5,21,9,11.834375,2.9425,7,22
2833,"VJ59814",1993,10,"19931SW101",625,19.6,21,9,11.834375,2.9425,7,22
2834,"VJ59819",1993,10,"19931SW101",625,18.1,21,9,11.834375,2.9425,7,22
2835,"VJ59826",1993,10,"19931SW122",629,20.9,19,10,11.834375,2.9425,7,23
2836,"VJ59834",1993,10,"19931SW124",630,23,23,8,11.834375,2.9425,7,21
2837,"VJ59845",1993,10,"19931SW3",635,20.3,22,9,11.834375,2.9425,7,21
2838,"VJ59888",1993,10,"19931SW10",624,19.2,20,10,11.725,2.968125,6,22
2839,"VJ59896",1993,10,"19931SW10",624,19.1,20,10,11.725,2.968125,6,21
2840,"VJ59906",1993,10,"19931SW133",632,19.7,22,9,11.725,2.968125,6,21
2841,"VJ59912",1993,10,"19931SW27",634,20.7,21,8,11.725,2.968125,6,21
2842,"VJ59915",1993,10,"19931SW66",639,19.1,21,10,11.725,2.968125,6,22
2843,"VJ59920",1993,10,"19931SW66",639,19.9,21,10,11.725,2.968125,6,22
2844,"VJ59922",1993,10,"19931SW66",639,20,21,10,11.725,2.968125,6,21
2845,"VJ59926",1993,10,"19931SW82",642,19.7,24,7,11.725,2.968125,6,21
2846,"VJ59932",1993,10,"19931P1",622,20.3,20,9,11.725,2.968125,6,21
2847,"VJ59937",1993,10,"19931P1",622,19.6,20,9,11.725,2.968125,6,21
2848,"VJ59946",1993,10,"19931O119",608,17.6,25,8,11.865625,3.13875,5,21
2849,"VJ59947",1993,10,"19931O119",608,19.1,25,8,11.865625,3.13875,5,21
2850,"VJ59969",1993,10,"19931SW36",637,17.6,23,7,11.865625,3.13875,5,24
2851,"VJ59971",1993,10,"19931O12",609,20,22,10,12.078125,3.05625,4,21
2852,"VJ59972",1993,10,"19931O12",609,19.5,22,10,12.078125,3.05625,4,23
2853,"VN56012",1993,10,"19931MP58",599,19,21,11,12.078125,3.05625,4,22
2854,"VN56041",1993,10,"19931B217",525,18.7,25,9,12.078125,3.05625,4,21
2855,"VN56055",1993,10,"19931B206",524,19.1,24,9,12.078125,3.05625,4,21
2856,"VN56062",1993,10,"19931B96",538,18.2,22,10,12.078125,3.05625,4,21
2857,"VN56069",1993,10,"19931B99",540,19.5,25,10,12.3375,3.05,3,21
2858,"VN56076",1993,10,"19931B224",527,20,27,9,12.753125,2.92375,0,21
2859,"VN56078",1993,10,"19931B224",527,18.6,27,9,12.753125,2.92375,0,21
2860,"VN56096",1994,11,"19941B138",665,19.2,13,7,10.89375,2.60625,15,26
2861,"VN56128",1994,11,"19941MP76",724,20.3,14,9,10.96875,2.118125,12,27
2862,"VN56132",1994,11,"19941MP81",725,17.9,19,9,10.971875,2.1625,11,26
2863,"VN56134",1994,11,"19941MP81",725,18,19,9,10.971875,2.1625,11,27
2864,"VN56137",1994,11,"19941MP81",725,17.3,19,9,10.971875,2.1625,11,26
2865,"VN56143",1994,11,"19941MP21",712,19.6,20,9,10.921875,2.16875,10,26
2866,"VN56144",1994,11,"19941MP21",712,19.5,20,9,10.921875,2.16875,10,26
2867,"VN56147",1994,11,"19941MP21",712,20.2,20,9,10.921875,2.16875,10,26
2868,"VN56166",1994,11,"19941MP61",720,19.5,18,11,10.603125,2.1875,9,26
2869,"VN56168",1994,11,"19941MP61",720,18.4,18,11,10.603125,2.1875,9,26
2870,"VN56171",1994,11,"19941MP61",720,20,18,11,10.603125,2.1875,9,26
2871,"VN56175",1994,11,"19941MP61",720,19.7,18,11,10.603125,2.1875,9,26
2872,"VN56190",1994,11,"19941B48",671,18.5,23,7,10.334375,2.136875,8,26
2873,"VN56239",1994,11,"19941EX53",696,19.2,18,9,10.96875,2.118125,12,28
2874,"VN56241",1994,11,"19941EX53",696,16.4,18,9,10.96875,2.118125,12,26
2875,"VN56243",1994,11,"19941EX53",696,19.9,18,9,10.96875,2.118125,12,27
2876,"VN56245",1994,11,"19941EX53",696,19.8,18,9,10.96875,2.118125,12,26
2877,"VN56246",1994,11,"19941EX53",696,21.1,18,9,10.96875,2.118125,12,26
2878,"VN56249",1994,11,"19941W73",767,19.7,13,9,10.971875,2.1625,11,26
2879,"VN56250",1994,11,"19941W73",767,19.6,13,9,10.971875,2.1625,11,27
2880,"VN56259",1994,11,"19941W99",771,20.4,17,5,10.971875,2.1625,11,27
2881,"VN56281",1994,11,"19941W44",761,17.9,22,7,10.603125,2.1875,9,27
2882,"VN56294",1994,11,"19941EX39A",690,19.6,24,6,10.334375,2.136875,8,26
2883,"VN56329",1995,12,"19951EX42A",823,17.7,12,9,9.746875,1.264375,9,30
2884,"VN56380",1995,12,"19951O17",869,19.9,14,8,9.11875,1.23875,6,33
2885,"VN56383",1995,12,"19951O17",869,19.3,14,8,9.11875,1.23875,6,31
2886,"VN56384",1995,12,"19951O17",869,18.5,14,8,9.11875,1.23875,6,30
2887,"VN56386",1995,12,"19951O17",869,18.2,14,8,9.11875,1.23875,6,30
2888,"VN56390",1995,12,"19951EX47",828,16.8,15,10,9.16875,1.264375,7,30
2889,"VN56392",1995,12,"19951EX47",828,18.7,15,10,9.16875,1.264375,7,31
2890,"VN56396",1995,12,"19951EX47",828,18.2,15,10,9.16875,1.264375,7,30
2891,"VN56402",1995,12,"19951CP38",806,20,13,6,11.465625,0.114375,14,30
2892,"VN56407",1995,12,"19951EX19A",812,19,11,9,10.921875,1.175625,12,31
2893,"VN56410",1995,12,"19951EX19A",812,18.7,11,9,10.921875,1.175625,12,30
2894,"VN56411",1995,12,"19951EX19A",812,18,11,9,10.921875,1.175625,12,30
2895,"VN56412",1995,12,"19951EX19A",812,19.3,11,9,10.921875,1.175625,12,30
2896,"VN56413",1995,12,"19951EX19A",812,18.3,11,9,10.921875,1.175625,12,30
2897,"VN56416",1995,12,"19951EX67",838,20.5,12,9,10.921875,1.175625,12,30
2898,"VN56418",1995,12,"19951EX67",838,19.9,12,9,10.921875,1.175625,12,31
2899,"VN56419",1995,12,"19951EX67",838,20.4,12,9,10.921875,1.175625,12,32
2900,"VN56424",1995,12,"19951EX67",838,21.2,12,9,10.921875,1.175625,12,30
2901,"VN56428",1995,12,"19951EX53",831,17.9,9,11,10.921875,1.175625,12,31
2902,"VN56445",1995,12,"19951EX54",832,19.5,11,10,10.921875,1.175625,12,30
2903,"VN56447",1995,12,"19951CP37",805,17.8,10,9,10.921875,1.175625,12,30
2904,"VN56449",1995,12,"19951CP37",805,18,10,9,10.921875,1.175625,12,31
2905,"VN56451",1995,12,"19951CP37",805,17.2,10,9,10.921875,1.175625,12,30
2906,"VN56453",1995,12,"19951CP37",805,18.3,10,9,10.921875,1.175625,12,30
2907,"VN56455",1995,12,"19951EX56",834,20.5,12,7,10.475,1.258125,11,31
2908,"VN56458",1995,12,"19951EX56",834,19.9,12,7,10.475,1.258125,11,30
2909,"VN56463",1995,12,"19951CP40",808,18.3,12,9,10.475,1.258125,11,30
2910,"VN56468",1995,12,"19951CP40",808,18.8,12,9,10.475,1.258125,11,31
2911,"VN56472",1995,12,"19951CP43",810,20.9,12,5,10.475,1.258125,11,31
2912,"VN56478",1995,12,"19951CP39",807,20.6,13,8,10.096875,1.264375,10,31
2913,"VN56485",1995,12,"19951EX58",835,17.9,12,11,10.096875,1.264375,10,30
2914,"VN56489",1995,12,"19951EX58",835,16.6,12,11,10.096875,1.264375,10,30
2915,"VN56492",1995,12,"19951EX58",835,18.1,12,11,10.096875,1.264375,10,30
2916,"VN56493",1995,12,"19951EX58",835,17.9,12,11,10.096875,1.264375,10,31
2917,"VN56496",1995,12,"19951CP33",802,17.8,12,9,10.096875,1.264375,10,30
2918,"VN57003",1993,10,"19931SW34",636,20.2,24,9,12.078125,3.05625,4,21
2919,"VN57016",1993,10,"19931SW120",628,18.7,25,11,12.3375,3.05,3,21
2920,"VN57023",1993,10,"19931SW120",628,18.6,25,11,12.3375,3.05,3,21
2921,"VN57029",1993,10,"19931O113",606,19.1,25,9,12.3375,3.05,3,22
2922,"VN57032",1993,10,"19931O113",606,17.9,25,9,12.3375,3.05,3,22
2923,"VN57037",1993,10,"19931SW75",640,19.6,25,9,12.3375,3.05,3,23
2924,"VN57047",1993,10,"19931SW50",638,20.2,25,10,12.5875,3.01875,2,21
2925,"VN57048",1993,10,"19931SW50",638,18.9,25,10,12.5875,3.01875,2,21
2926,"VN57051",1993,10,"19931SW50",638,18.3,25,10,12.5875,3.01875,2,22
2927,"VN57055",1993,10,"19931SW8",641,18.5,24,9,12.5875,3.01875,2,21
2928,"VN57059",1993,10,"19931SW8",641,17.9,24,9,12.5875,3.01875,2,23
2929,"VN57060",1993,10,"19931SW8",641,20.9,24,9,12.5875,3.01875,2,21
2930,"VN57076",1993,10,"19931O82",619,19.7,25,11,12.559375,2.993125,1,21
2931,"VN57100",1993,10,"19931O24",612,18.7,28,10,12.753125,2.92375,0,21
2932,"VN57110",1993,10,"19931SW112",627,19.8,28,9,12.753125,2.92375,0,22
2933,"VN57119",1993,10,"19931SW102",626,20.8,30,9,12.94375,2.905,1,21
2934,"VN57128",1993,10,"19931O8",618,19.7,28,5,12.94375,2.905,1,21
2935,"VN57134",1993,10,"19931O20",610,19.6,31,8,12.94375,2.905,1,22
2936,"VN57146",1993,10,"19931O85",620,19.7,31,9,13.38125,2.240625,2,22
2937,"VN57155",1993,10,"19931O116",607,20.1,27,11,13.38125,2.240625,2,21
2938,"VN57165",1993,10,"19931SW126",631,21.2,32,9,13.65,2.240625,3,21
2939,"VN57166",1993,10,"19931SW126",631,20.9,32,9,13.65,2.240625,3,22
2940,"VN57169",1993,10,"19931O95",621,19.9,34,4,13.9125,2.240625,4,22
2941,"VN57185",1993,10,"19931SW134",633,19.2,51,7,14.096875,2.749375,22,21
2942,"VN57374",2005,22,"20051W103A",2014,18.3,18,9,9.65,1.149375,7,74
2943,"VN57381",2005,22,"20051W51",2024,18.1,18,6,10.171875,1.07625,6,76
2944,"VN57382",2005,22,"20051W100",2012,18.6,20,7,10.171875,1.07625,6,75
2945,"VN57396",2005,22,"20051EX29A",1956,19.6,20,4,10.784375,1.07125,5,74
2946,"VN57420",2003,20,"20031C20",1738,20.4,23,9,12.278125,2.36125,3,66
2947,"VN57478",2003,20,"20031C59",1740,18.4,27,6,14.45,1.520625,9,66
2948,"VN57479",2003,20,"20031C59",1740,18.4,27,6,14.45,1.520625,9,66
2949,"VN57480",2003,20,"20031C59",1740,17.8,27,6,14.45,1.520625,9,68
2950,"VN57501",1993,10,"19931EX3",567,16.8,18,12,11.725,2.968125,6,21
2951,"VN57509",1993,10,"19931EX9",589,19.7,21,11,11.725,2.968125,6,22
2952,"VN57516",1993,10,"19931EX9",589,19.4,21,11,11.725,2.968125,6,21
2953,"VN57529",1993,10,"19931EX13A",561,20,19,9,11.725,2.968125,6,21
2954,"VN57537",1993,10,"19931EX18A",562,19.5,21,10,11.725,2.968125,6,23
2955,"VN57545",1993,10,"19931CP17",549,19.1,21,8,11.725,2.968125,6,22
2956,"VN57548",1993,10,"19931W11",646,21,24,9,11.725,2.968125,6,21
2957,"VN57562",1993,10,"19931EX22",565,19.8,24,8,11.725,2.968125,6,22
2958,"VN57563",1993,10,"19931EX22",565,18.7,24,8,11.725,2.968125,6,21
2959,"VN57567",1993,10,"19931W34",651,20.5,24,8,11.725,2.968125,6,22
2960,"VN57594",1993,10,"19931W96",664,20.8,20,10,11.725,2.968125,6,21
2961,"VN57615",1993,10,"19931EX75",587,20.8,24,8,11.865625,3.13875,5,21
2962,"VN57616",1993,10,"19931EX75",587,20.1,24,8,11.865625,3.13875,5,22
2963,"VN57622",1993,10,"19931EX34A",569,19.3,23,10,11.865625,3.13875,5,21
2964,"VN57653",1993,10,"19931CP4",556,20.2,23,9,11.865625,3.13875,5,24
2965,"VN57666",1993,10,"19931CP40",557,20.6,23,9,11.865625,3.13875,5,23
2966,"VN57668",1993,10,"19931CP40",557,19.4,23,9,11.865625,3.13875,5,22
2967,"VN57681",1993,10,"19931EX6",582,19.8,20,12,12.078125,3.05625,4,22
2968,"VN57685",1993,10,"19931EX6",582,18.8,20,12,12.078125,3.05625,4,21
2969,"VN57699",1993,10,"19931EX43C",573,21,24,7,12.078125,3.05625,4,21
2970,"VN57703",1994,11,"19941CP25",679,19.1,26,8,10.04375,2.136875,7,26
2971,"VN57704",1994,11,"19941CP25",679,18.5,26,8,10.04375,2.136875,7,26
2972,"VN57707",1994,11,"19941CP25",679,20.2,26,8,10.04375,2.136875,7,27
2973,"VN57725",1994,11,"19941EX51",693,20.1,25,9,9.7875,1.458125,6,26
2974,"VN57732",1994,11,"19941EX51",693,19,25,9,9.7875,1.458125,6,27
2975,"VN57735",1994,11,"19941EX14",684,19,23,10,9.7875,1.458125,6,26
2976,"VN57738",1994,11,"19941EX14",684,21.2,23,10,9.7875,1.458125,6,26
2977,"VN57741",1994,11,"19941EX14",684,21.6,23,10,9.7875,1.458125,6,28
2978,"VN57742",1994,11,"19941EX14",684,19.8,23,10,9.7875,1.458125,6,26
2979,"VN57744",1994,11,"19941EX22",687,20.4,26,7,9.7875,1.458125,6,27
2980,"VN57747",1994,11,"19941EX22",687,20.5,26,7,9.7875,1.458125,6,27
2981,"VN57748",1994,11,"19941EX22",687,19.6,26,7,9.7875,1.458125,6,26
2982,"VN57753",1994,11,"19941W55",764,20.3,28,7,9.7875,1.458125,6,28
2983,"VN57754",1994,11,"19941W55",764,19,28,7,9.7875,1.458125,6,26
2984,"VN57766",1994,11,"19941W91",769,18,27,6,9.7875,1.458125,6,26
2985,"VN57773",1994,11,"19941W75",768,18.2,24,10,9.7875,1.458125,6,27
2986,"VN57794",1994,11,"19941W103A",757,17.4,24,6,9.7875,1.458125,6,26
2987,"VN57795",1994,11,"19941W103A",757,18.2,24,6,9.7875,1.458125,6,27
2988,"VN57811",1994,11,"19941EX51C",695,19.3,22,13,9.790625,1.375625,5,26
2989,"VN57820",1994,11,"19941CP2",678,18.7,27,7,9.790625,1.375625,5,28
2990,"VN57821",1994,11,"19941CP2",678,19.4,27,7,9.790625,1.375625,5,26
2991,"VN57822",1994,11,"19941CP2",678,19,27,7,9.790625,1.375625,5,26
2992,"VN57825",1994,11,"19941CP2",678,19.6,27,7,9.790625,1.375625,5,26
2993,"VN57886",1994,11,"19941CP28",680,20,30,10,10.925,1.94625,1,26
2994,"VN57918",1998,15,"19981W64B",1259,17.2,12,10,14.390625,0.4075,9,44
2995,"VN57950",1998,15,"19981EX11",1201,19.5,18,11,14.003125,0.333125,4,46
2996,"VN57954",1998,15,"19981EX11",1201,20.4,18,11,14.003125,0.333125,4,44
2997,"VN57986",1998,15,"19981W94",1263,18.5,21,9,13.875,0.44375,3,46
2998,"VN57993",1998,15,"19981W77",1262,18.5,23,8,13.875,0.44375,3,44
2999,"VN57996",1998,15,"19981W77",1262,19,23,8,13.875,0.44375,3,45
3000,"VN57998",1998,15,"19981EX56",1216,19.5,21,8,13.875,0.44375,3,44
3001,"VN85402",2000,17,"20001C104",1339,17.8,14,11,12.98125,2.2475,4,52
3002,"VN85403",2000,17,"20001C104",1339,18,14,11,12.98125,2.2475,4,54
3003,"VN85410",2000,17,"20001C104",1339,17.2,14,11,12.98125,2.2475,4,52
3004,"VN85416",2000,17,"20001C117",1344,19.5,14,7,12.98125,2.2475,4,53
3005,"VN85422",2000,17,"20001C39",1354,19.7,21,9,12.71875,2.445625,3,53
3006,"VN85429",2000,17,"20001C110",1342,18.6,20,8,12.71875,2.445625,3,53
3007,"VN85437",2000,17,"20001C112",1343,18.3,22,6,12.71875,2.445625,3,53
3008,"VN85438",2000,17,"20001C112",1343,19.8,22,6,12.71875,2.445625,3,52
3009,"VN85439",2000,17,"20001C112",1343,18.4,22,6,12.71875,2.445625,3,53
3010,"VN85443",2000,17,"20001C45",1356,17.2,20,5,12.49375,3.4725,2,53
3011,"VN85458",2000,17,"20001C21",1353,18.4,24,6,12.3,4.448125,1,54
3012,"VN85459",2000,17,"20001C21",1353,18.4,24,6,12.3,4.448125,1,53
3013,"VN85461",2000,17,"20001C131",1347,19,23,9,12.3,4.448125,1,52
3014,"VN85468",2000,17,"20001C131",1347,18.6,23,9,12.3,4.448125,1,52
3015,"VN85491",2000,17,"20001C107",1340,19.9,22,7,12.0875,4.7925,0,53
3016,"VN85492",2000,17,"20001C107",1340,18.2,22,7,12.0875,4.7925,0,55
3017,"VN85497",2000,17,"20001C101",1337,19.6,23,9,12.0875,4.7925,0,52
3018,"VN85500",2000,17,"20001C101",1337,19.2,23,9,12.0875,4.7925,0,53
3019,"VN85517",1994,11,"19941O30A",733,19,25,5,10.334375,2.136875,8,29
3020,"VN85545",1994,11,"19941O43",735,17.7,25,8,10.04375,2.136875,7,27
3021,"VN85551",1994,11,"19941O108",728,20.1,23,8,10.04375,2.136875,7,26
3022,"VN85565",1994,11,"19941SW10",750,19.3,24,8,9.7875,1.458125,6,26
3023,"VN85570",1994,11,"19941SW10",750,18.2,24,8,9.7875,1.458125,6,27
3024,"VN85573",1994,11,"19941SW15",752,19.1,25,8,9.7875,1.458125,6,26
3025,"VN85603",1994,11,"19941O13A",732,19.1,27,7,9.790625,1.375625,5,27
3026,"VN85616",1994,11,"19941SW36",755,19.2,25,10,9.790625,1.375625,5,27
3027,"VN85635",1994,11,"19941O114",730,19.4,26,8,9.790625,1.375625,5,26
3028,"VN85644",1994,11,"19941O37",734,18.8,24,9,9.790625,1.375625,5,26
3029,"VN85647",1994,11,"19941O37",734,17.6,24,9,9.790625,1.375625,5,26
3030,"VN85650",1994,11,"19941O37",734,19.6,24,9,9.790625,1.375625,5,26
3031,"VN85654",1994,11,"19941O69",740,19.7,25,4,9.790625,1.375625,5,27
3032,"VN85655",1994,11,"19941O69",740,19.5,25,4,9.790625,1.375625,5,27
3033,"VN85668",1994,11,"19941O47",736,19.2,30,4,9.790625,1.375625,5,26
3034,"VN85711",1994,11,"19941SW126",751,20.8,29,8,10.0625,1.4075,4,26
3035,"VN85712",1994,11,"19941SW126",751,20.2,29,8,10.0625,1.4075,4,29
3036,"VN85713",1994,11,"19941SW126",751,20.2,29,8,10.0625,1.4075,4,26
3037,"VN85747",1994,11,"19941O6",739,18.3,29,9,10.4625,1.54875,3,27
3038,"VN85781",1994,11,"19941O113",729,20.4,26,10,10.4625,1.54875,3,26
3039,"VN85792",1994,11,"19941O79",741,21.8,31,5,10.4625,1.54875,3,26
3040,"VN85794",1994,11,"19941O79",741,20.2,31,5,10.4625,1.54875,3,29
3041,"VN85821",1994,11,"19941SW27",754,16.3,29,9,10.925,1.94625,1,26
3042,"VN85850",1994,11,"19941O54",738,18.8,28,8,10.925,1.94625,1,26
3043,"VN85859",1994,11,"19941O8",742,17.2,29,10,10.925,1.94625,1,26
3044,"VN85860",1994,11,"19941O8",742,17.6,29,10,10.925,1.94625,1,27
3045,"VN85862",1994,11,"19941O50",737,18.8,29,8,10.925,1.94625,1,27
3046,"VN85920",1994,11,"19941O86",743,19.3,30,9,11.040625,1.78125,0,27
3047,"VN85939",1994,11,"19941O12",731,20.2,29,8,11.040625,1.78125,0,26
3048,"VN85957",1994,11,"19941SW2",753,20.2,30,10,11.040625,1.78125,0,27
3049,"VN85999",1994,11,"19941O96",745,17,33,7,11.33125,1.00125,1,27
3050,"VN86012",1994,11,"19941MP11",709,20.2,24,8,10.334375,2.136875,8,26
3051,"VN86019",1994,11,"19941MP83",726,19.1,21,9,10.334375,2.136875,8,26
3052,"VN86027",1994,11,"19941MP44",716,19.3,24,8,10.334375,2.136875,8,26
3053,"VN86033",1994,11,"19941MP69",721,19.5,19,9,10.334375,2.136875,8,27
3054,"VN86038",1994,11,"19941MP69",721,19.7,19,9,10.334375,2.136875,8,29
3055,"VN86047",1994,11,"19941MP71",722,19.8,26,7,10.334375,2.136875,8,26
3056,"VN86049",1994,11,"19941MP74",723,20.3,24,8,10.334375,2.136875,8,26
3057,"VN86060",1994,11,"19941B189",668,19.2,26,7,10.04375,2.136875,7,26
3058,"VN86066",1994,11,"19941B52",672,17,23,10,10.04375,2.136875,7,26
3059,"VN86083",1994,11,"19941MP59",719,19,26,7,10.04375,2.136875,7,26
3060,"VN86090",1994,11,"19941MP41",715,17.9,25,8,10.04375,2.136875,7,28
3061,"VN86094",1994,11,"19941MP41",715,19,25,8,10.04375,2.136875,7,26
3062,"VN86096",1994,11,"19941MP41",715,17.7,25,8,10.04375,2.136875,7,26
3063,"VN86106",1994,11,"19941P6",749,19,25,8,10.04375,2.136875,7,26
3064,"VN86115",1994,11,"19941P12",747,18.7,24,11,9.7875,1.458125,6,28
3065,"VN86116",1994,11,"19941P12",747,19.8,24,11,9.7875,1.458125,6,27
3066,"VN86117",1994,11,"19941MP3",713,20.8,27,8,9.7875,1.458125,6,27
3067,"VN86123",1994,11,"19941MP3",713,19.5,27,8,9.7875,1.458125,6,26
3068,"VN86125",1994,11,"19941MP14",711,18.7,25,10,9.7875,1.458125,6,28
3069,"VN86135",1994,11,"19941MP34",714,17.9,26,9,9.7875,1.458125,6,26
3070,"VN86147",1994,11,"19941MP47",717,19.2,24,8,10.4625,1.54875,3,27
3071,"VN86166",1994,11,"19941MP12",710,18.9,25,7,9.790625,1.375625,5,26
3072,"VN86183",1994,11,"19941MP56",718,19.8,25,9,9.790625,1.375625,5,27
3073,"VN86184",1994,11,"19941MP56",718,19.1,25,9,9.790625,1.375625,5,27
3074,"VN86189",1994,11,"19941MP56",718,20.4,25,9,9.790625,1.375625,5,26
3075,"VN86192",1994,11,"19941B207",669,21.2,28,6,10.0625,1.4075,4,26
3076,"VN86220",1994,11,"19941P1",746,19.5,28,9,10.0625,1.4075,4,26
3077,"VN86232",1994,11,"19941P24",748,18,25,10,10.0625,1.4075,4,26
3078,"VN86237",1994,11,"19941B88",673,19.5,31,4,10.0625,1.4075,4,28
3079,"VN86270",1994,11,"19941MP86",727,18.2,24,12,10.759375,1.791875,2,28
3080,"VN86271",1994,11,"19941MP86",727,18.4,24,12,10.759375,1.791875,2,27
3081,"VN86275",1994,11,"19941B27",670,18.5,31,9,10.925,1.94625,1,27
3082,"VN86377",1994,11,"19941B171",667,18.2,29,8,11.33125,1.00125,1,26
3083,"VN86379",1994,11,"19941B139",666,17.7,33,7,11.33125,1.00125,1,28
3084,"VN86420",1995,12,"19951MP24",850,17.7,12,8,9.746875,1.264375,9,30
3085,"VN86433",1995,12,"19951MP68",860,19.7,10,7,10.475,1.258125,11,31
3086,"VN86448",1995,12,"19951MP47",855,19.5,12,8,10.096875,1.264375,10,32
3087,"VN86455",1995,12,"19951MP46",854,19,10,9,10.096875,1.264375,10,30
3088,"VN86456",1995,12,"19951MP46",854,19.5,10,9,10.096875,1.264375,10,32
3089,"VN86460",1995,12,"19951MP46",854,19.8,10,9,10.096875,1.264375,10,30
3090,"VN86479",1995,12,"19951MP73",861,17,14,9,9.746875,1.264375,9,30
3091,"VN86484",1995,12,"19951MP73",861,16.8,14,9,9.746875,1.264375,9,30
3092,"VN86486",1995,12,"19951MP73",861,18.2,14,9,9.746875,1.264375,9,30
3093,"VN86488",1995,12,"19951B27",780,19.3,15,7,9.396875,1.264375,8,30
3094,"VN86496",1995,12,"19951MP13",849,17.5,20,8,9.309375,1.3275,5,30
3095,"VN86498",1995,12,"19951MP13",849,19.5,20,8,9.309375,1.3275,5,30
3096,"VN86507",1997,14,"19971B90",1046,20.3,17,9,11.003125,2.2425,3,40
3097,"VN86520",1997,14,"19971SW68",1153,18.5,20,4,11.003125,2.2425,3,40
3098,"VN86522",1997,14,"19971SW68",1153,18.6,20,4,11.003125,2.2425,3,40
3099,"VN86539",1997,14,"19971B46",1041,15.2,14,8,11.078125,1.55375,2,40
3100,"VN86545",1997,14,"19971B87",1045,19,19,10,11.078125,1.55375,2,40
3101,"VN86550",1997,14,"19971B87",1045,18.7,19,10,11.078125,1.55375,2,40
3102,"VN86575",1997,14,"19971B192",1036,15.3,18,7,11.71875,1.179375,1,40
3103,"VN86590",1997,14,"19971EX48",1097,19,14,7,11.940625,0.956875,3,42
3104,"VN86597",1997,14,"19971EX41C",1093,18.7,20,5,11.940625,0.956875,3,40
3105,"VN86598",1997,14,"19971EX41C",1093,19.7,20,5,11.940625,0.956875,3,40
3106,"VN86600",1997,14,"19971EX41C",1093,18.8,20,5,11.940625,0.956875,3,41
3107,"VN86601",1997,14,"19971EX41C",1093,18.2,20,5,11.940625,0.956875,3,40
3108,"VN86612",1997,14,"19971EX80",1112,19.1,27,8,12.475,0.8775,5,42
3109,"VN86614",1997,14,"19971EX80",1112,19.5,27,8,12.475,0.8775,5,40
3110,"VN86615",1997,14,"19971EX80",1112,19.6,27,8,12.475,0.8775,5,41
3111,"VN86652",1998,15,"19981B162",1177,17.1,9,9,14.365625,0.435625,8,45
3112,"VN86656",1998,15,"19981B162",1177,18.4,9,9,14.365625,0.435625,8,44
3113,"VN86673",1998,15,"19981B23",1181,19.4,21,7,14.003125,0.333125,4,44
3114,"VN86684",1998,15,"19981B76",1185,18.3,24,6,13.875,0.44375,3,44
3115,"VN86689",1998,15,"19981B31",1182,19.3,23,8,13.80625,0.44375,2,45
3116,"VN86691",1998,15,"19981B31",1182,19.5,23,8,13.80625,0.44375,2,44
3117,"VN86696",1998,15,"19981B130",1176,19.7,25,6,13.5875,0.4975,1,44
3118,"VN86699",1998,15,"19981B130",1176,20.1,25,6,13.5875,0.4975,1,47
3119,"VN86724",1994,11,"19941W38",760,20.3,26,8,10.0625,1.4075,4,26
3120,"VN86740",1994,11,"19941CP6",682,20.2,29,6,10.4625,1.54875,3,26
3121,"VN86769",1994,11,"19941W51",762,18.4,29,7,10.4625,1.54875,3,27
3122,"VN86771",1994,11,"19941W52",763,18.7,27,9,10.4625,1.54875,3,27
3123,"VN86783",1994,11,"19941W68",765,20.3,29,5,10.4625,1.54875,3,26
3124,"VN86785",1994,11,"19941W69",766,18.9,23,8,10.4625,1.54875,3,26
3125,"VN86788",1994,11,"19941W69",766,19,23,8,10.4625,1.54875,3,27
3126,"VN86803",1994,11,"19941EX8A",708,20.4,25,11,10.4625,1.54875,3,26
3127,"VN86815",1994,11,"19941EX79",706,21,28,9,10.4625,1.54875,3,26
3128,"VN86833",1994,11,"19941CP43",681,20.1,26,10,10.4625,1.54875,3,26
3129,"VN86839",1994,11,"19941EX12A",683,20.2,29,7,10.759375,1.791875,2,27
3130,"VN86840",1994,11,"19941EX12A",683,20,29,7,10.759375,1.791875,2,28
3131,"VN86848",1994,11,"19941EX14B",685,18.6,29,8,10.759375,1.791875,2,28
3132,"VN86853",1994,11,"19941W96",770,19.4,29,7,10.759375,1.791875,2,27
3133,"VN86877",1994,11,"19941EX29A",688,19.1,27,9,10.759375,1.791875,2,26
3134,"VN86878",1994,11,"19941EX29A",688,19.1,27,9,10.759375,1.791875,2,27
3135,"VN86922",1994,11,"19941EX67",702,21.9,28,8,10.759375,1.791875,2,26
3136,"VN86924",1994,11,"19941EX67",702,20.3,28,8,10.759375,1.791875,2,27
3137,"VN86930",1994,11,"19941EX80",707,19.9,28,7,10.759375,1.791875,2,28
3138,"VN86934",1994,11,"19941EX80",707,19.3,28,7,10.759375,1.791875,2,26
3139,"VN86947",1994,11,"19941EX57",697,17.8,29,8,10.759375,1.791875,2,26
3140,"VN86958",1994,11,"19941W102",756,19.8,31,7,10.925,1.94625,1,27
3141,"VN86959",1994,11,"19941W102",756,20,31,7,10.925,1.94625,1,28
3142,"VN86964",1994,11,"19941W37",759,17.3,30,9,10.925,1.94625,1,28
3143,"VN86984",1994,11,"19941EX44",691,19.1,26,6,10.925,1.94625,1,26
3144,"VN86988",1994,11,"19941EX44",691,18.1,26,6,10.925,1.94625,1,27
3145,"VN86989",1994,11,"19941EX44",691,19,26,6,10.925,1.94625,1,26
3146,"VN86994",1994,11,"19941EX62G",700,18.6,29,9,10.925,1.94625,1,26
3147,"VN86996",1994,11,"19941EX62G",700,18.9,29,9,10.925,1.94625,1,29
3148,"VN86999",1994,11,"19941EX62",699,20.6,30,7,10.925,1.94625,1,27
3149,"VN87029",1994,11,"19941O94",744,19.1,32,8,11.778125,0.9575,5,26
3150,"VN87056",1995,12,"19951SW26",895,20.4,12,10,9.16875,1.264375,7,30
3151,"VN87060",1995,12,"19951SW26",895,19.8,12,10,9.16875,1.264375,7,30
3152,"VN87068",1995,12,"19951SW130",892,19.2,17,7,9.11875,1.23875,6,31
3153,"VN87070",1995,12,"19951SW130",892,21.2,17,7,9.11875,1.23875,6,30
3154,"VN87077",1995,12,"19951SW8",899,19.8,17,5,9.11875,1.23875,6,31
3155,"VN87078",1995,12,"19951SW8",899,19.3,17,5,9.11875,1.23875,6,31
3156,"VN87090",1995,12,"19951SW88",900,17.8,15,8,9.11875,1.23875,6,30
3157,"VN87098",1995,12,"19951SW88",900,17.4,15,8,9.11875,1.23875,6,30
3158,"VN87307",1999,16,"19991C122",1275,18.8,13,10,12.5625,1.904375,7,48
3159,"VN87315",1999,16,"19991C3",1276,18.8,14,8,12.5625,1.904375,7,49
3160,"VN87317",1999,16,"19991C4",1278,18,10,10,12.5625,1.904375,7,51
3161,"VN87327",1999,16,"19991C110",1273,21,13,7,12.5625,1.904375,7,48
3162,"VN87329",1999,16,"19991C110",1273,18.6,13,7,12.5625,1.904375,7,49
3163,"VN87356",2000,17,"20001C41",1355,17.4,14,5,13.396875,0.903125,10,52
3164,"VN87359",2000,17,"20001C41",1355,17.5,14,5,13.396875,0.903125,10,52
3165,"VN87375",2000,17,"20001C108",1341,17.8,17,7,13.09375,2.00125,5,52
3166,"VN87380",2000,17,"20001C108",1341,17.2,17,7,13.09375,2.00125,5,53
3167,"VN87383",2000,17,"20001C163",1352,19,19,6,13.09375,2.00125,5,54
3168,"VN87389",2000,17,"20001C10",1336,18.4,18,8,12.98125,2.2475,4,53
3169,"VN87394",2000,17,"20001C10",1336,16.8,18,8,12.98125,2.2475,4,52
3170,"VN87395",2000,17,"20001C10",1336,17,18,8,12.98125,2.2475,4,52
3171,"VN87396",2000,17,"20001C102",1338,18.5,19,8,12.98125,2.2475,4,53
3172,"VN87397",2000,17,"20001C102",1338,18.6,19,8,12.98125,2.2475,4,53
3173,"VN87398",2000,17,"20001C102",1338,19,19,8,12.98125,2.2475,4,53
3174,"VN87399",2000,17,"20001C102",1338,18.6,19,8,12.98125,2.2475,4,54
3175,"VN87401",1997,14,"19971C2",1059,19.8,8,10,10.4625,2.768125,11,40
3176,"VN87417",1997,14,"19971C120",1049,20.2,11,8,10.796875,2.91,8,42
3177,"VN87422",1997,14,"19971C12",1048,18.8,11,9,10.796875,2.91,8,40
3178,"VN87438",1997,14,"19971C149",1053,19.8,10,8,10.796875,2.91,8,41
3179,"VN87439",1997,14,"19971C149",1053,18.2,10,8,10.796875,2.91,8,42
3180,"VN87452",1997,14,"19971C135",1052,17.3,13,9,10.796875,2.91,8,40
3181,"VN87454",1997,14,"19971C135",1052,18.1,13,9,10.796875,2.91,8,40
3182,"VN87463",1997,14,"19971C23",1060,17.8,9,9,10.703125,2.984375,7,40
3183,"VN87468",1997,14,"19971C19",1058,17.5,9,11,10.703125,2.984375,7,40
3184,"VN87482",1997,14,"19971C150",1054,16.9,10,8,10.703125,2.984375,7,40
3185,"VN87484",1997,14,"19971C61",1063,20.2,12,9,10.703125,2.984375,7,40
3186,"VN87487",1997,14,"19971C61",1063,20,12,9,10.703125,2.984375,7,40
3187,"VN87489",1997,14,"19971C61",1063,19.8,12,9,10.703125,2.984375,7,41
3188,"VN87493",1997,14,"19971C40",1061,19.3,11,11,10.603125,3.4225,6,41
3189,"VN87501",1995,12,"19951B207",777,17.1,14,10,9.396875,1.264375,8,30
3190,"VN87505",1995,12,"19951B207",777,18.2,14,10,9.396875,1.264375,8,30
3191,"VN87513",1995,12,"19951MP52",858,17.6,15,9,9.396875,1.264375,8,30
3192,"VN87525",1995,12,"19951MP76",862,17.5,16,9,9.396875,1.264375,8,30
3193,"VN87541",1995,12,"19951MP31",851,17.3,13,10,9.16875,1.264375,7,30
3194,"VN87542",1995,12,"19951MP31",851,17.2,13,10,9.16875,1.264375,7,30
3195,"VN87550",1995,12,"19951MP48",856,21.1,13,11,9.11875,1.23875,6,33
3196,"VN87573",1995,12,"19951MP59",859,20.6,21,7,9.11875,1.23875,6,30
3197,"VN87574",1995,12,"19951MP59",859,20,21,7,9.11875,1.23875,6,30
3198,"VN87579",1995,12,"19951MP59",859,21.3,21,7,9.11875,1.23875,6,31
3199,"VN87581",1995,12,"19951MP5",857,20.7,19,9,9.309375,1.3275,5,30
3200,"VN87584",1995,12,"19951MP5",857,19.1,19,9,9.309375,1.3275,5,30
3201,"VN87585",1995,12,"19951MP5",857,18.1,19,9,9.309375,1.3275,5,30
3202,"VN87587",1995,12,"19951B122",774,17.2,16,9,9.309375,1.3275,5,31
3203,"VN87590",1995,12,"19951B122",774,17.2,16,9,9.309375,1.3275,5,30
3204,"VN87598",1995,12,"19951B18",775,18.3,15,7,9.309375,1.3275,5,30
3205,"VN87599",1995,12,"19951B18",775,20.3,15,7,9.309375,1.3275,5,32
3206,"VN87609",1995,12,"19951B54",781,20.3,14,9,9.309375,1.3275,5,30
3207,"VN87610",1995,12,"19951B54",781,19,14,9,9.309375,1.3275,5,32
3208,"VN87615",1995,12,"19951B225",779,20.7,18,7,9.309375,1.3275,5,31
3209,"VN87620",1995,12,"19951MP35",853,19.9,17,9,9.309375,1.3275,5,30
3210,"VN87628",1995,12,"19951B11",773,17.7,17,7,9.459375,1.340625,4,30
3211,"VN87629",1995,12,"19951B11",773,20,17,7,9.459375,1.340625,4,30
3212,"VN87633",1995,12,"19951B11",773,17.9,17,7,9.459375,1.340625,4,30
3213,"VN87670",1995,12,"19951B219",778,18,17,7,9.70625,1.423125,3,31
3214,"VN87673",1995,12,"19951B219",778,17.7,17,7,9.70625,1.423125,3,30
3215,"VN87683",1995,12,"19951MP11",848,20.2,15,9,9.70625,1.423125,3,30
3216,"VN87684",1995,12,"19951MP34",852,20.2,17,11,9.70625,1.423125,3,31
3217,"VN87686",1995,12,"19951MP34",852,17.5,17,11,9.70625,1.423125,3,30
3218,"VN87701",1995,12,"19951B77",783,17.8,21,10,10.221875,1.7025,2,30
3219,"VN87724",1995,12,"19951B194",776,19.2,22,6,10.778125,1.785,1,30
3220,"VN87740",1995,12,"19951B105",772,17.6,27,9,11.503125,2.2425,1,30
3221,"VN87784",1995,12,"19951B8",784,18.7,34,8,13.125,1.65125,8,31
3222,"VN87807",1996,13,"19961B1",914,16.5,27,7,11.0125,1.49375,13,36
3223,"VN87822",1996,13,"19961MP24",985,17,28,7,11.0125,1.49375,13,36
3224,"VN87824",1996,13,"19961MP24",985,17.4,28,7,11.0125,1.49375,13,35
3225,"VN87828",1996,13,"19961MP42",987,15.6,29,7,11.0125,1.49375,13,35
3226,"VN87840",1996,13,"19961MP38",986,17,28,7,11.346875,1.5625,12,35
3227,"VN87845",1996,13,"19961MP8",991,18.8,27,8,11.0125,1.49375,13,35
3228,"VN87847",1996,13,"19961MP8",991,17.2,27,8,11.0125,1.49375,13,36
3229,"VN87853",1996,13,"19961B43",924,15.8,27,8,11.346875,1.5625,12,35
3230,"VN87856",1996,13,"19961B43",924,15.1,27,8,11.346875,1.5625,12,35
3231,"VN87878",1996,13,"19961B49",925,18.6,30,7,11.621875,1.29375,11,35
3232,"VN87879",1996,13,"19961B49",925,17.7,30,7,11.621875,1.29375,11,35
3233,"VN87885",1996,13,"19961B38",923,16.8,31,7,11.621875,1.29375,11,35
3234,"VN87887",1996,13,"19961B38",923,18.9,31,7,11.621875,1.29375,11,36
3235,"VN87899",1996,13,"19961MP78",990,19.6,33,5,13.609375,1.23125,6,36
3236,"VN87944",1995,12,"19951B58",782,18.3,52,6,13.184375,0.55375,24,30
3237,"VN87950",1996,13,"19961MP55",989,18.8,22,8,9.81875,1.5375,16,35
3238,"VN87977",1996,13,"19961B86",930,19.3,26,7,10.621875,1.5375,14,35
3239,"VN87996",1996,13,"19961B165",917,19.1,29,8,11.621875,1.29375,11,35
3240,"VN87999",1996,13,"19961B165",917,18.6,29,8,11.621875,1.29375,11,37
3241,"VP32004",1995,12,"19951O84",881,18.9,19,7,9.309375,1.3275,5,30
3242,"VP32010",1995,12,"19951O71",876,18.8,19,7,9.309375,1.3275,5,32
3243,"VP32024",1995,12,"19951SW21",894,17.8,17,7,9.309375,1.3275,5,30
3244,"VP32031",1995,12,"19951SW70",897,17.7,12,12,9.309375,1.3275,5,30
3245,"VP32034",1995,12,"19951SW70",897,19.2,12,12,9.309375,1.3275,5,31
3246,"VP32040",1995,12,"19951P6",887,17.5,15,10,9.309375,1.3275,5,30
3247,"VP32044",1995,12,"19951P6",887,18.1,15,10,9.309375,1.3275,5,31
3248,"VP32046",1995,12,"19951P6",887,19.3,15,10,9.309375,1.3275,5,30
3249,"VP32048",1995,12,"19951P6",887,17.9,15,10,9.309375,1.3275,5,30
3250,"VP32049",1995,12,"19951P6",887,18.5,15,10,9.309375,1.3275,5,31
3251,"VP32051",1995,12,"19951P19",886,15.9,15,10,9.309375,1.3275,5,30
3252,"VP32061",1995,12,"19951O54",875,19,14,8,9.309375,1.3275,5,31
3253,"VP32074",1995,12,"19951O44",872,19.5,16,3,9.459375,1.340625,4,31
3254,"VP32090",1995,12,"19951O114",867,17.9,17,9,9.459375,1.340625,4,30
3255,"VP32104",1995,12,"19951SW36",896,18.5,16,10,9.459375,1.340625,4,31
3256,"VP32113",1995,12,"19951SW125",890,18.5,17,6,9.459375,1.340625,4,30
3257,"VP32116",1995,12,"19951SW125",890,18,17,6,9.459375,1.340625,4,32
3258,"VP32117",1995,12,"19951SW125",890,18,17,6,9.459375,1.340625,4,31
3259,"VP32128",1995,12,"19951O81",880,19,17,6,9.70625,1.423125,3,30
3260,"VP32131",1995,12,"19951O81",880,17.4,17,6,9.70625,1.423125,3,32
3261,"VP32133",1995,12,"19951O86",883,18.5,18,10,9.70625,1.423125,3,31
3262,"VP32145",1995,12,"19951O8",879,18.2,16,8,9.70625,1.423125,3,31
3263,"VP32149",1995,12,"19951O8",879,17.6,16,8,9.70625,1.423125,3,31
3264,"VP32153",1995,12,"19951SW129",891,19.3,23,8,9.70625,1.423125,3,30
3265,"VP32156",1995,12,"19951SW129",891,19.4,23,8,9.70625,1.423125,3,30
3266,"VP32178",1995,12,"19951O93",885,19.9,17,7,10.221875,1.7025,2,31
3267,"VP32221",1995,12,"19951O75",878,19.4,24,8,11.159375,1.8675,0,31
3268,"VP32224",1995,12,"19951O75",878,18.8,24,8,11.159375,1.8675,0,31
3269,"VP32227",1995,12,"19951O75",878,19,24,8,11.159375,1.8675,0,30
3270,"VP32233",1995,12,"19951O1",863,18.8,21,8,11.159375,1.8675,0,30
3271,"VP32235",1995,12,"19951O1",863,18.3,21,8,11.159375,1.8675,0,31
3272,"VP32238",1995,12,"19951O20",870,17,21,9,11.159375,1.8675,0,30
3273,"VP32243",1995,12,"19951O20",870,18.9,21,9,11.159375,1.8675,0,34
3274,"VP32247",1995,12,"19951O27A",871,17.4,23,8,11.159375,1.8675,0,30
3275,"VP32250",1995,12,"19951O27A",871,18.4,23,8,11.159375,1.8675,0,30
3276,"VP32256",1995,12,"19951SW131",893,16.5,20,10,11.503125,2.2425,1,30
3277,"VP32264",1995,12,"19951SW73",898,20,25,7,11.503125,2.2425,1,30
3278,"VP32266",1995,12,"19951SW73",898,18,25,7,11.503125,2.2425,1,30
3279,"VP32280",1995,12,"19951O109",865,17.1,26,8,11.503125,2.2425,1,30
3280,"VP32302",1995,12,"19951O74",877,18.2,27,7,11.7875,2.229375,2,33
3281,"VP32325",1995,12,"19951O9",884,18.6,26,10,12.03125,1.555625,3,30
3282,"VP32360",1995,12,"19951O11",866,17.5,29,8,12.353125,1.199375,4,32
3283,"VP32364",1995,12,"19951O11",866,18.5,29,8,12.353125,1.199375,4,30
3284,"VP32367",1995,12,"19951SW120",889,18,27,10,12.6375,1.343125,5,32
3285,"VP32368",1995,12,"19951SW120",889,17.9,27,10,12.6375,1.343125,5,30
3286,"VP32415",1997,14,"19971O72",1142,20,12,8,10.503125,2.488125,5,43
3287,"VP32427",1997,14,"19971O40",1133,15.1,16,9,10.503125,2.488125,5,40
3288,"VP32432",1997,14,"19971O85",1146,18.7,13,9,10.503125,2.488125,5,40
3289,"VP32441",1997,14,"19971O82",1145,18.6,13,10,10.503125,2.488125,5,40
3290,"VP32442",1997,14,"19971O82",1145,18.9,13,10,10.503125,2.488125,5,42
3291,"VP32475",1997,14,"19971O114",1129,16.6,16,7,10.703125,2.466875,4,40
3292,"VP32478",1997,14,"19971O114",1129,16.8,16,7,10.703125,2.466875,4,41
3293,"VP32481",1997,14,"19971O50",1134,18.9,13,7,10.703125,2.466875,4,40
3294,"VP32483",1997,14,"19971O50",1134,18.6,13,7,10.703125,2.466875,4,40
3295,"VP32493",1997,14,"19971O67",1137,18.2,14,8,10.703125,2.466875,4,40
3296,"VP32496",1997,14,"19971O63",1136,17.6,12,9,10.703125,2.466875,4,40
3297,"VP32506",1995,12,"19951O48",873,17.6,16,7,9.309375,1.3275,5,30
3298,"VP32515",1995,12,"19951SW104",888,19,17,10,9.11875,1.23875,6,31
3299,"VP32516",1995,12,"19951SW104",888,17.5,17,10,9.11875,1.23875,6,30
3300,"VP32519",1995,12,"19951SW104",888,18.7,17,10,9.11875,1.23875,6,30
3301,"VP32528",1995,12,"19951O51",874,19.2,18,8,9.459375,1.340625,4,30
3302,"VP32549",1995,12,"19951EX84",844,20.5,19,10,10.778125,1.785,1,30
3303,"VP32550",1995,12,"19951EX84",844,19.5,19,10,10.778125,1.785,1,33
3304,"VP32559",1995,12,"19951O105",864,19.3,17,11,10.778125,1.785,1,30
3305,"VP32564",1995,12,"19951O105",864,19.5,17,11,10.778125,1.785,1,30
3306,"VP32566",1995,12,"19951O105",864,19.2,17,11,10.778125,1.785,1,30
3307,"VP32567",1995,12,"19951O105",864,19.1,17,11,10.778125,1.785,1,30
3308,"VP32576",1995,12,"19951O85",882,17.6,22,9,11.159375,1.8675,0,33
3309,"VP32597",1995,12,"19951O118",868,19.2,29,9,12.353125,1.199375,4,30
3310,"VP32601",1995,12,"19951O118",868,18.5,29,9,12.353125,1.199375,4,31
3311,"VP32603",1995,12,"19951O118",868,18,29,9,12.353125,1.199375,4,30
3312,"VP32604",1995,12,"19951O118",868,20,29,9,12.353125,1.199375,4,31
3313,"VP32605",1995,12,"19951O118",868,18.1,29,9,12.353125,1.199375,4,30
3314,"VP32702",1997,14,"19971MP71",1122,18,3,9,10.734375,3.010625,15,41
3315,"VP32709",1997,14,"19971MP71",1122,17.6,3,9,10.734375,3.010625,15,40
3316,"VP32727",1997,14,"19971MP90",1126,17,10,10,10.66875,2.874375,9,40
3317,"VP32767",1997,14,"19971MP64",1121,16.4,10,7,10.66875,2.874375,9,40
3318,"VP32790",1997,14,"19971MP9",1125,18,13,8,10.703125,2.984375,7,42
3319,"VP32819",1997,14,"19971O7",1139,16.3,4,9,10.553125,2.859375,10,40
3320,"VP32841",1997,14,"19971SW36",1152,17.6,7,11,10.553125,2.859375,10,40
3321,"VP32843",1997,14,"19971SW36",1152,17.8,7,11,10.553125,2.859375,10,40
3322,"VP32860",1997,14,"19971O69",1138,15.6,8,9,10.796875,2.91,8,41
3323,"VP32863",1997,14,"19971O69",1138,17.7,8,9,10.796875,2.91,8,40
3324,"VP32867",1997,14,"19971O52",1135,20.9,12,6,10.796875,2.91,8,40
3325,"VP32871",1997,14,"19971O52",1135,18.9,12,6,10.796875,2.91,8,40
3326,"VP32886",1997,14,"19971O20",1131,16.5,7,10,10.796875,2.91,8,40
3327,"VP32894",1997,14,"19971SW26",1151,18.5,12,9,10.796875,2.91,8,42
3328,"VP32913",1997,14,"19971SW14",1150,19.3,11,7,10.703125,2.984375,7,40
3329,"VP32916",1997,14,"19971SW14",1150,17.6,11,7,10.703125,2.984375,7,40
3330,"VP32925",1997,14,"19971O70",1140,20.6,13,9,10.703125,2.984375,7,41
3331,"VP32940",1997,14,"19971O25",1132,18.1,12,7,10.703125,2.984375,7,40
3332,"VP32956",1997,14,"19971SW103",1148,18.3,14,8,10.603125,3.4225,6,40
3333,"VP32960",1997,14,"19971SW103",1148,18.4,14,8,10.603125,3.4225,6,41
3334,"VP32986",1997,14,"19971O80",1144,19.5,14,9,10.603125,3.4225,6,40
3335,"VP51003",1994,11,"19941EX51A",694,16,30,8,11.040625,1.78125,0,26
3336,"VP51017",1994,11,"19941EX65",701,18.6,31,9,11.040625,1.78125,0,28
3337,"VP51035",1994,11,"19941EX74",704,19.4,30,8,11.040625,1.78125,0,26
3338,"VP51055",1994,11,"19941EX38",689,20.9,30,11,11.040625,1.78125,0,26
3339,"VP51082",1994,11,"19941W15",758,18.6,33,7,11.040625,1.78125,0,27
3340,"VP51083",1994,11,"19941W15",758,18.7,33,7,11.040625,1.78125,0,26
3341,"VP51086",1994,11,"19941W15",758,19.6,33,7,11.040625,1.78125,0,28
3342,"VP51113",1994,11,"19941EX45",692,19.5,27,11,11.33125,1.00125,1,27
3343,"VP51117",1994,11,"19941EX18A",686,20.4,32,9,11.33125,1.00125,1,26
3344,"VP51119",1994,11,"19941EX18A",686,20.4,32,9,11.33125,1.00125,1,26
3345,"VP51122",1994,11,"19941EX18A",686,18.8,32,9,11.33125,1.00125,1,27
3346,"VP51136",1994,11,"19941EX72",703,20.1,29,10,11.53125,0.98875,2,27
3347,"VP51245",1994,11,"19941EX75A",705,19.3,33,9,11.628125,1.014375,3,27
3348,"VP51333",1996,13,"19961EX46",965,18.4,26,8,11.346875,1.5625,12,36
3349,"VP51335",1996,13,"19961EX46",965,17.7,26,8,11.346875,1.5625,12,35
3350,"VP51340",1996,13,"19961EX43D",963,20,26,8,11.346875,1.5625,12,35
3351,"VP51341",1996,13,"19961EX43D",963,20.2,26,8,11.346875,1.5625,12,37
3352,"VP51348",1996,13,"19961EX60",972,19.1,29,6,11.346875,1.5625,12,37
3353,"VP51350",1996,13,"19961EX10",948,17.1,27,9,11.621875,1.29375,11,35
3354,"VP51351",1996,13,"19961EX10",948,18.9,27,9,11.621875,1.29375,11,35
3355,"VP51355",1996,13,"19961EX10",948,17.9,27,9,11.621875,1.29375,11,35
3356,"VP51360",1996,13,"19961EX19",952,17.6,29,9,11.621875,1.29375,11,36
3357,"VP51362",1996,13,"19961EX19",952,17.6,29,9,11.621875,1.29375,11,35
3358,"VP51365",1996,13,"19961EX19",952,20.1,29,9,11.621875,1.29375,11,35
3359,"VP51367",1996,13,"19961EX19",952,18.8,29,9,11.621875,1.29375,11,36
3360,"VP51371",1996,13,"19961W6",1026,20.5,28,8,11.621875,1.29375,11,35
3361,"VP51377",1996,13,"19961W40",1019,19.7,28,6,11.621875,1.29375,11,35
3362,"VP51385",1996,13,"19961W59",1025,18.2,27,8,11.621875,1.29375,11,35
3363,"VP51386",1996,13,"19961W59",1025,19.1,27,8,11.621875,1.29375,11,37
3364,"VP51414",1995,12,"19951EX55",833,19.8,12,7,9.746875,1.264375,9,30
3365,"VP51421",1995,12,"19951EX49C",830,19.1,13,9,9.746875,1.264375,9,30
3366,"VP51422",1995,12,"19951EX49C",830,19.1,13,9,9.746875,1.264375,9,30
3367,"VP51425",1995,12,"19951EX49C",830,19.2,13,9,9.746875,1.264375,9,30
3368,"VP51426",1995,12,"19951EX49C",830,19.4,13,9,9.746875,1.264375,9,31
3369,"VP51427",1995,12,"19951EX49C",830,19.6,13,9,9.746875,1.264375,9,30
3370,"VP51433",1995,12,"19951EX20",813,19.6,12,9,9.746875,1.264375,9,30
3371,"VP51438",1995,12,"19951EX35A",818,19,10,11,9.746875,1.264375,9,31
3372,"VP51443",1995,12,"19951EX35A",818,18.9,10,11,9.746875,1.264375,9,30
3373,"VP51444",1995,12,"19951EX35A",818,19.6,10,11,9.746875,1.264375,9,30
3374,"VP51447",1995,12,"19951EX35A",818,18.6,10,11,9.746875,1.264375,9,32
3375,"VP51448",1995,12,"19951EX7",839,19.1,13,8,9.746875,1.264375,9,31
3376,"VP51452",1995,12,"19951EX7",839,19.1,13,8,9.746875,1.264375,9,30
3377,"VP51456",1995,12,"19951EX43B",825,18.1,12,10,9.746875,1.264375,9,30
3378,"VP51457",1995,12,"19951EX43B",825,18.5,12,10,9.746875,1.264375,9,32
3379,"VP51467",1995,12,"19951EX27",815,19.5,16,7,9.396875,1.264375,8,30
3380,"VP51471",1995,12,"19951EX27",815,18.1,16,7,9.396875,1.264375,8,33
3381,"VP51473",1995,12,"19951EX9",846,19,12,11,9.396875,1.264375,8,31
3382,"VP51489",1995,12,"19951CP35",804,18.6,12,9,9.396875,1.264375,8,30
3383,"VP51491",1995,12,"19951CP35",804,17,12,9,9.396875,1.264375,8,31
3384,"VP51492",1995,12,"19951CP19",799,19.1,15,7,9.396875,1.264375,8,30
3385,"VP51493",1995,12,"19951CP19",799,20,15,7,9.396875,1.264375,8,30
3386,"VP51494",1995,12,"19951CP19",799,20.9,15,7,9.396875,1.264375,8,30
3387,"VP51498",1995,12,"19951CP19",799,19.6,15,7,9.396875,1.264375,8,30
3388,"VP51500",1995,12,"19951CP11",797,19,14,10,9.396875,1.264375,8,30
3389,"VP51511",1995,12,"19951EX62G",836,20.1,14,8,9.16875,1.264375,7,31
3390,"VP51529",1995,12,"19951EX38A",819,21.5,16,9,9.16875,1.264375,7,30
3391,"VP51531",1995,12,"19951EX38A",819,21.9,16,9,9.16875,1.264375,7,30
3392,"VP51534",1995,12,"19951EX38A",819,20.6,16,9,9.16875,1.264375,7,30
3393,"VP51535",1995,12,"19951EX38A",819,21.7,16,9,9.16875,1.264375,7,30
3394,"VP51539",1995,12,"19951EX40",822,20,14,11,9.16875,1.264375,7,30
3395,"VP51541",1995,12,"19951EX40",822,19.5,14,11,9.16875,1.264375,7,30
3396,"VP51545",1995,12,"19951EX40",822,20,14,11,9.16875,1.264375,7,32
3397,"VP51557",1995,12,"19951CP40A",809,19.1,18,7,9.11875,1.23875,6,30
3398,"VP51573",1995,12,"19951EX43D",826,18.8,15,9,9.11875,1.23875,6,32
3399,"VP51574",1995,12,"19951EX43D",826,19.3,15,9,9.11875,1.23875,6,31
3400,"VP51577",1995,12,"19951EX43D",826,21.2,15,9,9.11875,1.23875,6,30
3401,"VP51578",1995,12,"19951EX43D",826,18.9,15,9,9.11875,1.23875,6,30
3402,"VP51579",1995,12,"19951EX43D",826,21.4,15,9,9.11875,1.23875,6,30
3403,"VP51588",1995,12,"19951EX29A",817,18.1,16,9,9.11875,1.23875,6,30
3404,"VP51596",1995,12,"19951EX39A",821,18.5,15,10,9.11875,1.23875,6,30
3405,"VP51604",1995,12,"19951EX45",827,18.8,11,12,9.11875,1.23875,6,30
3406,"VP51622",1995,12,"19951EX62I",837,14.4,17,10,9.11875,1.23875,6,30
3407,"VP51630",1995,12,"19951EX74",840,19,15,9,9.11875,1.23875,6,30
3408,"VP51632",1995,12,"19951EX74",840,18.2,15,9,9.11875,1.23875,6,32
3409,"VP51646",1995,12,"19951EX43",824,18.1,18,8,9.309375,1.3275,5,30
3410,"VP51649",1995,12,"19951EX43",824,18.9,18,8,9.309375,1.3275,5,30
3411,"VP51653",1995,12,"19951EX39",820,20.4,16,11,9.309375,1.3275,5,31
3412,"VP51659",1995,12,"19951EX39",820,18.7,16,11,9.309375,1.3275,5,30
3413,"VP51662",1995,12,"19951EX39",820,17.4,16,11,9.309375,1.3275,5,30
3414,"VP51676",1995,12,"19951W64B",908,19.5,16,7,9.309375,1.3275,5,33
3415,"VP51701",1995,12,"19951EX78",843,18.5,15,9,9.459375,1.340625,4,31
3416,"VP51705",1995,12,"19951EX78",843,18.6,15,9,9.459375,1.340625,4,30
3417,"VP51706",1995,12,"19951EX78",843,19.2,15,9,9.459375,1.340625,4,33
3418,"VP51711",1995,12,"19951EX49",829,19.1,22,6,9.459375,1.340625,4,30
3419,"VP51720",1995,12,"19951EX29",816,19,20,8,9.459375,1.340625,4,30
3420,"VP51728",1995,12,"19951EX18",811,18.2,16,11,9.459375,1.340625,4,31
3421,"VP51729",1995,12,"19951EX18",811,17.9,16,11,9.459375,1.340625,4,31
3422,"VP51731",1995,12,"19951EX18",811,19.6,16,11,9.459375,1.340625,4,30
3423,"VP51735",1995,12,"19951EX21",814,18.7,13,12,9.459375,1.340625,4,30
3424,"VP51736",1995,12,"19951EX21",814,18.6,13,12,9.459375,1.340625,4,30
3425,"VP51737",1995,12,"19951EX21",814,19.4,13,12,9.459375,1.340625,4,30
3426,"VP51770",1995,12,"19951CP3",801,20.4,18,8,9.459375,1.340625,4,30
3427,"VP51771",1995,12,"19951CP3",801,18.5,18,8,9.459375,1.340625,4,30
3428,"VP51773",1995,12,"19951CP3",801,20.5,18,8,9.459375,1.340625,4,30
3429,"VP51776",1995,12,"19951CP3",801,21.2,18,8,9.459375,1.340625,4,30
3430,"VP51778",1995,12,"19951CP14",798,19.3,16,10,9.459375,1.340625,4,30
3431,"VP51782",1995,12,"19951CP14",798,18.8,16,10,9.459375,1.340625,4,31
3432,"VP51797",1995,12,"19951EX90",847,19.6,18,9,9.70625,1.423125,3,32
3433,"VP51799",1995,12,"19951EX90",847,19.4,18,9,9.70625,1.423125,3,31
3434,"VP51817",1995,12,"19951W83",912,20.8,19,7,9.70625,1.423125,3,30
3435,"VP51839",1995,12,"19951EX76",842,19.4,16,11,10.221875,1.7025,2,30
3436,"VP51841",1995,12,"19951EX76",842,19,16,11,10.221875,1.7025,2,33
3437,"VP51843",1995,12,"19951EX76",842,20,16,11,10.221875,1.7025,2,31
3438,"VP51844",1995,12,"19951EX76",842,19.4,16,11,10.221875,1.7025,2,30
3439,"VP51847",1995,12,"19951EX76",842,18.5,16,11,10.221875,1.7025,2,31
3440,"VP51848",1995,12,"19951EX76",842,19.2,16,11,10.221875,1.7025,2,31
3441,"VP51922",1995,12,"19951W73",910,18.9,15,11,10.221875,1.7025,2,30
3442,"VP51938",1995,12,"19951W52",907,17.9,20,8,10.778125,1.785,1,30
3443,"VP51946",1995,12,"19951W27",904,19.2,22,8,10.778125,1.785,1,31
3444,"VP51947",1995,12,"19951W27",904,20.5,22,8,10.778125,1.785,1,30
3445,"VP51948",1995,12,"19951W27",904,19.2,22,8,10.778125,1.785,1,32
3446,"VP51951",1995,12,"19951W27",904,18.7,22,8,10.778125,1.785,1,30
3447,"VP51953",1995,12,"19951W27",904,20.4,22,8,10.778125,1.785,1,31
3448,"VP51955",1995,12,"19951W17",902,19.4,23,9,10.778125,1.785,1,30
3449,"VP51957",1995,12,"19951W17",902,20.1,23,9,10.778125,1.785,1,31
3450,"VP51960",1995,12,"19951W17",902,20.5,23,9,10.778125,1.785,1,30
3451,"VP51962",1995,12,"19951W17",902,20.4,23,9,10.778125,1.785,1,31
3452,"VP51975",1995,12,"19951EX75",841,20,21,9,11.159375,1.8675,0,30
3453,"VR26003",1997,14,"19971C51",1062,20,10,9,10.553125,2.859375,10,42
3454,"VR26016",1998,15,"19981C140",1188,19.2,13,8,14.390625,0.4075,9,46
3455,"VR26020",1998,15,"19981C140",1188,18.2,13,8,14.390625,0.4075,9,45
3456,"VR26025",1998,15,"19981C112",1187,19,16,7,14.390625,0.4075,9,46
3457,"VR26029",1998,15,"19981C112",1187,19.8,16,7,14.390625,0.4075,9,44
3458,"VR26030",1998,15,"19981C112",1187,18.1,16,7,14.390625,0.4075,9,45
3459,"VR26060",1998,15,"19981C51",1193,20.4,13,11,14.003125,0.333125,4,45
3460,"VR26072",1998,15,"19981C21",1191,19.1,19,10,13.80625,0.44375,2,44
3461,"VR26098",1998,15,"19981C160A",1190,20,26,9,13.41875,0.49375,0,45
3462,"VR26114",1997,14,"19971C18",1057,19.2,12,9,10.603125,3.4225,6,40
3463,"VR26119",1997,14,"19971C18",1057,17.2,12,9,10.603125,3.4225,6,42
3464,"VR26146",1997,14,"19971C127",1051,16.6,13,10,11.003125,2.2425,3,40
3465,"VR26162",1997,14,"19971C122",1050,18.3,16,8,11.078125,1.55375,2,40
3466,"VR26168",1997,14,"19971C17",1056,18.8,12,10,11.1875,1.503125,1,40
3467,"VR26170",1997,14,"19971C17",1056,19.3,12,10,11.1875,1.503125,1,42
3468,"VR26206",1998,15,"19981C3A",1192,18.6,26,11,13.209375,1.898125,2,45
3469,"VR26236",1998,15,"19981C146",1189,17.4,28,8,13.109375,2.28875,3,44
3470,"VR26253",1999,16,"19991C12",1274,19.2,7,8,12.63125,1.835,12,48
3471,"VR26256",1999,16,"19991C12",1274,20.2,7,8,12.63125,1.835,12,48
3472,"VR26274",1999,16,"19991C36",1277,17.8,11,8,12.596875,1.89875,10,48
3473,"VR26276",1999,16,"19991C36",1277,17.3,11,8,12.596875,1.89875,10,49
3474,"VR26303",1996,13,"19961B197",919,17,26,6,11.621875,1.29375,11,35
3475,"VR26305",1996,13,"19961B197",919,17,26,6,11.621875,1.29375,11,35
3476,"VR26316",1996,13,"19961MP46",988,17.9,31,7,12.0375,1.2375,10,37
3477,"VR26323",1996,13,"19961B65",928,18.1,30,8,12.0375,1.2375,10,37
3478,"VR26327",1996,13,"19961B65",928,20,30,8,12.0375,1.2375,10,35
3479,"VR26328",1996,13,"19961B65",928,19.7,30,8,12.0375,1.2375,10,35
3480,"VR26335",1996,13,"19961MP1",984,17.4,30,10,12.0375,1.2375,10,35
3481,"VR26356",1996,13,"19961B27",921,16.9,31,7,12.45625,1.225,9,35
3482,"VR26357",1996,13,"19961B27",921,19.6,31,7,12.45625,1.225,9,35
3483,"VR26361",1996,13,"19961B55",926,17.6,31,8,12.9875,1.16875,8,35
3484,"VR26362",1996,13,"19961B55",926,17.8,31,8,12.9875,1.16875,8,36
3485,"VR26365",1996,13,"19961B55",926,17,31,8,12.9875,1.16875,8,35
3486,"VR26371",1996,13,"19961B140",916,19.7,34,6,13.46875,1.69375,7,35
3487,"VR26372",1996,13,"19961B140",916,17.4,34,6,13.46875,1.69375,7,35
3488,"VR26374",1996,13,"19961B140",916,18.7,34,6,13.46875,1.69375,7,35
3489,"VR26383",1996,13,"19961B79",929,17.8,35,7,13.609375,1.23125,6,36
3490,"VR26415",1996,13,"19961B62A",927,17.7,32,7,13.646875,1.1,5,37
3491,"VR26421",1996,13,"19961B62A",927,18,32,7,13.646875,1.1,5,36
3492,"VR26433",1996,13,"19961B139",915,16.9,31,10,13.953125,1.0875,4,35
3493,"VR26449",1996,13,"19961B223",920,18.6,36,7,14.225,1.2125,3,36
3494,"VR26451",1996,13,"19961B223",920,20.1,36,7,14.225,1.2125,3,37
3495,"VR26478",1996,13,"19961B190",918,20,37,9,14.26875,1.075,1,36
3496,"VR26484",1996,13,"19961B35",922,17.7,46,6,14.803125,1.04375,3,36
3497,"VR26516",1997,14,"19971B21",1038,18.7,4,9,10.775,2.84625,14,41
3498,"VR26566",1997,14,"19971B159",1035,18.2,11,8,10.796875,2.91,8,40
3499,"VR26570",1997,14,"19971B111",1033,21.1,13,8,10.796875,2.91,8,40
3500,"VR26581",1997,14,"19971B94",1047,20,10,7,10.703125,2.984375,7,40
3501,"VR26583",1997,14,"19971B145",1034,17.6,9,11,10.703125,2.984375,7,40
3502,"VR26592",1997,14,"19971B145",1034,16.8,9,11,10.703125,2.984375,7,40
3503,"VR26605",1997,14,"19971B206",1037,20.6,14,8,10.703125,2.984375,7,40
3504,"VR26630",1997,14,"19971B42",1040,17,14,8,10.603125,3.4225,6,41
3505,"VR26660",1997,14,"19971B77",1043,18,15,7,10.503125,2.488125,5,41
3506,"VR26676",1997,14,"19971B86",1044,18.8,12,10,10.503125,2.488125,5,40
3507,"VR26686",1997,14,"19971B224",1039,18.9,16,8,10.503125,2.488125,5,40
3508,"VR26720",1997,14,"19971SW72",1154,19.7,13,9,10.703125,2.466875,4,40
3509,"VR26723",1997,14,"19971SW86",1155,18.8,16,8,10.703125,2.466875,4,40
3510,"VR26789",1997,14,"19971B69",1042,17.8,14,10,11.003125,2.2425,3,40
3511,"VR26796",1997,14,"19971P9",1147,16.8,18,7,11.003125,2.2425,3,40
3512,"VR26801",1996,13,"19961W4B",1022,18.2,23,10,10.31875,1.5375,15,35
3513,"VR26810",1996,13,"19961EX53",969,19,28,7,10.621875,1.5375,14,36
3514,"VR26812",1996,13,"19961EX53",969,18.3,28,7,10.621875,1.5375,14,35
3515,"VR26814",1996,13,"19961EX53",969,18.4,28,7,10.621875,1.5375,14,35
3516,"VR26820",1996,13,"19961CP33",942,19.4,28,5,10.621875,1.5375,14,36
3517,"VR26828",1996,13,"19961CP24",939,15.6,22,11,10.621875,1.5375,14,35
3518,"VR26839",1996,13,"19961W11",1015,19.4,24,7,10.621875,1.5375,14,35
3519,"VR26843",1996,13,"19961W11",1015,20.1,24,7,10.621875,1.5375,14,35
3520,"VR26846",1996,13,"19961W28",1018,19.2,27,4,10.621875,1.5375,14,35
3521,"VR26853",1996,13,"19961W101",1013,17.1,26,7,10.621875,1.5375,14,35
3522,"VR26865",1996,13,"19961EX73",976,18.4,24,8,10.621875,1.5375,14,35
3523,"VR26866",1996,13,"19961EX73",976,18.5,24,8,10.621875,1.5375,14,35
3524,"VR26869",1996,13,"19961EX72",975,18.3,25,5,10.621875,1.5375,14,36
3525,"VR26935",1996,13,"19961EX15",951,16.6,25,9,11.0125,1.49375,13,36
3526,"VR26946",1996,13,"19961EX52",968,16.7,25,9,11.0125,1.49375,13,35
3527,"VR26948",1996,13,"19961EX52",968,17.8,25,9,11.0125,1.49375,13,37
3528,"VR26958",1996,13,"19961EX42",961,18.6,27,8,11.0125,1.49375,13,36
3529,"VR26963",1996,13,"19961EX40",959,17.9,26,10,11.0125,1.49375,13,35
3530,"VR26967",1996,13,"19961EX40",959,18.2,26,10,11.0125,1.49375,13,35
3531,"VR26970",1996,13,"19961EX40",959,19.4,26,10,11.0125,1.49375,13,35
3532,"VR26977",1996,13,"19961EX10A",949,20.2,25,10,11.0125,1.49375,13,35
3533,"VR26986",1996,13,"19961CP20",937,17.8,26,8,11.346875,1.5625,12,38
3534,"VR26989",1996,13,"19961W44",1020,13.9,24,7,11.346875,1.5625,12,36
3535,"VR27004",1995,12,"19951W42",905,19.7,22,8,11.159375,1.8675,0,30
3536,"VR27008",1995,12,"19951W42",905,20,22,8,11.159375,1.8675,0,30
3537,"VR27009",1995,12,"19951W42",905,19,22,8,11.159375,1.8675,0,30
3538,"VR27010",1995,12,"19951W42",905,20.6,22,8,11.159375,1.8675,0,30
3539,"VR27018",1995,12,"19951W23",903,19.9,22,11,11.159375,1.8675,0,30
3540,"VR27024",1995,12,"19951W23",903,17.5,22,11,11.159375,1.8675,0,30
3541,"VR27026",1995,12,"19951W23",903,18.4,22,11,11.159375,1.8675,0,30
3542,"VR27041",1995,12,"19951CP2",800,17.5,21,8,11.503125,2.2425,1,30
3543,"VR27054",1995,12,"19951W68",909,19,23,7,11.503125,2.2425,1,30
3544,"VR27059",1995,12,"19951W68",909,19.9,23,7,11.503125,2.2425,1,31
3545,"VR27064",1995,12,"19951W79",911,20.5,20,8,11.503125,2.2425,1,30
3546,"VR27067",1995,12,"19951W79",911,19.4,20,8,11.503125,2.2425,1,30
3547,"VR27077",1995,12,"19951W91",913,17.6,20,8,11.503125,2.2425,1,30
3548,"VR27089",1995,12,"19951W5",906,18.9,25,6,11.7875,2.229375,2,30
3549,"VR27109",1995,12,"19951CP34",803,18.9,28,8,12.03125,1.555625,3,30
3550,"VR27114",1995,12,"19951CP34",803,19,28,8,12.03125,1.555625,3,31
3551,"VR27126",1995,12,"19951CP1",796,19.5,29,8,12.03125,1.555625,3,30
3552,"VR27127",1995,12,"19951CP1",796,20.5,29,8,12.03125,1.555625,3,32
3553,"VR27151",1995,12,"19951W104",901,19.4,30,8,12.353125,1.199375,4,30
3554,"VR27152",1995,12,"19951W104",901,18.9,30,8,12.353125,1.199375,4,30
3555,"VR27156",1995,12,"19951EX86",845,19,30,6,12.6375,1.343125,5,33
3556,"VR27157",1995,12,"19951EX86",845,18,30,6,12.6375,1.343125,5,30
3557,"VR27183",1996,13,"19961EX54",970,12,22,8,9,1.4375,19,35
3558,"VR27211",1996,13,"19961CP35",944,17.2,23,6,9.34375,1.4,18,35
3559,"VR27293",1996,13,"19961EX19A",953,18,22,9,9.434375,1.41875,17,35
3560,"VR27297",1996,13,"19961EX29A",956,17.6,20,10,9.434375,1.41875,17,35
3561,"VR27298",1996,13,"19961EX29A",956,17.8,20,10,9.434375,1.41875,17,37
3562,"VR27300",1996,13,"19961EX29A",956,19.3,20,10,9.434375,1.41875,17,36
3563,"VR27304",1996,13,"19961EX29A",956,16.7,20,10,9.434375,1.41875,17,35
3564,"VR27309",1996,13,"19961W50",1023,18.4,25,6,9.81875,1.5375,16,35
3565,"VR27315",1996,13,"19961W73",1028,17.3,21,9,9.81875,1.5375,16,35
3566,"VR27332",1996,13,"19961EX8A",981,17,25,9,10.31875,1.5375,15,36
3567,"VR27337",1996,13,"19961EX14",950,17.2,21,10,10.31875,1.5375,15,35
3568,"VR27347",1996,13,"19961EX39C",958,19.5,26,7,10.31875,1.5375,15,36
3569,"VR27357",1996,13,"19961EX43B",962,18,25,9,10.31875,1.5375,15,35
3570,"VR27363",1996,13,"19961EX43B",962,17,25,9,10.31875,1.5375,15,35
3571,"VR27370",1996,13,"19961EX45",964,18,25,9,10.31875,1.5375,15,36
3572,"VR27372",1996,13,"19961EX45",964,18.5,25,9,10.31875,1.5375,15,36
3573,"VR27380",1996,13,"19961CP34",943,17.4,25,8,10.31875,1.5375,15,35
3574,"VR27384",1996,13,"19961CP34",943,16.5,25,8,10.31875,1.5375,15,35
3575,"VR27386",1996,13,"19961CP34",943,16.3,25,8,10.31875,1.5375,15,35
3576,"VR27389",1996,13,"19961CP21",938,18.9,26,6,10.31875,1.5375,15,35
3577,"VR27390",1996,13,"19961CP21",938,19.8,26,6,10.31875,1.5375,15,35
3578,"VR27394",1996,13,"19961CP9",947,19,27,6,10.31875,1.5375,15,35
3579,"VR27397",1996,13,"19961CP9",947,19.8,27,6,10.31875,1.5375,15,36
3580,"VR27400",1996,13,"19961W4B",1022,18.1,23,10,10.31875,1.5375,15,36
3581,"VR27416",1996,13,"19961O2",996,18.8,23,8,10.621875,1.5375,14,35
3582,"VR27421",1996,13,"19961O7",1003,16.5,22,10,10.621875,1.5375,14,36
3583,"VR27431",1996,13,"19961P7",1006,18.2,26,7,11.0125,1.49375,13,35
3584,"VR27433",1996,13,"19961P7",1006,19,26,7,11.0125,1.49375,13,35
3585,"VR27434",1996,13,"19961P7",1006,17.4,26,7,11.0125,1.49375,13,35
3586,"VR27459",1996,13,"19961SW20",1010,19.8,26,7,11.621875,1.29375,11,35
3587,"VR27484",1996,13,"19961O73",1004,17,26,8,12.0375,1.2375,10,37
3588,"VR27489",1996,13,"19961O14",994,18.1,26,8,12.0375,1.2375,10,35
3589,"VR27499",1996,13,"19961O55",1001,19.5,26,10,12.0375,1.2375,10,35
3590,"VR27512",1996,13,"19961O69",1002,21,30,4,11.346875,1.5625,12,35
3591,"VR27515",1996,13,"19961O49",1000,19,26,7,11.346875,1.5625,12,37
3592,"VR27527",1996,13,"19961O15",995,18.7,27,8,11.346875,1.5625,12,36
3593,"VR27533",1996,13,"19961O113",993,17.3,29,9,12.0375,1.2375,10,35
3594,"VR27548",1996,13,"19961SW113",1008,20.2,30,6,12.0375,1.2375,10,35
3595,"VR27554",1996,13,"19961SW101",1007,20.1,30,6,12.0375,1.2375,10,36
3596,"VR27558",1996,13,"19961SW101",1007,20,30,6,12.0375,1.2375,10,35
3597,"VR27559",1996,13,"19961SW101",1007,19.2,30,6,12.0375,1.2375,10,35
3598,"VR27561",1996,13,"19961SW3",1011,17.9,30,8,12.0375,1.2375,10,35
3599,"VR27602",1996,13,"19961SW54",1012,19.7,31,7,12.9875,1.16875,8,35
3600,"VR27623",1996,13,"19961O27A",997,18.7,32,6,12.9875,1.16875,8,35
3601,"VR27632",1996,13,"19961O35",998,18.4,32,6,12.9875,1.16875,8,35
3602,"VR27650",1996,13,"19961P4",1005,19.5,31,10,13.46875,1.69375,7,35
3603,"VR27657",1996,13,"19961O111",992,19.3,32,8,13.46875,1.69375,7,35
3604,"VR27659",1996,13,"19961O111",992,19.9,32,8,13.46875,1.69375,7,35
3605,"VR27689",1996,13,"19961O47",999,19.6,38,6,13.953125,1.0875,4,36
3606,"VR27714",1996,13,"19961SW134",1009,21,29,10,13.953125,1.0875,4,35
3607,"VR27809",2002,19,"20021EX62C",1648,19.1,23,10,12.996875,2.281875,2,62
3608,"VR27819",2002,19,"20021EX59",1647,20.1,17,10,12.996875,2.281875,2,61
3609,"VR27832",2002,19,"20021CP4",1620,20.4,23,9,12.996875,2.281875,2,61
3610,"VR27836",2002,19,"20021EX73A",1652,18,19,9,12.996875,2.43375,3,63
3611,"VR27842",2002,19,"20021EX73A",1652,17.3,19,9,12.996875,2.43375,3,61
3612,"VR27859",2002,19,"20021EX65",1649,19,25,6,12.834375,2.141875,6,61
3613,"VR27872",2002,19,"20021CP31",1617,18.7,22,7,12.83125,2.19375,7,62
3614,"VR27888",2002,19,"20021EX41C",1637,16,16,8,12.721875,2.2375,8,61
3615,"VR90012",1996,13,"19961W103",1014,16.1,28,9,11.621875,1.29375,11,35
3616,"VR90013",1996,13,"19961EX3",957,19.8,28,6,11.621875,1.29375,11,35
3617,"VR90034",1996,13,"19961EX92",983,15.9,30,6,11.621875,1.29375,11,36
3618,"VR90049",1996,13,"19961C111",932,18,29,8,12.0375,1.2375,10,35
3619,"VR90058",1996,13,"19961C160A",933,21.7,31,6,12.0375,1.2375,10,35
3620,"VR90059",1996,13,"19961C160A",933,19.9,31,6,12.0375,1.2375,10,35
3621,"VR90069",1996,13,"19961C33",936,18.5,35,9,13.609375,1.23125,6,39
3622,"VR90097",2018,35,"20181SW18",2794,18.2,13,6,12.403125,0.668125,12,105
3623,"VR90101",1996,13,"19961EX75A",977,17,30,7,12.0375,1.2375,10,36
3624,"VR90116",1996,13,"19961EX41E",960,21.3,30,9,12.0375,1.2375,10,35
3625,"VR90118",1996,13,"19961EX41E",960,20.4,30,9,12.0375,1.2375,10,35
3626,"VR90123",1996,13,"19961EX58",971,22.1,31,8,12.0375,1.2375,10,35
3627,"VR90134",1996,13,"19961EX26",955,19.3,31,8,12.0375,1.2375,10,35
3628,"VR90145",1996,13,"19961CP27",940,19.7,30,7,12.0375,1.2375,10,35
3629,"VR90159",1996,13,"19961W7",1027,16.7,29,8,12.0375,1.2375,10,35
3630,"VR90167",1996,13,"19961W9",1030,17.6,30,7,12.0375,1.2375,10,35
3631,"VR90179",1996,13,"19961W95",1032,20.7,30,8,12.0375,1.2375,10,35
3632,"VR90183",1996,13,"19961W75",1029,19.8,26,9,12.0375,1.2375,10,36
3633,"VR90208",1996,13,"19961CP5",945,17.8,30,8,12.45625,1.225,9,35
3634,"VR90213",1996,13,"19961W54",1024,19.1,28,7,12.45625,1.225,9,35
3635,"VR90253",1996,13,"19961W27",1017,17.4,30,7,12.9875,1.16875,8,35
3636,"VR90264",1996,13,"19961EX63",974,18.5,31,6,12.9875,1.16875,8,35
3637,"VR90292",1996,13,"19961EX49C",967,19.7,31,5,13.609375,1.23125,6,36
3638,"VR90297",1996,13,"19961EX22",954,18.6,30,6,12.9875,1.16875,8,35
3639,"VR90299",1996,13,"19961EX22",954,19.4,30,6,12.9875,1.16875,8,35
3640,"VR90301",1996,13,"19961EX49C",967,19.8,31,5,13.609375,1.23125,6,35
3641,"VR90311",1996,13,"19961EX90",982,19.9,40,4,13.646875,1.1,5,35
3642,"VR90320",1996,13,"19961EX89",980,18.6,29,8,13.646875,1.1,5,36
3643,"VR90321",1996,13,"19961EX89",980,17.1,29,8,13.646875,1.1,5,35
3644,"VR90325",1996,13,"19961EX88",979,19.6,37,5,13.646875,1.1,5,35
3645,"VR90374",1996,13,"19961CP29",941,20.6,33,8,13.646875,1.1,5,37
3646,"VR90382",1996,13,"19961W92",1031,19.5,38,7,13.953125,1.0875,4,35
3647,"VR90384",1996,13,"19961W92",1031,19.6,38,7,13.953125,1.0875,4,37
3648,"VR90389",1996,13,"19961W14",1016,20.8,38,5,13.953125,1.0875,4,36
3649,"VR90405",1996,13,"19961EX85",978,18.8,33,7,14.225,1.2125,3,35
3650,"VR90406",1996,13,"19961EX85",978,18.3,33,7,14.225,1.2125,3,36
3651,"VR90412",1996,13,"19961EX49A",966,19.3,25,12,14.225,1.2125,3,35
3652,"VR90433",1996,13,"19961CP5B",946,18,31,9,14.509375,1.19375,1,35
3653,"VR90441",1996,13,"19961EX62E",973,18.2,41,6,14.26875,1.075,1,35
3654,"VR90463",1996,13,"19961W49",1021,20.2,49,7,15.325,0.95,5,37
3655,"VR90517",1997,14,"19971EX7",1108,18.4,5,11,10.628125,2.883125,13,42
3656,"VR90546",1997,14,"19971CP9",1080,19.4,6,8,10.503125,2.70625,12,40
3657,"VR90549",1997,14,"19971CP24",1065,20.9,7,9,10.503125,2.70625,12,40
3658,"VR90550",1997,14,"19971CP24",1065,19.2,7,9,10.503125,2.70625,12,40
3659,"VR90563",1997,14,"19971CP43",1076,18.4,9,7,10.503125,2.70625,12,40
3660,"VR90612",1997,14,"19971W11",1156,18.5,5,12,10.553125,2.859375,10,42
3661,"VR90626",1997,14,"19971W13",1157,19.1,9,8,10.553125,2.859375,10,40
3662,"VR90650",1997,14,"19971CP40A",1074,18.7,4,10,10.4625,2.768125,11,40
3663,"VR90651",1997,14,"19971EX76",1111,19.1,9,10,10.66875,2.874375,9,41
3664,"VR90652",1997,14,"19971EX76",1111,16.4,9,10,10.66875,2.874375,9,40
3665,"VR90659",1997,14,"19971EX76",1111,20.8,9,10,10.66875,2.874375,9,40
3666,"VR90661",1997,14,"19971EX31A",1087,19.2,9,9,10.66875,2.874375,9,40
3667,"VR90666",1997,14,"19971EX31A",1087,18.6,9,9,10.66875,2.874375,9,43
3668,"VR90676",1997,14,"19971EX20",1084,17.9,10,7,10.66875,2.874375,9,40
3669,"VR90677",1997,14,"19971W28",1161,19.1,11,8,10.66875,2.874375,9,40
3670,"VR90681",1997,14,"19971W28",1161,19.1,11,8,10.66875,2.874375,9,40
3671,"VR90682",1997,14,"19971W28",1161,19.8,11,8,10.66875,2.874375,9,42
3672,"VR90687",1997,14,"19971W71",1170,20.3,12,6,10.66875,2.874375,9,40
3673,"VR90702",1997,14,"19971W54",1166,18.5,10,9,10.66875,2.874375,9,40
3674,"VR90709",1997,14,"19971W54",1166,19.4,10,9,10.66875,2.874375,9,41
3675,"VR90720",1997,14,"19971EX14A",1083,18.1,11,9,10.796875,2.91,8,43
3676,"VR90721",1997,14,"19971EX14A",1083,19.1,11,9,10.796875,2.91,8,40
3677,"VR90731",1997,14,"19971EX13",1082,18.8,6,8,10.796875,2.91,8,40
3678,"VR90738",1997,14,"19971CP6",1079,19.9,10,8,10.796875,2.91,8,40
3679,"VR90751",1997,14,"19971CP25",1066,18.7,6,12,10.796875,2.91,8,40
3680,"VR90761",1997,14,"19971CP36",1072,18.1,13,8,10.796875,2.91,8,40
3681,"VR90770",1997,14,"19971CP38",1073,17.7,10,10,10.796875,2.91,8,41
3682,"VR90783",1997,14,"19971EX58",1101,18.8,11,8,10.703125,2.984375,7,41
3683,"VR90790",1997,14,"19971EX91",1114,21.2,8,5,10.703125,2.984375,7,40
3684,"VR90826",1997,14,"19971W16",1158,18.7,12,9,11.003125,2.2425,3,40
3685,"VR90840",1997,14,"19971CP5",1077,16.8,12,10,11.003125,2.2425,3,41
3686,"VR90881",1997,14,"19971EX39A",1091,18.5,11,11,11.003125,2.2425,3,40
3687,"VR90906",1997,14,"19971W98",1175,18.7,12,9,10.703125,2.984375,7,41
3688,"VR90912",1997,14,"19971W77",1171,20.6,16,3,10.703125,2.984375,7,42
3689,"VR90926",1997,14,"19971W37",1164,21.1,11,9,10.703125,2.984375,7,40
3690,"VR90931",1997,14,"19971W21",1159,21,11,8,10.703125,2.984375,7,41
3691,"VR90937",1997,14,"19971W21",1159,19.7,11,8,10.703125,2.984375,7,40
3692,"VR90955",1997,14,"19971W34",1163,20.9,15,9,10.603125,3.4225,6,40
3693,"VR90958",1997,14,"19971W34",1163,19.1,15,9,10.603125,3.4225,6,41
3694,"VR90961",1997,14,"19971W62",1167,21.5,13,6,10.603125,3.4225,6,40
3695,"VR90984",1997,14,"19971EX29A",1085,17.9,10,10,10.603125,3.4225,6,40
3696,"VR90987",1997,14,"19971CP41",1075,18.7,11,9,10.603125,3.4225,6,40
3697,"VR90988",1997,14,"19971CP41",1075,19.8,11,9,10.603125,3.4225,6,40
3698,"VR90991",1997,14,"19971CP41",1075,17.5,11,9,10.603125,3.4225,6,40
3699,"VR90992",1997,14,"19971CP41",1075,22,11,9,10.603125,3.4225,6,40
3700,"VR91000",1997,14,"19971EX51",1099,21.6,12,10,10.603125,3.4225,6,40
3701,"VR91006",1999,16,"19991MP40",1294,21,13,6,12.89375,1.221875,5,49
3702,"VR91029",1999,16,"19991MP37",1293,18.3,21,6,12.6875,1.1275,4,49
3703,"VR91040",1999,16,"19991MP83",1298,17.8,20,8,12.6375,0.914375,3,48
3704,"VR91041",1999,16,"19991MP83",1298,18.5,20,8,12.6375,0.914375,3,49
3705,"VR91043",1999,16,"19991MP33",1292,17.1,20,9,12.6375,0.914375,3,50
3706,"VR91045",1999,16,"19991MP33",1292,20.7,20,9,12.6375,0.914375,3,49
3707,"VR91079",1999,16,"19991B92",1272,18,18,8,12.6375,0.914375,3,49
3708,"VR91081",1999,16,"19991B92",1272,17.3,18,8,12.6375,0.914375,3,48
3709,"VR91205",2003,20,"20031EX80",1753,19.6,27,6,13.425,2.07375,5,66
3710,"VR91220",2003,20,"20031EX84",1754,18,26,7,13.8875,2.204375,6,67
3711,"VR91221",2003,20,"20031EX84",1754,17.9,26,7,13.8875,2.204375,6,66
3712,"VR91311",2003,20,"20031EX33",1747,18.8,23,8,12.278125,2.36125,3,67
3713,"VR91346",2003,20,"20031W42",1781,18.2,23,8,12.278125,2.36125,3,66
3714,"VR91375",2003,20,"20031CP9",1744,18.7,22,9,12.278125,2.36125,3,66
3715,"VR91379",2003,20,"20031EX47",1750,19.5,25,6,12.7875,2.231875,4,68
3716,"VR91385",2003,20,"20031EX29A",1745,19.4,22,7,12.7875,2.231875,4,66
3717,"VR91388",2003,20,"20031EX29A",1745,18,22,7,12.7875,2.231875,4,66
3718,"VR91410",1999,16,"19991O28",1304,18,12,6,12.55,1.864375,11,48
3719,"VR91429",1999,16,"19991O63",1307,19.9,13,9,12.5625,1.904375,7,48
3720,"VR91431",1999,16,"19991O63",1307,18.4,13,9,12.5625,1.904375,7,48
3721,"VR91444",1999,16,"19991O64",1308,20.6,20,7,12.75,1.334375,6,48
3722,"VR91448",1999,16,"19991O117",1301,16.6,15,6,12.75,1.334375,6,48
3723,"VR91454",1999,16,"19991O38A",1305,19,13,8,12.89375,1.221875,5,48
3724,"VR91458",1999,16,"19991O44",1306,18.2,19,6,12.89375,1.221875,5,48
3725,"VR91483",1999,16,"19991O109",1300,19.2,20,9,12.6375,0.914375,3,48
3726,"VR91517",1998,15,"19981B217",1180,18.6,21,8,13.5875,0.4975,1,47
3727,"VR91526",1998,15,"19981B212",1179,17.8,23,9,13.5875,0.4975,1,45
3728,"VR91550",1998,15,"19981B56",1183,18,26,9,13.41875,0.49375,0,44
3729,"VR91590",1998,15,"19981B189",1178,17.2,27,9,13.209375,1.898125,2,45
3730,"VR91628",1998,15,"19981B79",1186,15.6,30,9,12.90625,2.28875,4,44
3731,"VR91631",1998,15,"19981B71",1184,16.1,30,8,12.703125,2.24375,5,44
3732,"VR91661",1999,16,"19991SW83",1316,18.7,10,8,12.69375,1.89875,9,51
3733,"VR91666",1999,16,"19991SW83",1316,18.3,10,8,12.69375,1.89875,9,50
3734,"VR91672",1999,16,"19991B38",1269,18.2,13,7,12.69375,1.89875,9,48
3735,"VR91679",1999,16,"19991B64",1270,17.8,11,10,12.5625,1.904375,7,48
3736,"VR91688",1999,16,"19991B212",1267,18.2,14,8,12.5625,1.904375,7,51
3737,"VR91710",1999,16,"19991B225",1268,18.2,19,6,12.6375,0.914375,3,49
3738,"VR91723",1999,16,"19991B76",1271,16.6,25,6,12.990625,0.590625,1,48
3739,"VR91734",1999,16,"19991SW44",1314,20.1,25,7,12.990625,0.590625,1,48
3740,"VR91737",1999,16,"19991SW44",1314,19.7,25,7,12.990625,0.590625,1,48
3741,"VR91738",1999,16,"19991SW44",1314,19.7,25,7,12.990625,0.590625,1,48
3742,"VR91742",1999,16,"19991P15",1309,21,26,9,13.121875,0.866875,0,49
3743,"VR91781",1999,16,"19991B198",1266,18.6,29,6,13.2125,1.54875,3,48
3744,"VR91805",1999,16,"19991SW127",1312,20.3,22,4,13.121875,0.866875,0,48
3745,"VR91811",1999,16,"19991O10",1299,18.8,27,6,13.121875,0.866875,0,48
3746,"VR91814",1999,16,"19991O17",1302,18.4,26,5,13.121875,0.866875,0,49
3747,"VR91819",1999,16,"19991SW129",1313,19,27,5,12.9875,0.860625,1,49
3748,"VR91849",1999,16,"19991SW12",1311,15.6,30,7,13.496875,2.29875,4,49
3749,"VR91891",1999,16,"19991O19",1303,17.5,30,7,13.484375,2.52625,6,49
3750,"VR91900",1999,16,"19991SW5",1315,18.5,33,7,13.23125,2.903125,7,48
3751,"VR91902",1999,16,"19991SW5",1315,17.3,33,7,13.23125,2.903125,7,48
3752,"VR91923",1999,16,"19991EX42",1286,16.9,32,8,13.2125,3.139375,8,49
3753,"VR91954",2000,17,"20001O65",1422,17.2,22,7,12.49375,3.4725,2,52
3754,"VR91959",2000,17,"20001O63",1421,18.6,20,9,12.49375,3.4725,2,52
3755,"VR91966",2000,17,"20001SW129",1436,19.4,27,7,12.3,4.448125,1,52
3756,"VR91970",2000,17,"20001SW129",1436,20.4,27,7,12.3,4.448125,1,52
3757,"VR91981",2000,17,"20001O75C",1424,19.8,22,7,12.3,4.448125,1,52
3758,"VR91982",2000,17,"20001O75C",1424,19.1,22,7,12.3,4.448125,1,53
3759,"VR91992",2000,17,"20001O28",1417,18.1,18,10,12.3,4.448125,1,54
3760,"VR98038",2004,21,"20041C128",1808,18.3,23,8,12.678125,0.174375,1,69
3761,"VR98040",2004,21,"20041C130",1809,19.3,18,11,12.678125,0.174375,1,69
3762,"VR98050",2004,21,"20041C4",1814,17.6,26,8,12.84375,0.618125,2,72
3763,"VR98062",2004,21,"20041C110",1807,16.4,22,10,12.771875,0.67875,3,69
3764,"VR98110",2004,21,"20041C57",1816,17.8,15,7,12.415625,0.91875,9,69
3765,"VR98112",2004,21,"20041C57",1816,18.6,15,7,12.415625,0.91875,9,69
3766,"VR98113",2004,21,"20041C57",1816,18.1,15,7,12.415625,0.91875,9,69
3767,"VR98144",2004,21,"20041C152",1811,19,17,7,12.575,0.743125,7,69
3768,"VR98163",2004,21,"20041C163",1812,18.8,20,8,12.7375,0.158125,5,69
3769,"VR98167",2004,21,"20041C148",1810,18.1,15,6,12.7375,0.158125,5,69
3770,"VR98174",2004,21,"20041C50",1815,18,17,7,12.7375,0.158125,5,69
3771,"VR98182",2004,21,"20041C32",1813,19.8,21,4,12.765625,0.105,4,71
3772,"VR98183",2004,21,"20041C32",1813,20,21,4,12.765625,0.105,4,69
3773,"VR98196",2004,21,"20041C59",1817,19.8,21,6,12.6125,0.145,3,69
3774,"VR98200",2004,21,"20041C59",1817,18.8,21,6,12.6125,0.145,3,69
3775,"VR98209",2005,22,"20051C113",1932,16.9,2,8,10.809375,1.810625,19,74
3776,"VR98214",2005,22,"20051C137",1933,17.5,11,7,9.134375,1.093125,12,75
3777,"VR98216",2005,22,"20051C137",1933,18.8,11,7,9.134375,1.093125,12,74
3778,"VR98227",2005,22,"20051C143",1935,19.5,15,4,9.38125,1.155,11,74
3779,"VR98249",2005,22,"20051C33",1943,20.2,15,7,9.375,1.599375,10,77
3780,"VR98260",2005,22,"20051C163",1941,19.5,14,6,9.375,1.599375,10,75
3781,"VR98264",2005,22,"20051C24A",1942,18.7,15,8,9.375,1.326875,9,75
3782,"VR98279",2005,22,"20051C148",1936,17.9,13,10,9.409375,1.253125,8,74
3783,"VR98288",2005,22,"20051C11",1930,19.2,18,6,9.409375,1.253125,8,74
3784,"VR98292",2005,22,"20051C11",1930,19.6,18,6,9.409375,1.253125,8,74
3785,"VR98317",2003,20,"20031CP6",1743,17.7,34,5,15.1625,1.829375,13,67
3786,"VR98327",2003,20,"20031EX62C",1752,18.1,37,6,15.803125,1.84375,16,66
3787,"VR98369",2004,21,"20041CP21",1818,18.8,12,8,11.84375,1.7175,11,69
3788,"VR98370",2004,21,"20041CP21",1818,18.3,12,8,11.84375,1.7175,11,70
3789,"VS83001",2001,18,"20011B81",1479,19.4,21,7,13.459375,2.431875,12,57
3790,"VS83011",2001,18,"20011MP74",1523,19.9,22,9,13.4625,2.2575,8,57
3791,"VS83014",2001,18,"20011MP74",1523,19.8,22,9,13.4625,2.2575,8,57
3792,"VS83016",2001,18,"20011MP73",1522,18.7,22,6,13.653125,1.086875,7,57
3793,"VS83063",2001,18,"20011B39",1474,18.4,25,5,13.725,0.54,5,57
3794,"VS83074",2001,18,"20011MP37",1519,19.5,23,6,13.725,0.54,5,60
3795,"VS83088",2001,18,"20011MP59",1520,18.5,30,6,13.95625,0.255625,4,57
3796,"VS83099",2001,18,"20011B63",1476,20.2,20,11,13.95625,0.255625,4,57
3797,"VS83115",2001,18,"20011B123",1468,21.5,25,7,13.95625,0.255625,4,58
3798,"VS83126",2001,18,"20011B205",1471,16.7,30,8,14.0125,0.25125,2,57
3799,"VS83127",2001,18,"20011B205",1471,18,30,8,14.0125,0.25125,2,57
3800,"VS83166",2001,18,"20011B68",1477,18,32,7,14.0125,0.25125,2,57
3801,"VS83171",2001,18,"20011B68",1477,19.2,32,7,14.0125,0.25125,2,57
3802,"VS83214",2001,18,"20011B79",1478,18.3,30,7,14.053125,0.25375,1,58
3803,"VS83221",2001,18,"20011B23",1473,19.1,29,10,14.090625,0.31875,0,58
3804,"VS83235",2001,18,"20011MP20",1518,21,28,9,14.053125,0.25375,1,57
3805,"VS83256",2001,18,"20011B211",1472,20.3,32,7,13.95625,0.369375,1,59
3806,"VS83259",2001,18,"20011B211",1472,19.5,32,7,13.95625,0.369375,1,57
3807,"VS83264",2001,18,"20011B16",1469,20.9,36,4,13.95625,0.369375,1,57
3808,"VS83300",2001,18,"20011B54",1475,18.9,34,4,13.30625,0.6,3,57
3809,"VS83310",2001,18,"20011MP87",1524,20.1,30,6,13.30625,0.6,3,57
3810,"VS83313",2001,18,"20011B2",1470,16.7,35,8,13.140625,0.6425,4,57
3811,"VS83344",2001,18,"20011MP63",1521,18.9,37,7,12.671875,0.57,6,57
3812,"VS83383",2001,18,"20011B86",1480,18.5,40,7,12.39375,0.844375,8,57
3813,"VS83402",1999,16,"19991W21",1318,20.5,23,8,12.990625,0.590625,1,48
3814,"VS83406",1999,16,"19991W21",1318,19.4,23,8,12.990625,0.590625,1,50
3815,"VS83447",1999,16,"19991EX26",1283,19.6,27,7,12.9875,0.860625,1,48
3816,"VS83451",1999,16,"19991W5",1320,19.2,13,6,12.9875,0.860625,1,48
3817,"VS83505",1999,16,"19991EX47",1288,19,27,6,13.0125,0.85125,2,48
3818,"VS83642",1999,16,"19991EX44",1287,18.4,28,9,13.496875,2.29875,4,49
3819,"VS83644",1999,16,"19991EX44",1287,19.1,28,9,13.496875,2.29875,4,48
3820,"VS83666",1999,16,"19991EX62A",1290,16.2,27,12,13.60625,2.39,5,48
3821,"VS83683",1999,16,"19991W76",1323,16.9,31,7,13.60625,2.39,5,51
3822,"VS83726",1999,16,"19991EX41A",1285,18.5,32,9,12.890625,3.843125,11,48
3823,"VS83730",2000,17,"20001W100",1446,18.6,16,10,13.09375,2.00125,5,52
3824,"VS83731",2000,17,"20001W100",1446,15.9,16,10,13.09375,2.00125,5,54
3825,"VS83736",2000,17,"20001W100",1446,18.7,16,10,13.09375,2.00125,5,53
3826,"VS83741",2000,17,"20001CP30",1361,19.5,22,7,12.71875,2.445625,3,52
3827,"VS83743",2000,17,"20001CP30",1361,19,22,7,12.71875,2.445625,3,52
3828,"VS83744",2000,17,"20001CP30",1361,19.5,22,7,12.71875,2.445625,3,53
3829,"VS83747",2000,17,"20001CP33",1363,19.7,22,7,12.98125,2.2475,4,53
3830,"VS83749",2000,17,"20001CP33",1363,19.9,22,7,12.98125,2.2475,4,52
3831,"VS83758",2000,17,"20001W44",1455,19.1,19,8,12.71875,2.445625,3,53
3832,"VS83766",2000,17,"20001EX14",1369,19.9,20,9,12.98125,2.2475,4,52
3833,"VS83770",2000,17,"20001EX39A",1375,18.7,20,10,12.49375,3.4725,2,52
3834,"VS83771",2000,17,"20001EX39A",1375,19.3,20,10,12.49375,3.4725,2,53
3835,"VS83776",2000,17,"20001EX39A",1375,17.4,20,10,12.49375,3.4725,2,52
3836,"VS83777",2000,17,"20001EX39A",1375,19.2,20,10,12.49375,3.4725,2,52
3837,"VS83778",2000,17,"20001EX39A",1375,18.4,20,10,12.49375,3.4725,2,53
3838,"VS83783",2000,17,"20001W59",1459,20.1,19,11,12.3,4.448125,1,55
3839,"VS83786",2000,17,"20001W59",1459,18,19,11,12.3,4.448125,1,54
3840,"VS83789",2000,17,"20001W59",1459,18.9,19,11,12.3,4.448125,1,53
3841,"VS83792",2000,17,"20001CP37",1364,19,23,8,12.3,4.448125,1,52
3842,"VS83796",2000,17,"20001CP37",1364,18,23,8,12.3,4.448125,1,52
3843,"VS83797",2000,17,"20001CP37",1364,20.1,23,8,12.3,4.448125,1,53
3844,"VS83800",2000,17,"20001CP41",1366,19.4,22,8,12.3,4.448125,1,54
3845,"VS83864",2003,20,"20031W100",1775,18.4,20,7,10.9125,2.58625,2,66
3846,"VS83870",2003,20,"20031W32",1780,18.5,20,8,10.9125,2.58625,2,66
3847,"VS83950",2018,35,"20181EX13A",2760,17.4,20,6,12.38125,1.53,6,106
3848,"VS84026",1999,16,"19991P9",1310,15.2,35,7,13.23125,3.83,9,48
3849,"VS84062",2019,36,"20191B141",2807,18,20,6,11.4625,0.56,0,108
3850,"VS84180",2019,36,"20191SW25",2828,18.9,11,6,9.509375,1.92375,8,108
3851,"VS84187",2019,36,"20191P5",2824,18.4,11,7,9.509375,1.92375,8,107
3852,"VS84191",2019,36,"20191B60",2812,17.4,11,9,9.565625,1.9275,7,108
3853,"VS84206",2019,36,"20191MP55",2820,18.2,-4,8,10.046875,1.45,17,107
3854,"VS84265",2019,36,"20191MP75",2821,18.5,3,11,9.15,1.9075,11,107
3855,"VS84314",2000,17,"20001EX53",1385,18.8,21,8,12.3,4.448125,1,52
3856,"VS84323",2000,17,"20001EX43",1379,18.7,21,11,12.3,4.448125,1,52
3857,"VS84324",2000,17,"20001EX43",1379,19.7,21,11,12.3,4.448125,1,52
3858,"VS84326",2000,17,"20001EX43",1379,19.5,21,11,12.3,4.448125,1,52
3859,"VS84331",2000,17,"20001EX43",1379,19.4,21,11,12.3,4.448125,1,53
3860,"VS84332",2000,17,"20001EX43",1379,20.4,21,11,12.3,4.448125,1,52
3861,"VS84334",2000,17,"20001EX41C",1378,17.9,23,7,12.3,4.448125,1,53
3862,"VS84335",2000,17,"20001EX41C",1378,20.1,23,7,12.3,4.448125,1,52
3863,"VS84351",2000,17,"20001W25",1453,20.3,21,11,12.0875,4.7925,0,52
3864,"VS84356",2000,17,"20001W25",1453,19.7,21,11,12.0875,4.7925,0,53
3865,"VS84358",2000,17,"20001W25",1453,16.7,21,11,12.0875,4.7925,0,53
3866,"VS84360",2000,17,"20001W21",1451,18.5,20,9,12.0875,4.7925,0,55
3867,"VS84368",2000,17,"20001W21",1451,17.9,20,9,12.0875,4.7925,0,52
3868,"VS84371",2000,17,"20001W68",1461,17.9,24,7,11.725,4.965625,1,52
3869,"VS84372",2000,17,"20001W68",1461,18,24,7,11.725,4.965625,1,52
3870,"VS84375",2000,17,"20001W68",1461,18.9,24,7,11.725,4.965625,1,52
3871,"VS84380",2000,17,"20001W64",1460,18.7,23,8,11.725,4.965625,1,53
3872,"VS84381",2000,17,"20001W64",1460,18.9,23,8,11.725,4.965625,1,52
3873,"VS84385",2000,17,"20001EX18",1370,19.7,26,7,11.725,4.965625,1,52
3874,"VS84386",2000,17,"20001EX18",1370,18.5,26,7,11.725,4.965625,1,56
3875,"VS84395",2000,17,"20001EX62H",1389,18.9,24,6,11.725,4.965625,1,52
3876,"VS84403",2000,17,"20001EX39C",1376,18.6,24,9,11.725,4.965625,1,52
3877,"VS84406",2000,17,"20001EX39C",1376,19.2,24,9,11.725,4.965625,1,52
3878,"VS84408",2000,17,"20001EX39C",1376,18.4,24,9,11.725,4.965625,1,52
3879,"VS84415",2000,17,"20001W89",1466,16.9,24,8,11.33125,4.911875,2,54
3880,"VS84417",2000,17,"20001W31",1454,19.4,26,8,11.33125,4.911875,2,53
3881,"VS84423",2000,17,"20001W31",1454,19.2,26,8,11.33125,4.911875,2,52
3882,"VS84425",2000,17,"20001W4B",1457,18.3,23,9,11.33125,4.911875,2,52
3883,"VS84428",2000,17,"20001W4B",1457,19.8,23,9,11.33125,4.911875,2,52
3884,"VS84430",2000,17,"20001W4B",1457,18.8,23,9,11.33125,4.911875,2,52
3885,"VS84431",2000,17,"20001W4B",1457,19.3,23,9,11.33125,4.911875,2,53
3886,"VS84435",2000,17,"20001CP7",1368,21.4,26,8,11.33125,4.911875,2,52
3887,"VS84438",2000,17,"20001CP7",1368,21.6,26,8,11.33125,4.911875,2,52
3888,"VS84443",2000,17,"20001CP10",1357,20.2,26,10,11.33125,4.911875,2,52
3889,"VS84449",2000,17,"20001CP10",1357,19.2,26,10,11.33125,4.911875,2,52
3890,"VS84455",2000,17,"20001EX39",1374,20.6,24,10,11.33125,4.911875,2,52
3891,"VS84465",2000,17,"20001EX62F",1388,20.5,28,7,10.85,5.268125,3,52
3892,"VS84469",2000,17,"20001EX62C",1387,21.2,26,10,10.85,5.268125,3,52
3893,"VS84472",2000,17,"20001EX62C",1387,22.2,26,10,10.85,5.268125,3,52
3894,"VS84473",2000,17,"20001EX62C",1387,20.3,26,10,10.85,5.268125,3,52
3895,"VS84483",2000,17,"20001EX64",1390,20.2,25,8,10.85,5.268125,3,52
3896,"VS84489",2000,17,"20001EX58",1386,19.7,26,9,10.85,5.268125,3,52
3897,"VS84491",2000,17,"20001EX58",1386,19.6,26,9,10.85,5.268125,3,53
3898,"VS84492",2000,17,"20001EX58",1386,19.8,26,9,10.85,5.268125,3,52
3899,"VS84536",2000,17,"20001MP71",1408,19.3,19,7,12.98125,2.2475,4,55
3900,"VS84537",2000,17,"20001MP71",1408,19.6,19,7,12.98125,2.2475,4,53
3901,"VS84544",2000,17,"20001MP68",1405,19,18,7,12.71875,2.445625,3,53
3902,"VS84545",2000,17,"20001MP68",1405,19.1,18,7,12.71875,2.445625,3,54
3903,"VS84546",2000,17,"20001MP68",1405,19.1,18,7,12.71875,2.445625,3,52
3904,"VS84548",2000,17,"20001MP68",1405,19.3,18,7,12.71875,2.445625,3,55
3905,"VS84549",2000,17,"20001MP68",1405,19.5,18,7,12.71875,2.445625,3,53
3906,"VS84555",2000,17,"20001MP60",1404,19.8,21,9,12.71875,2.445625,3,53
3907,"VS84556",2000,17,"20001MP60",1404,18.8,21,9,12.71875,2.445625,3,52
3908,"VS84557",2000,17,"20001MP60",1404,19.6,21,9,12.71875,2.445625,3,53
3909,"VS84562",2000,17,"20001MP25",1398,19.5,20,9,12.71875,2.445625,3,52
3910,"VS84567",2000,17,"20001MP25",1398,18.5,20,9,12.71875,2.445625,3,52
3911,"VS84581",2000,17,"20001MP92",1410,17.6,23,7,12.3,4.448125,1,52
3912,"VS84588",2000,17,"20001MP69",1406,19.2,23,9,12.3,4.448125,1,52
3913,"VS84591",2000,17,"20001MP69",1406,19,23,9,12.3,4.448125,1,53
3914,"VS84592",2000,17,"20001MP37",1400,19.3,24,9,12.0875,4.7925,0,52
3915,"VS84594",2000,17,"20001MP37",1400,18.5,24,9,12.0875,4.7925,0,52
3916,"VS84595",2000,17,"20001MP37",1400,17.9,24,9,12.0875,4.7925,0,54
3917,"VS84597",2000,17,"20001MP37",1400,19.8,24,9,12.0875,4.7925,0,52
3918,"VS84608",2000,17,"20001B115",1326,18.5,20,8,12.49375,3.4725,2,53
3919,"VS84614",2000,17,"20001B115",1326,18.7,20,8,12.49375,3.4725,2,53
3920,"VS84619",2000,17,"20001B115",1326,18,20,8,12.49375,3.4725,2,56
3921,"VS84620",2000,17,"20001B115",1326,20,20,8,12.49375,3.4725,2,53
3922,"VS84629",2000,17,"20001B100",1325,17.5,22,6,12.3,4.448125,1,55
3923,"VS84642",2000,17,"20001B125",1327,20,25,9,11.725,4.965625,1,53
3924,"VS84648",2000,17,"20001B125",1327,19.5,25,9,11.725,4.965625,1,52
3925,"VS84649",2000,17,"20001B145",1329,17.5,26,7,10.85,5.268125,3,53
3926,"VS84654",2000,17,"20001B145",1329,18.5,26,7,10.85,5.268125,3,52
3927,"VS84655",2000,17,"20001B145",1329,17.9,26,7,10.85,5.268125,3,53
3928,"VS84662",2000,17,"20001B147",1330,19.8,26,7,11.33125,4.911875,2,54
3929,"VS84665",2000,17,"20001B99",1335,18.6,27,10,10.778125,5.2725,4,53
3930,"VS84673",2000,17,"20001B99",1335,18.1,27,10,10.778125,5.2725,4,52
3931,"VS84688",2000,17,"20001B56",1333,17,29,7,10.778125,5.2725,4,52
3932,"VS84692",2000,17,"20001B56",1333,17.5,29,7,10.778125,5.2725,4,52
3933,"VS84702",2000,17,"20001B36",1332,20.3,21,6,12.71875,2.445625,3,53
3934,"VS84713",2000,17,"20001MP44",1401,17.8,21,8,12.49375,3.4725,2,53
3935,"VS84714",2000,17,"20001MP44",1401,18.8,21,8,12.49375,3.4725,2,53
3936,"VS84719",2000,17,"20001MP44",1401,18.3,21,8,12.49375,3.4725,2,52
3937,"VS84724",2000,17,"20001MP77",1409,18.6,18,6,12.49375,3.4725,2,52
3938,"VS84727",2000,17,"20001MP77",1409,17.9,18,6,12.49375,3.4725,2,53
3939,"VS84757",2001,18,"20011EX49B",1503,20.2,39,7,12.815625,0.593125,5,57
3940,"VS84810",2000,17,"20001MP1",1395,19.5,25,8,11.725,4.965625,1,55
3941,"VS84819",2000,17,"20001MP48",1402,18.8,25,9,11.33125,4.911875,2,52
3942,"VS84834",2000,17,"20001MP16",1397,17.5,25,10,10.85,5.268125,3,53
3943,"VS84844",2000,17,"20001MP27",1399,19,23,12,10.85,5.268125,3,53
3944,"VS84864",2000,17,"20001MP7",1407,18.8,28,8,10.778125,5.2725,4,52
3945,"VS84868",2000,17,"20001MP7",1407,18.5,28,8,10.778125,5.2725,4,52
3946,"VS84876",2000,17,"20001MP12",1396,18.9,28,4,10.9875,4.934375,5,53
3947,"VS84884",2000,17,"20001B140",1328,20.6,30,7,10.9875,4.934375,5,53
3948,"VS84887",2000,17,"20001B140",1328,19.6,30,7,10.9875,4.934375,5,52
3949,"VS84889",2000,17,"20001B140",1328,22,30,7,10.9875,4.934375,5,53
3950,"VS84890",2000,17,"20001MP57",1403,19.8,25,10,10.9875,4.934375,5,53
3951,"VS84892",2000,17,"20001MP57",1403,21.5,25,10,10.9875,4.934375,5,52
3952,"VS84918",2003,20,"20031CP5A",1742,18.9,21,9,12.7875,2.231875,4,66
3953,"VS84950",2003,20,"20031W102",1776,18.9,23,8,12.7875,2.231875,4,66
3954,"VS84959",2003,20,"20031W103A",1777,16.3,24,8,12.7875,2.231875,4,66
3955,"VS84962",2003,20,"20031W75A",1785,19.1,23,3,12.7875,2.231875,4,66
3956,"VS84963",2003,20,"20031W75A",1785,19.6,23,3,12.7875,2.231875,4,66
3957,"VS84968",2003,20,"20031W11",1778,20.1,25,7,12.7875,2.231875,4,66
3958,"VT33008",2001,18,"20011W75A",1566,19.4,32,7,14.090625,0.31875,0,60
3959,"VT33013",2001,18,"20011EX18A",1496,19.6,35,5,14.090625,0.31875,0,57
3960,"VT33014",2001,18,"20011EX18A",1496,19.6,35,5,14.090625,0.31875,0,57
3961,"VT33022",2001,18,"20011EX31",1500,19.2,33,8,13.95625,0.369375,1,57
3962,"VT33023",2001,18,"20011EX28",1498,20.6,31,3,13.95625,0.369375,1,57
3963,"VT33031",2001,18,"20011CP25",1491,19.5,34,6,13.95625,0.369375,1,57
3964,"VT33038",2001,18,"20011EX13",1494,20.4,29,7,13.95625,0.369375,1,58
3965,"VT33047",2001,18,"20011CP14",1490,20.1,34,9,13.95625,0.369375,1,57
3966,"VT33072",2001,18,"20011EX65",1511,22.5,34,6,13.95625,0.369375,1,57
3967,"VT33093",2001,18,"20011EX39C",1501,20.7,32,7,13.95625,0.369375,1,57
3968,"VT33111",2001,18,"20011W67",1564,17,25,8,13.94375,0.25375,3,58
3969,"VT33143",2001,18,"20011W13",1551,20.4,30,6,13.653125,0.380625,2,57
3970,"VT33180",2001,18,"20011EX63",1510,19.1,35,8,13.30625,0.6,3,59
3971,"VT33188",2001,18,"20011EX51A",1505,20.5,33,10,13.30625,0.6,3,58
3972,"VT33221",2001,18,"20011EX76",1513,17.7,39,7,12.49375,0.5875,7,57
3973,"VT33225",2001,18,"20011EX51D",1506,19.5,44,6,12.49375,0.5875,7,57
3974,"VT33243",2001,18,"20011EX75A",1512,17.7,41,5,12.39375,0.844375,8,58
3975,"VT33313",2002,19,"20021W69",1723,17.9,9,9,9.98125,1.960625,14,61
3976,"VT33316",2002,19,"20021W69",1723,17.7,9,9,9.98125,1.960625,14,63
3977,"VT33317",2002,19,"20021W69",1723,19.4,9,9,9.98125,1.960625,14,61
3978,"VT33331",2002,19,"20021EX76",1654,17.5,9,4,10.13125,1.69125,13,61
3979,"VT33336",2002,19,"20021EX39B",1634,17.3,7,10,10.13125,1.69125,13,61
3980,"VT33360",2002,19,"20021EX31",1633,17.8,5,9,10.13125,1.69125,13,61
3981,"VT33378",2002,19,"20021EX29A",1632,17.3,11,10,10.83125,0.9525,11,61
3982,"VT33379",2002,19,"20021EX29A",1632,17.2,11,10,10.83125,0.9525,11,65
3983,"VT33381",2002,19,"20021EX29A",1632,17.1,11,10,10.83125,0.9525,11,62
3984,"VT33383",2002,19,"20021EX29A",1632,16.3,11,10,10.83125,0.9525,11,61
3985,"VT33388",2002,19,"20021CP38",1619,17.3,6,7,10.83125,0.9525,11,62
3986,"VT33407",2002,19,"20021EX12A",1625,17.8,5,10,10.83125,0.9525,11,62
3987,"VT33419",2002,19,"20021EX57",1645,18.6,4,9,11.321875,1.22875,10,61
3988,"VT33463",2002,19,"20021W64",1722,18.4,7,10,11.321875,1.22875,10,61
3989,"VT33480",2002,19,"20021CP41",1621,19.1,5,10,11.621875,1.1375,9,61
3990,"VT33486",2002,19,"20021EX68",1650,17.2,9,9,11.621875,1.1375,9,61
3991,"VT33500",2002,19,"20021EX44",1640,18.5,13,8,11.621875,1.1375,9,61
3992,"VT33506",2002,19,"20021EX45",1641,18.5,9,6,11.621875,1.1375,9,61
3993,"VT33529",2002,19,"20021CP42A",1622,17.7,12,6,11.921875,1.08125,8,61
3994,"VT33530",2002,19,"20021EX41",1636,17.4,8,9,11.921875,1.08125,8,63
3995,"VT33533",2002,19,"20021EX41",1636,17.4,8,9,11.921875,1.08125,8,61
3996,"VT33544",2002,19,"20021CP15",1615,17.3,12,11,11.921875,1.08125,8,61
3997,"VT33548",2002,19,"20021EX14B",1626,19.7,3,10,11.921875,1.08125,8,61
3998,"VT33550",2002,19,"20021EX14B",1626,18.7,3,10,11.921875,1.08125,8,61
3999,"VT33556",2002,19,"20021EX14B",1626,18.1,3,10,11.921875,1.08125,8,61
4000,"VT33566",2002,19,"20021EX20",1628,19.2,7,11,11.921875,1.08125,8,61
4001,"VT33585",2002,19,"20021W37",1717,18.4,9,11,11.921875,1.08125,8,62
4002,"VT33595",2002,19,"20021W77",1725,19.2,12,7,11.921875,1.08125,8,61
4003,"VT33596",2002,19,"20021W77",1725,18.3,12,7,11.921875,1.08125,8,64
4004,"VT33598",2002,19,"20021W77",1725,18.3,12,7,11.921875,1.08125,8,61
4005,"VT33603",2002,19,"20021W97",1730,18.5,11,8,11.921875,1.08125,8,62
4006,"VT33629",2002,19,"20021EX74",1653,18.9,14,5,12.315625,1.34625,7,61
4007,"VT33658",2002,19,"20021EX58",1646,19.9,8,10,12.315625,1.34625,7,61
4008,"VT33662",2002,19,"20021EX53",1644,17.1,8,9,12.315625,1.34625,7,61
4009,"VT33689",2002,19,"20021W42",1718,18.4,7,12,12.315625,1.34625,7,61
4010,"VT33691",2002,19,"20021W42",1718,18.5,7,12,12.315625,1.34625,7,65
4011,"VT33693",2002,19,"20021W42",1718,19.3,7,12,12.315625,1.34625,7,64
4012,"VT33709",2002,19,"20021W75",1724,19.8,7,7,12.315625,1.34625,7,63
4013,"VT33711",2002,19,"20021W94",1729,19.4,14,8,12.315625,1.34625,7,63
4014,"VT33713",2002,19,"20021W94",1729,18.4,14,8,12.315625,1.34625,7,62
4015,"VT33723",2002,19,"20021W99A",1731,19.2,14,6,12.315625,1.34625,7,62
4016,"VT33733",2002,19,"20021EX18",1627,19.9,7,9,12.315625,1.34625,7,61
4017,"VT33734",2002,19,"20021EX18",1627,19.5,7,9,12.315625,1.34625,7,62
4018,"VT33739",2002,19,"20021EX18",1627,18.9,7,9,12.315625,1.34625,7,61
4019,"VT33740",2002,19,"20021EX18",1627,19.5,7,9,12.315625,1.34625,7,61
4020,"VT33752",2002,19,"20021EX92",1658,17.5,18,8,12.603125,1.711875,6,63
4021,"VT33760",2002,19,"20021W17",1714,20.8,11,7,12.603125,1.711875,6,63
4022,"VT33764",2002,19,"20021W17",1714,20,11,7,12.603125,1.711875,6,64
4023,"VT33776",2002,19,"20021W78",1726,18.3,8,11,12.603125,1.711875,6,61
4024,"VT33779",2002,19,"20021EX26",1630,20,15,9,12.603125,1.711875,6,61
4025,"VT33785",2002,19,"20021EX26",1630,21.1,15,9,12.603125,1.711875,6,62
4026,"VT33786",2002,19,"20021EX70",1651,18.1,20,6,12.840625,1.7525,5,63
4027,"VT33790",2002,19,"20021EX70",1651,19.9,20,6,12.840625,1.7525,5,63
4028,"VT33791",2002,19,"20021EX70",1651,19.5,20,6,12.840625,1.7525,5,62
4029,"VT33801",2002,19,"20021SW62",1710,17.4,12,9,10.434375,1.208125,12,63
4030,"VT33822",2002,19,"20021SW16",1703,17.4,9,7,10.83125,0.9525,11,62
4031,"VT33834",2002,19,"20021O75C",1688,17,8,11,10.83125,0.9525,11,61
4032,"VT33840",2002,19,"20021O75C",1688,18,8,11,10.83125,0.9525,11,61
4033,"VT33850",2002,19,"20021SW89",1713,17,9,9,11.321875,1.22875,10,61
4034,"VT33853",2002,19,"20021SW89",1713,18.2,9,9,11.321875,1.22875,10,61
4035,"VT33855",2002,19,"20021SW89",1713,17,9,9,11.321875,1.22875,10,61
4036,"VT33893",2002,19,"20021SW124",1700,19.3,12,7,11.321875,1.22875,10,63
4037,"VT33914",2002,19,"20021SW130",1702,19.7,13,6,11.621875,1.1375,9,61
4038,"VT33915",2002,19,"20021SW130",1702,18.8,13,6,11.621875,1.1375,9,61
4039,"VT33932",2002,19,"20021P1",1692,19.6,10,4,11.621875,1.1375,9,63
4040,"VT33937",2002,19,"20021SW44",1708,18.7,10,6,11.621875,1.1375,9,61
4041,"VT33942",2002,19,"20021O115",1681,18.8,9,9,11.621875,1.1375,9,63
4042,"VT33944",2002,19,"20021O115",1681,18.1,9,9,11.621875,1.1375,9,61
4043,"VT33949",2002,19,"20021O115",1681,17.5,9,9,11.621875,1.1375,9,61
4044,"VT33967",2002,19,"20021O81",1690,18.7,13,8,11.921875,1.08125,8,62
4045,"VT33975",2002,19,"20021SW42",1707,17.5,12,9,11.921875,1.08125,8,61
4046,"VT34002",2001,18,"20011SW105",1543,16.8,15,9,12.85,2.634375,14,57
4047,"VT34006",2001,18,"20011SW105",1543,14.2,15,9,12.85,2.634375,14,57
4048,"VT34051",2001,18,"20011O75B",1535,17.9,22,7,13.4625,2.2575,8,57
4049,"VT34052",2001,18,"20011O75B",1535,18.1,22,7,13.4625,2.2575,8,57
4050,"VT34056",2001,18,"20011O67",1533,17.9,19,5,13.653125,1.086875,7,58
4051,"VT34073",2001,18,"20011SW117",1544,19.6,24,7,13.7125,0.7425,6,57
4052,"VT34077",2001,18,"20011SW117",1544,19.8,24,7,13.7125,0.7425,6,57
4053,"VT34095",2001,18,"20011O115",1525,19.9,29,8,13.725,0.54,5,57
4054,"VT34121",2001,18,"20011O34",1529,16.8,34,6,13.95625,0.255625,4,57
4055,"VT34158",2001,18,"20011O30",1528,18.2,28,6,13.7125,0.7425,6,57
4056,"VT34162",2001,18,"20011SW1",1542,19.3,29,7,14.0125,0.25125,2,57
4057,"VT34165",2001,18,"20011SW1",1542,20.3,29,7,14.0125,0.25125,2,57
4058,"VT34174",2001,18,"20011O96",1538,19.9,29,8,14.0125,0.25125,2,58
4059,"VT34210",2001,18,"20011O43",1531,19.9,29,5,14.090625,0.31875,0,58
4060,"VT34221",2001,18,"20011P14",1539,19.6,31,6,14.053125,0.25375,1,57
4061,"VT34237",2001,18,"20011P5",1541,19.4,34,6,14.090625,0.31875,0,57
4062,"VT34248",2001,18,"20011O95",1537,17.3,31,10,14.090625,0.31875,0,57
4063,"VT34285",2001,18,"20011O53",1532,18.3,35,7,13.95625,0.369375,1,60
4064,"VT34294",2001,18,"20011O41",1530,20.1,29,4,13.95625,0.369375,1,57
4065,"VT34297",2001,18,"20011O116",1526,17.5,30,7,13.95625,0.369375,1,57
4066,"VT34304",2001,18,"20011O118",1527,18.2,37,7,13.95625,0.369375,1,57
4067,"VT34319",2001,18,"20011EX50",1504,18.6,32,9,13.653125,0.380625,2,57
4068,"VT34327",2001,18,"20011EX29A",1499,17,33,7,13.653125,0.380625,2,59
4069,"VT34337",2001,18,"20011EX55",1508,18.1,35,8,13.653125,0.380625,2,57
4070,"VT34371",2001,18,"20011SW122",1545,20.6,28,7,13.653125,0.380625,2,58
4071,"VT34380",2001,18,"20011SW60",1547,17.6,39,7,13.653125,0.380625,2,57
4072,"VT34382",2001,18,"20011SW60",1547,19,39,7,13.653125,0.380625,2,58
4073,"VT34395",2001,18,"20011SW82",1549,17.6,36,6,13.30625,0.6,3,57
4074,"VT34400",2001,18,"20011SW82",1549,18,36,6,13.30625,0.6,3,57
4075,"VT34450",2001,18,"20011SW78",1548,18.7,38,8,13.140625,0.6425,4,57
4076,"VT34455",2001,18,"20011SW78",1548,18.3,38,8,13.140625,0.6425,4,57
4077,"VT34520",2001,18,"20011O70",1534,18.8,36,7,12.465625,2.046875,10,59
4078,"VT34536",2001,18,"20011P19",1540,15.4,46,6,12.4125,1.948125,11,57
4079,"VT34542",2001,18,"20011O93",1536,19.8,42,6,12.425,1.9325,12,57
4080,"VT34549",2001,18,"20011SW14",1546,14.4,42,7,12.95625,1.943125,14,60
4081,"VT34622",2001,18,"20011C28",1488,19,32,7,14.090625,0.31875,0,57
4082,"VT34629",2001,18,"20011C128",1484,19.4,32,7,14.090625,0.31875,0,57
4083,"VT34631",2001,18,"20011C128",1484,20.1,32,7,14.090625,0.31875,0,57
4084,"VT34632",2001,18,"20011C128",1484,19.6,32,7,14.090625,0.31875,0,57
4085,"VT34646",2001,18,"20011C117",1483,18.8,28,3,14.090625,0.31875,0,57
4086,"VT34654",2001,18,"20011C27",1487,17.1,32,8,13.95625,0.369375,1,57
4087,"VT34682",2002,19,"20021C110",1598,18.7,6,7,9.75,2.124375,16,62
4088,"VT34683",2002,19,"20021C110",1598,18,6,7,9.75,2.124375,16,63
4089,"VT34695",2002,19,"20021C32",1608,17.1,8,9,10.434375,1.208125,12,61
4090,"VT34705",2001,18,"20011W83",1567,18.5,27,7,13.725,0.54,5,57
4091,"VT34711",2001,18,"20011EX14B",1495,20,24,10,13.725,0.54,5,57
4092,"VT34730",2001,18,"20011EX62A",1509,18.7,35,5,13.95625,0.255625,4,58
4093,"VT34731",2001,18,"20011EX62A",1509,17.7,35,5,13.95625,0.255625,4,57
4094,"VT34739",2001,18,"20011W7",1565,19.7,28,7,13.95625,0.255625,4,57
4095,"VT34740",2001,18,"20011W7",1565,19,28,7,13.95625,0.255625,4,59
4096,"VT34741",2001,18,"20011W7",1565,20.8,28,7,13.95625,0.255625,4,57
4097,"VT34751",2001,18,"20011W38",1557,19,19,7,13.95625,0.255625,4,57
4098,"VT34774",2001,18,"20011EX80",1514,21.6,29,8,13.94375,0.25375,3,58
4099,"VT34777",2001,18,"20011EX80",1514,19.2,29,8,13.94375,0.25375,3,57
4100,"VT34785",2001,18,"20011W102",1550,18.6,27,4,13.94375,0.25375,3,60
4101,"VT34793",2001,18,"20011W21",1555,19.7,23,6,13.94375,0.25375,3,57
4102,"VT34798",2001,18,"20011W44",1560,18.3,28,9,14.0125,0.25125,2,57
4103,"VT34803",2001,18,"20011W36",1556,19.9,27,8,14.0125,0.25125,2,57
4104,"VT34809",2001,18,"20011EX86",1515,21.5,30,9,14.0125,0.25125,2,57
4105,"VT34876",2001,18,"20011W41",1558,19.4,27,6,14.053125,0.25375,1,57
4106,"VT34881",2001,18,"20011W59",1562,17.9,27,6,14.053125,0.25375,1,58
4107,"VT34889",2001,18,"20011W42",1559,19.5,26,9,14.053125,0.25375,1,57
4108,"VT34892",2001,18,"20011W42",1559,20.5,26,9,14.053125,0.25375,1,57
4109,"VT34976",2001,18,"20011W14",1552,22.5,28,10,14.090625,0.31875,0,58
4110,"VX12028",1997,14,"19971SW130",1149,19,14,8,11.003125,2.2425,3,42
4111,"VX12042",1997,14,"19971O77",1143,20,13,8,11.003125,2.2425,3,41
4112,"VX12060",1997,14,"19971O111",1128,18.9,18,10,11.078125,1.55375,2,40
4113,"VX12065",1997,14,"19971O71",1141,19.1,18,7,11.078125,1.55375,2,40
4114,"VX12151",1998,15,"19981MP14",1221,18.1,17,10,14.33125,0.435625,7,44
4115,"VX12158",1998,15,"19981MP55",1227,19.6,19,8,14.240625,0.506875,6,46
4116,"VX12162",1998,15,"19981MP55",1227,18.6,19,8,14.240625,0.506875,6,46
4117,"VX12166",1998,15,"19981MP42",1225,20.3,22,6,14.184375,0.319375,5,44
4118,"VX12176",1998,15,"19981MP90",1232,21,21,8,14.003125,0.333125,4,46
4119,"VX12177",1998,15,"19981MP90",1232,19.7,21,8,14.003125,0.333125,4,44
4120,"VX12178",1998,15,"19981MP90",1232,20.9,21,8,14.003125,0.333125,4,46
4121,"VX12185",1998,15,"19981MP68",1229,18.1,21,8,14.003125,0.333125,4,44
4122,"VX12192",1998,15,"19981MP53",1226,19.1,22,9,13.875,0.44375,3,44
4123,"VX12257",1997,14,"19971O109",1127,19,25,10,11.940625,0.956875,3,40
4124,"VX12263",1997,14,"19971O13",1130,18,26,7,12.5125,0.78625,6,40
4125,"VX12265",1997,14,"19971O13",1130,19.3,26,7,12.5125,0.78625,6,40
4126,"VX12304",1998,15,"19981MP79",1231,17.1,21,9,13.80625,0.44375,2,45
4127,"VX12324",1998,15,"19981MP21",1222,17.2,25,8,13.41875,0.49375,0,44
4128,"VX12332",1998,15,"19981MP33",1223,17.7,24,11,13.41875,0.49375,0,45
4129,"VX12348",1998,15,"19981MP76",1230,18.4,24,9,13.41875,0.49375,0,44
4130,"VX12356",1998,15,"19981MP6",1228,17.2,27,8,13.29375,1.0725,1,47
4131,"VX12360",1998,15,"19981MP6",1228,19.3,27,8,13.29375,1.0725,1,44
4132,"VX12362",1998,15,"19981MP6",1228,18.6,27,8,13.29375,1.0725,1,45
4133,"VX12372",1998,15,"19981MP4",1224,19,31,6,13.109375,2.28875,3,45
4134,"VX12409",1999,16,"19991MP61",1296,19.1,8,8,12.709375,1.80875,15,48
4135,"VX12453",1999,16,"19991B108",1264,18,14,8,12.69375,1.89875,9,48
4136,"VX12481",1999,16,"19991MP46",1295,18.7,12,10,12.75,1.334375,6,51
4137,"VX12488",1999,16,"19991B112",1265,19.1,18,7,12.75,1.334375,6,49
4138,"VX12496",1999,16,"19991MP76",1297,18,14,6,12.89375,1.221875,5,48
4139,"VX12512",1998,15,"19981O25",1237,19.4,20,5,14.240625,0.506875,6,46
4140,"VX12596",1998,15,"19981O20",1236,18.3,21,8,13.5875,0.4975,1,44
4141,"VX12608",1998,15,"19981O77",1242,20,25,7,13.5875,0.4975,1,44
4142,"VX12609",1998,15,"19981SW36",1248,19.5,26,7,13.5875,0.4975,1,44
4143,"VX12618",1998,15,"19981O68",1240,19.6,24,8,13.5875,0.4975,1,44
4144,"VX12632",1998,15,"19981O69",1241,17.9,24,8,13.5875,0.4975,1,45
4145,"VX12643",1998,15,"19981O67",1239,19.6,24,7,13.41875,0.49375,0,44
4146,"VX12652",1998,15,"19981P1",1243,17.6,26,7,13.41875,0.49375,0,44
4147,"VX12654",1998,15,"19981P1",1243,18.7,26,7,13.41875,0.49375,0,45
4148,"VX12661",1998,15,"19981SW76",1249,20.1,26,7,13.41875,0.49375,0,44
4149,"VX12662",1998,15,"19981SW76",1249,20.3,26,7,13.41875,0.49375,0,45
4150,"VX12687",1998,15,"19981P14",1244,19.2,28,6,13.29375,1.0725,1,44
4151,"VX12695",1998,15,"19981SW82",1250,19.2,26,9,13.29375,1.0725,1,44
4152,"VX12737",1998,15,"19981SW115",1246,19.3,27,10,13.29375,1.0725,1,44
4153,"VX12750",1998,15,"19981SW18",1247,18.9,26,10,13.29375,1.0725,1,45
4154,"VX12774",1998,15,"19981O11",1234,20.2,27,6,13.209375,1.898125,2,47
4155,"VX12776",1998,15,"19981O11",1234,17.6,27,6,13.209375,1.898125,2,45
4156,"VX12801",1998,15,"19981O108",1233,18.6,31,7,13.109375,2.28875,3,44
4157,"VX12813",1998,15,"19981O118",1235,17.4,30,7,13.109375,2.28875,3,45
4158,"VX12818",1998,15,"19981SW107",1245,14.5,32,5,13.109375,2.28875,3,44
4159,"VX12844",1998,15,"19981SW83",1251,19.3,27,7,13.109375,2.28875,3,47
4160,"VX12895",1998,15,"19981O56",1238,15.9,34,8,12.890625,2.49625,7,45
4161,"VX12971",2018,35,"20181O118",2780,19.5,29,8,15.434375,2.485,2,105
4162,"VX13007",1998,15,"19981W75A",1261,18.9,24,6,13.41875,0.49375,0,44
4163,"VX13049",1998,15,"19981EX51C",1215,17.7,26,8,13.41875,0.49375,0,44
4164,"VX13064",1998,15,"19981EX26",1206,20.4,28,7,13.41875,0.49375,0,45
4165,"VX13066",1998,15,"19981EX25",1205,20.1,24,10,13.41875,0.49375,0,45
4166,"VX13102",1998,15,"19981EX60",1217,21.2,24,9,13.41875,0.49375,0,45
4167,"VX13103",1998,15,"19981EX60",1217,21.7,24,9,13.41875,0.49375,0,45
4168,"VX13105",1998,15,"19981EX60",1217,21.9,24,9,13.41875,0.49375,0,44
4169,"VX13133",1998,15,"19981EX92",1220,19.5,24,9,13.41875,0.49375,0,46
4170,"VX13174",1998,15,"19981CP5B",1199,19.7,25,9,13.29375,1.0725,1,44
4171,"VX13178",1998,15,"19981CP5B",1199,18.6,25,9,13.29375,1.0725,1,44
4172,"VX13179",1998,15,"19981EX51",1214,20.3,26,10,13.29375,1.0725,1,46
4173,"VX13205",1998,15,"19981CP39",1197,17.2,29,7,13.209375,1.898125,2,45
4174,"VX13223",1998,15,"19981CP34",1196,17.3,24,11,13.209375,1.898125,2,44
4175,"VX13228",1998,15,"19981CP33",1195,17.7,27,5,13.209375,1.898125,2,46
4176,"VX13244",1998,15,"19981EX20",1204,19.4,27,8,13.209375,1.898125,2,44
4177,"VX13246",1998,15,"19981EX20",1204,18.2,27,8,13.209375,1.898125,2,45
4178,"VX13251",1998,15,"19981EX18A",1202,17.6,26,10,13.209375,1.898125,2,44
4179,"VX13277",1998,15,"19981EX31A",1210,18.3,27,10,13.209375,1.898125,2,44
4180,"VX13282",1998,15,"19981EX31A",1210,18.1,27,10,13.209375,1.898125,2,45
4181,"VX13287",1998,15,"19981EX29A",1208,19.1,25,10,13.209375,1.898125,2,44
4182,"VX13328",1998,15,"19981EX62D",1218,16.3,26,10,13.109375,2.28875,3,44
4183,"VX13329",1998,15,"19981EX62D",1218,16.9,26,10,13.109375,2.28875,3,46
4184,"VX13333",1998,15,"19981EX68",1219,19.9,29,7,13.109375,2.28875,3,44
4185,"VX13343",1998,15,"19981EX4",1211,16.9,23,11,13.109375,2.28875,3,44
4186,"VX13357",1998,15,"19981EX43A",1213,18.5,26,9,13.109375,2.28875,3,44
4187,"VX13368",1998,15,"19981EX27",1207,18.1,27,11,13.109375,2.28875,3,44
4188,"VX13374",1998,15,"19981EX27",1207,17.8,27,11,13.109375,2.28875,3,46
4189,"VX13387",1998,15,"19981CP5",1198,19,29,9,13.109375,2.28875,3,44
4190,"VX13390",1998,15,"19981CP5",1198,17.7,29,9,13.109375,2.28875,3,46
4191,"VX13525",1998,15,"19981W2",1254,18.7,33,6,12.703125,2.24375,5,45
4192,"VX13567",1998,15,"19981EX2",1203,18.6,30,10,12.778125,2.370625,6,44
4193,"VX13610",1998,15,"19981W11",1253,18.8,31,10,12.778125,2.370625,6,45
4194,"VX13626",1998,15,"19981W101",1252,18.4,31,8,12.890625,2.49625,7,44
4195,"VX13678",1998,15,"19981W59",1257,20.2,14,9,12.95,2.91375,8,44
4196,"VX13724",1998,15,"19981EX41E",1212,14.7,39,8,12.95,4.35,15,44
4197,"VX13727",1999,16,"19991W57",1322,17.7,8,8,12.68125,1.91375,8,48
4198,"VX13735",1999,16,"19991CP28",1280,19,13,7,12.5625,1.904375,7,48
4199,"VX13746",1999,16,"19991W45",1319,19,10,9,12.5625,1.904375,7,50
4200,"VX13759",1999,16,"19991EX65",1291,18.4,15,8,12.75,1.334375,6,48
4201,"VX13761",1999,16,"19991EX65",1291,18.4,15,8,12.75,1.334375,6,48
4202,"VX13776",1999,16,"19991W51",1321,18.8,12,7,12.75,1.334375,6,50
4203,"VX13789",1999,16,"19991W80",1324,20,10,11,12.75,1.334375,6,49
4204,"VX13790",1999,16,"19991CP22",1279,18.4,16,8,12.6875,1.1275,4,48
4205,"VX13797",1999,16,"19991CP22",1279,19.3,16,8,12.6875,1.1275,4,48
4206,"VX13906",1999,16,"19991EX22",1282,20.4,18,7,12.6875,1.1275,4,50
4207,"VX13910",1999,16,"19991W18",1317,19.5,16,5,12.6875,1.1275,4,49
4208,"VX13937",1999,16,"19991EX51D",1289,21,21,7,12.6375,0.914375,3,48
4209,"VX13939",1999,16,"19991EX51D",1289,20.9,21,7,12.6375,0.914375,3,49
4210,"VX13991",1999,16,"19991EX29A",1284,19.5,22,7,12.990625,0.590625,1,48
4211,"VX14005",1997,14,"19971EX43C",1095,17.9,6,11,10.603125,3.4225,6,41
4212,"VX14012",1997,14,"19971EX43C",1095,19.4,6,11,10.603125,3.4225,6,40
4213,"VX14021",1997,14,"19971EX3",1086,19.4,10,9,10.603125,3.4225,6,41
4214,"VX14037",1997,14,"19971EX75A",1110,20,11,9,10.503125,2.488125,5,40
4215,"VX14039",1997,14,"19971EX4",1092,20.4,12,7,10.503125,2.488125,5,40
4216,"VX14044",1997,14,"19971EX4",1092,19.8,12,7,10.503125,2.488125,5,40
4217,"VX14050",1997,14,"19971EX5",1098,18.1,8,10,10.503125,2.488125,5,40
4218,"VX14060",1997,14,"19971EX6",1103,20.9,15,9,10.503125,2.488125,5,40
4219,"VX14061",1997,14,"19971EX6",1103,21.1,15,9,10.503125,2.488125,5,40
4220,"VX14063",1997,14,"19971EX6",1103,22.2,15,9,10.503125,2.488125,5,40
4221,"VX14073",1997,14,"19971EX35",1089,19.7,13,9,10.503125,2.488125,5,42
4222,"VX14082",1997,14,"19971W68",1168,20.6,14,8,10.503125,2.488125,5,40
4223,"VX14101",1997,14,"19971W25",1160,18.5,14,8,10.503125,2.488125,5,41
4224,"VX14102",1997,14,"19971W25",1160,19,14,8,10.503125,2.488125,5,40
4225,"VX14124",1997,14,"19971W4B",1165,20.1,11,10,10.503125,2.488125,5,40
4226,"VX14133",1997,14,"19971W7",1169,19,13,9,10.503125,2.488125,5,40
4227,"VX14134",1997,14,"19971W7",1169,18.9,13,9,10.503125,2.488125,5,40
4228,"VX14150",1997,14,"19971W9",1173,20.6,11,6,10.503125,2.488125,5,41
4229,"VX14154",1997,14,"19971CP1",1064,15.5,13,9,10.503125,2.488125,5,41
4230,"VX14170",1997,14,"19971CP29",1069,19.3,13,9,10.503125,2.488125,5,41
4231,"VX14177",1997,14,"19971CP30",1070,19,16,7,10.503125,2.488125,5,41
4232,"VX14192",1997,14,"19971EX43",1094,19.3,9,12,10.703125,2.466875,4,40
4233,"VX14195",1997,14,"19971EX43",1094,19.1,9,12,10.703125,2.466875,4,40
4234,"VX14199",1997,14,"19971EX43D",1096,18,11,10,10.703125,2.466875,4,41
4235,"VX14201",1997,14,"19971EX43D",1096,17.7,11,10,10.703125,2.466875,4,40
4236,"VX14203",1997,14,"19971EX43D",1096,18.6,11,10,10.703125,2.466875,4,41
4237,"VX14207",1997,14,"19971EX39",1090,18.9,12,11,10.703125,2.466875,4,40
4238,"VX14208",1997,14,"19971EX39",1090,17.9,12,11,10.703125,2.466875,4,40
4239,"VX14213",1997,14,"19971EX39",1090,19.1,12,11,10.703125,2.466875,4,40
4240,"VX14216",1997,14,"19971EX39",1090,18.7,12,11,10.703125,2.466875,4,40
4241,"VX14217",1997,14,"19971EX34",1088,18.7,14,10,10.703125,2.466875,4,43
4242,"VX14228",1997,14,"19971EX11",1081,19.9,12,10,10.703125,2.466875,4,40
4243,"VX14238",1997,14,"19971EX72",1109,17.8,17,7,10.703125,2.466875,4,40
4244,"VX14254",1997,14,"19971EX60",1104,21.3,15,9,10.703125,2.466875,4,40
4245,"VX14258",1997,14,"19971EX60",1104,20,15,9,10.703125,2.466875,4,43
4246,"VX14259",1997,14,"19971EX60",1104,21.2,15,9,10.703125,2.466875,4,41
4247,"VX14264",1997,14,"19971EX59",1102,20,12,8,10.703125,2.466875,4,42
4248,"VX14319",1997,14,"19971EX86",1113,18.3,12,9,11.078125,1.55375,2,40
4249,"VX14323",1997,14,"19971EX86",1113,20.2,12,9,11.078125,1.55375,2,40
4250,"VX14340",1997,14,"19971EX51D",1100,20.6,16,7,11.078125,1.55375,2,40
4251,"VX14341",1997,14,"19971EX51D",1100,18.6,16,7,11.078125,1.55375,2,41
4252,"VX14345",1997,14,"19971CP34",1071,17.3,18,10,11.078125,1.55375,2,41
4253,"VX14357",1997,14,"19971CP27",1067,17.4,17,10,11.078125,1.55375,2,40
4254,"VX14359",1997,14,"19971CP27",1067,16.5,17,10,11.078125,1.55375,2,40
4255,"VX14368",1997,14,"19971CP28",1068,18.1,18,7,11.078125,1.55375,2,40
4256,"VX14381",1997,14,"19971EX64",1106,18.7,19,8,11.1875,1.503125,1,40
4257,"VX14382",1997,14,"19971EX64",1106,18.3,19,8,11.1875,1.503125,1,40
4258,"VX14383",1997,14,"19971EX64",1106,18.2,19,8,11.1875,1.503125,1,42
4259,"VX14387",1997,14,"19971EX69",1107,19.3,16,8,11.1875,1.503125,1,41
4260,"VX14388",1997,14,"19971EX69",1107,20.5,16,8,11.1875,1.503125,1,41
4261,"VX14411",1997,14,"19971CP5A",1078,19,12,7,11.1875,1.503125,1,42
4262,"VX14424",1997,14,"19971W3",1162,19.9,18,9,11.40625,1.279375,0,40
4263,"VX14457",1997,14,"19971EX62C",1105,18.7,24,7,11.71875,1.179375,1,40
4264,"VX14461",1997,14,"19971W93",1174,18.8,17,7,11.71875,1.179375,1,42
4265,"VX14468",1997,14,"19971W8",1172,20.3,22,6,11.778125,1.021875,2,40
4266,"VX14493",1999,16,"19991CP40A",1281,20.1,10,8,12.596875,1.89875,10,48
4267,"VZ29104",2016,33,"20161C134",2712,17.9,15,7,12.8625,1.50875,14,102
4268,"VZ29137",2016,33,"20161SW108",2718,13.3,39,5,14.203125,1.37375,9,102
4269,"VZ29148",2016,33,"20161C163",2713,17.9,40,5,14.715625,1.501875,10,102
4270,"VZ29181",2018,35,"20181C26",2752,20.8,17,10,12.38125,1.53,6,105
4271,"VZ29249",2016,33,"20161W60",2721,18.7,31,3,12.56875,1.725625,2,102
4272,"VZ29318",2017,34,"20171EX7",2735,17.9,8,5,11.303125,0.795,10,104
4273,"VZ29369",2017,34,"20171EX3",2731,16.4,9,7,11.54375,0.9725,9,103
4274,"VZ29373",2017,34,"20171EX3",2731,18.1,9,7,11.54375,0.9725,9,104
4275,"VZ29410",2017,34,"20171W87",2749,18.3,14,7,11.9375,3.339375,4,103
4276,"VZ29471",2017,34,"20171EX36",2732,17.6,13,9,11.9375,3.339375,4,103
4277,"VZ29489",2017,34,"20171EX39A",2733,17.4,14,11,14.259375,3.343125,1,103
4278,"VZ29510",2018,35,"20181EX19A",2762,20.2,27,7,15.434375,2.485,2,105
4279,"VZ29530",2018,35,"20181EX43B",2767,20.3,29,7,16.128125,2.5025,4,105
4280,"VZ29552",2018,35,"20181EX41",2766,18.7,28,10,16.128125,2.5025,4,105
4281,"VZ29564",2018,35,"20181EX17",2761,19.2,27,11,16.128125,2.5025,4,105
4282,"VZ29601",2017,34,"20171EX81A",2736,17.9,20,4,14.259375,3.343125,1,104
4283,"VZ29712",2017,34,"20171C19",2726,19.4,7,8,10.253125,0.645,13,103
4284,"VZ29739",2017,34,"20171C139",2725,17.7,10,8,11.303125,0.795,10,103
4285,"VZ29822",2018,35,"20181EX52",2768,20.1,22,8,13.7875,1.311875,3,105
4286,"VZ29840",2018,35,"20181EX5A",2769,21.2,22,9,14.015625,1.816875,2,105
4287,"VZ29844",2018,35,"20181EX5A",2769,20.2,22,9,14.015625,1.816875,2,105
4288,"VZ29871",2018,35,"20181EX21",2763,19.2,24,8,14.25,1.86,1,105
4289,"VZ30007",2017,34,"20171CP33",2728,19,9,5,11.6625,2.21,8,103
4290,"VZ30044",2017,34,"20171CP36",2729,17.1,10,6,11.85625,3.105,6,103
4291,"VZ30049",2017,34,"20171CP19",2727,18.3,10,6,11.85625,3.105,6,103
4292,"VZ30075",2017,34,"20171EX50",2734,17.5,13,8,11.765625,3.35,5,104
4293,"VZ30206",2018,35,"20181CP5",2759,19.7,23,8,14.015625,1.816875,2,105
4294,"VZ30248",2018,35,"20181W25",2801,16.9,24,9,14.25,1.86,1,105
4295,"VZ30291",2018,35,"20181W2",2799,19.1,22,9,14.509375,1.874375,0,105
4296,"VZ30298",2018,35,"20181CP17",2755,18.9,23,9,14.509375,1.874375,0,105
4297,"VZ30341",2017,34,"20171EX26",2730,18.7,8,5,11.54375,0.9725,9,103
4298,"VZ30342",2017,34,"20171EX26",2730,19.1,8,5,11.54375,0.9725,9,103
4299,"VZ30433",2018,35,"20181W71",2806,19.4,25,9,14.509375,1.874375,0,105
4300,"VZ30466",2018,35,"20181W103A",2798,18.4,24,11,14.94375,2.088125,1,106
4301,"VZ30485",2018,35,"20181EX32",2765,19.2,26,8,14.94375,2.088125,1,106
4302,"VZ30486",2018,35,"20181EX32",2765,19.1,26,8,14.94375,2.088125,1,105
4303,"VZ30488",2018,35,"20181EX28",2764,19.2,23,11,14.509375,1.874375,0,105
4304,"VZ30603",2017,34,"20171C133",2723,18.4,16,6,11.684375,2.988125,7,103
4305,"VZ30605",2017,34,"20171C133",2723,18.4,16,6,11.684375,2.988125,7,103
4306,"VZ30621",2017,34,"20171O75",2746,19.2,11,8,11.684375,2.988125,7,104
4307,"VZ30659",2017,34,"20171SW116",2748,18.3,13,7,11.765625,3.35,5,103
4308,"VZ30663",2017,34,"20171SW116",2748,18,13,7,11.765625,3.35,5,103
4309,"VZ30682",2017,34,"20171C137",2724,17.6,16,7,11.765625,3.35,5,104
4310,"VZ30730",2018,35,"20181EX84",2772,19.7,24,7,14.94375,2.088125,1,105
4311,"VZ30825",2018,35,"20181CP21",2756,18.9,23,9,14.509375,1.874375,0,105
4312,"VZ30833",2018,35,"20181CP42A",2758,17.9,21,9,14.509375,1.874375,0,105
4313,"VZ30871",2018,35,"20181W49",2804,19.1,27,8,14.94375,2.088125,1,105
4314,"VZ30873",2018,35,"20181W66",2805,17.6,24,9,15.921875,2.498125,3,105
4315,"VZ30878",2018,35,"20181W66",2805,17.9,24,9,15.921875,2.498125,3,105
4316,"VZ30892",2018,35,"20181CP37",2757,17.2,31,8,16.125,2.501875,5,106
4317,"VZ30933",2019,36,"20191B27",2811,17,11,9,9.725,1.72,6,107
4318,"VZ30984",2019,36,"20191B227",2810,20,19,9,11.4625,0.56,0,107
4319,"VZ31064",2018,35,"20181O69",2788,19.4,27,11,15.921875,2.498125,3,105
4320,"VZ31107",2019,36,"20191O21",2823,16.1,13,9,9.915625,1.638125,5,108
4321,"VZ31181",2019,36,"20191P7",2825,16.2,14,9,10.29375,1.5575,4,107
4322,"VZ31212",2019,36,"20191C63",2814,19.8,2,6,9.396875,2.21,15,108
4323,"VZ31429",2021,38,"20211SW6",2862,17.8,20,6,10.41875,3.255,12,110
4324,"VZ31495",2021,38,"20211SW16",2861,17.6,25,7,11.36875,2.77375,8,110
4325,"VZ31676",2019,36,"20191W41",2830,19.4,23,6,12.153125,0.301875,2,108
4326,"VZ32536",2018,35,"20181MP38",2775,18.2,26,6,13.271875,1.83625,4,106
4327,"VZ32564",2018,35,"20181MP5",2777,19.2,24,8,14.015625,1.816875,2,105
4328,"VZ32566",2018,35,"20181MP5",2777,18.4,24,8,14.015625,1.816875,2,106
4329,"VZ32575",2018,35,"20181MP34A",2774,17.8,23,9,14.015625,1.816875,2,105
4330,"VZ32577",2018,35,"20181MP34A",2774,17.3,23,9,14.015625,1.816875,2,105
4331,"VZ32585",2018,35,"20181MP75",2778,19.3,22,10,14.015625,1.816875,2,106
4332,"VZ32606",2018,35,"20181B212",2750,20.4,21,7,12.765625,1.655625,5,105
4333,"VZ32729",2019,36,"20191SW112",2827,18.3,9,7,9.509375,1.92375,8,107
4334,"VZ32780",2019,36,"20191SW102",2826,17.7,10,9,9.725,1.72,6,107
4335,"VZ32931",2018,35,"20181SW42",2797,18.4,24,5,14.25,1.86,1,105
4336,"VZ32960",2018,35,"20181SW35",2796,17.9,23,9,14.509375,1.874375,0,105
4337,"VZ32982",2018,35,"20181O52",2786,19.5,22,10,14.509375,1.874375,0,105
4338,"VZ32983",2018,35,"20181O52",2786,20.5,22,10,14.509375,1.874375,0,105
4339,"VZ33113",2019,36,"20191C9",2815,18.4,14,6,9.725,1.72,6,107
4340,"VZ33331",2021,38,"20211O115",2857,18.7,22,11,12.478125,2.02125,5,110
4341,"VZ33373",2021,38,"20211EX62H",2851,19,32,3,13.421875,1.250625,2,110
4342,"VZ33512",2018,35,"20181MP78",2779,18.5,25,10,14.25,1.86,1,106
4343,"VZ33619",2019,36,"20191O18",2822,18.6,10,8,9.565625,1.9275,7,108
4344,"VZ33739",2018,35,"20181MP44",2776,19.1,27,11,15.921875,2.498125,3,105
4345,"VZ33751",2018,35,"20181O47",2784,16.1,37,6,16.271875,1.693125,11,106
