"id","dam","sire"
"TW41730",NA,NA
"PF72902",NA,NA
"TW41767",NA,NA
"VR27951",NA,NA
"BA02133",NA,NA
"NA21505",NA,NA
"A003808",NA,NA
"KR81470",NA,NA
"KR83093",NA,NA
"KJ73124",NA,NA
"A007862",NA,NA
"C695199",NA,NA
"B067853",NA,NA
"A007877",NA,NA
"N200811",NA,NA
"B068597",NA,NA
"19881C150_DAM",NA,NA
"F938316",NA,NA
"F938401",NA,NA
"TY68253",NA,NA
"TW41875",NA,NA
"TS46391",NA,NA
"TE80990",NA,NA
"TW41858",NA,NA
"Y839893",NA,NA
"TY69558",NA,NA
"TW77052",NA,NA
"TY70131",NA,NA
"VZ29522",NA,NA
"VZ33953",NA,NA
"VZ33954",NA,NA
"TY70095",NA,NA
"TY69501",NA,NA
"TW77003",NA,NA
"VZ32698",NA,NA
"VZ30775",NA,NA
"TY68013",NA,NA
"TE80994",NA,NA
"TR43323",NA,NA
"TY68506",NA,NA
"VZ30598",NA,NA
"VZ30524",NA,NA
"VS84212",NA,NA
"TE80998",NA,NA
"TY68002",NA,NA
"TY69001",NA,NA
"TY70705",NA,NA
"TY70025",NA,NA
"TY70021",NA,NA
"TV44478",NA,NA
"VS84264",NA,NA
"TV44769",NA,NA
"20181CP21_DAM",NA,NA
"TS47630",NA,NA
"D472301",NA,NA
"N199518",NA,NA
"20051B222_DAM",NA,NA
"P812097",NA,NA
"P439186",NA,NA
"T550041",NA,NA
"R639015",NA,NA
"T176429",NA,NA
"F952941",NA,NA
"R040187",NA,NA
"T550054",NA,NA
"A225408",NA,NA
"P439161",NA,NA
"N199109",NA,NA
"T550035",NA,NA
"A225396",NA,NA
"T550082",NA,NA
"T550036",NA,NA
"H300048",NA,NA
"20041C130_DAM",NA,NA
"N199233",NA,NA
"H300011",NA,NA
"F873557",NA,NA
"J745188",NA,NA
"F952684",NA,NA
"19951CH9_DAM",NA,NA
"F937897",NA,NA
"H301134",NA,NA
"F464578",NA,NA
"19931W68_DAM",NA,NA
"H301131",NA,NA
"F938335",NA,NA
"H301127",NA,NA
"F952874",NA,NA
"VH21172",NA,NA
"H300561",NA,NA
"H300559",NA,NA
"H303474",NA,NA
"H300558",NA,NA
"19931W84_DAM",NA,NA
"H301104",NA,NA
"H300546",NA,NA
"19931MP58_DAM",NA,NA
"F938386",NA,NA
"F938370",NA,NA
"VH21113",NA,NA
"F874754",NA,NA
"KR81672",NA,NA
"F938402",NA,NA
"F938363",NA,NA
"F938315",NA,NA
"F938374",NA,NA
"F938384",NA,NA
"H303455",NA,NA
"H300544",NA,NA
"H300549",NA,NA
"H300547",NA,NA
"H300532",NA,NA
"H303421",NA,NA
"F952724",NA,NA
"F952900",NA,NA
"E066379",NA,NA
"F465935",NA,NA
"F937893",NA,NA
"F937863",NA,NA
"E956216",NA,NA
"19931CP14_DAM",NA,NA
"F952692",NA,NA
"H300536",NA,NA
"F952719",NA,NA
"H303492",NA,NA
"H303462",NA,NA
"H303460",NA,NA
"H300526",NA,NA
"H300537",NA,NA
"H300525",NA,NA
"F952689",NA,NA
"F938301",NA,NA
"F938351",NA,NA
"F938371",NA,NA
"H302097",NA,NA
"F938372",NA,NA
"F952649",NA,NA
"19931SW1_DAM",NA,NA
"H301515",NA,NA
"H300521",NA,NA
"H300523",NA,NA
"H300541",NA,NA
"H300511",NA,NA
"H300513",NA,NA
"F833132",NA,NA
"H300391",NA,NA
"H300514",NA,NA
"19931O21_DAM",NA,NA
"H303485",NA,NA
"H303487",NA,NA
"F874793",NA,NA
"F938346",NA,NA
"F937888",NA,NA
"F952577",NA,NA
"E368896",NA,NA
"H303407",NA,NA
"F491913",NA,NA
"H301005",NA,NA
"F938299",NA,NA
"F938329",NA,NA
"H303312",NA,NA
"F465930",NA,NA
"F938325",NA,NA
"VH21135",NA,NA
"F465934",NA,NA
"F952700",NA,NA
"F465931",NA,NA
"F938336",NA,NA
"H303406",NA,NA
"H303437",NA,NA
"VH21181",NA,NA
"F873524",NA,NA
"F873527",NA,NA
"VH64370",NA,NA
"F952685",NA,NA
"F952690",NA,NA
"H303309",NA,NA
"H303303",NA,NA
"F877322",NA,NA
"H303420",NA,NA
"F952683",NA,NA
"VH21137",NA,NA
"H303314",NA,NA
"F464531",NA,NA
"F874639",NA,NA
"H302091",NA,NA
"F873517",NA,NA
"F937804",NA,NA
"F464521",NA,NA
"C659250",NA,NA
"F464282",NA,NA
"F952576",NA,NA
"F491363",NA,NA
"E956283",NA,NA
"E956247",NA,NA
"F464698",NA,NA
"19911O40_DAM",NA,NA
"F491498",NA,NA
"E906948",NA,NA
"E956999",NA,NA
"F937890",NA,NA
"E956474",NA,NA
"C696499",NA,NA
"C375806",NA,NA
"19901P11_DAM",NA,NA
"E956699",NA,NA
"F465868",NA,NA
"E906951",NA,NA
"F491748",NA,NA
"C695272",NA,NA
"F464100",NA,NA
"E956992",NA,NA
"F491735",NA,NA
"E956947",NA,NA
"VE33457",NA,NA
"E984159",NA,NA
"E984031",NA,NA
"19891XW20_DAM",NA,NA
"E066326",NA,NA
"E985299",NA,NA
"E985016",NA,NA
"E906704",NA,NA
"NE95595",NA,NA
"C696468",NA,NA
"E067720",NA,NA
"E181489",NA,NA
"E906672",NA,NA
"E984808",NA,NA
"19891O101_DAM",NA,NA
"E906964",NA,NA
"C695252",NA,NA
"19891SW46_DAM",NA,NA
"C375769",NA,NA
"E984172",NA,NA
"E067718",NA,NA
"JV92674",NA,NA
"E956350",NA,NA
"E984611",NA,NA
"C716486",NA,NA
"E956346",NA,NA
"C716893",NA,NA
"E956248",NA,NA
"B069042",NA,NA
"C695238",NA,NA
"C695609",NA,NA
"E067010",NA,NA
"B068654",NA,NA
"E067800",NA,NA
"E066316",NA,NA
"VB54400",NA,NA
"E956214",NA,NA
"B069976",NA,NA
"C696749",NA,NA
"B068653",NA,NA
"E067898",NA,NA
"B067949",NA,NA
"C375836",NA,NA
"C695209",NA,NA
"E067053",NA,NA
"C716898",NA,NA
"C695548",NA,NA
"C375777",NA,NA
"E525897",NA,NA
"NE93580",NA,NA
"KR84572",NA,NA
"19871SW108_DAM",NA,NA
"19871O27A_DAM",NA,NA
"E067742",NA,NA
"NN87415",NA,NA
"C696274",NA,NA
"C375811",NA,NA
"E067812",NA,NA
"C695594",NA,NA
"C695561",NA,NA
"C695251",NA,NA
"E066160",NA,NA
"C375679",NA,NA
"C716487",NA,NA
"C695208",NA,NA
"E066325",NA,NA
"C375681",NA,NA
"C695566",NA,NA
"C695575",NA,NA
"C375626",NA,NA
"19871C34_DAM",NA,NA
"VB54397",NA,NA
"B069478",NA,NA
"C695701",NA,NA
"B067864",NA,NA
"C375808",NA,NA
"C695254",NA,NA
"E066227",NA,NA
"C375396",NA,NA
"EO66320",NA,NA
"E066321",NA,NA
"19871EX41E_DAM",NA,NA
"C375689",NA,NA
"C695630",NA,NA
"E066206",NA,NA
"C375645",NA,NA
"C375749",NA,NA
"JV92665",NA,NA
"NE94012",NA,NA
"E067712",NA,NA
"C375604",NA,NA
"E067897",NA,NA
"E068000",NA,NA
"C375699",NA,NA
"C375773",NA,NA
"C695256",NA,NA
"C695537",NA,NA
"C375609",NA,NA
"JV92677",NA,NA
"B069199",NA,NA
"A725127",NA,NA
"E066042",NA,NA
"C695250",NA,NA
"C375651",NA,NA
"C696800",NA,NA
"A725181",NA,NA
"C695616",NA,NA
"C375675",NA,NA
"JV92676",NA,NA
"C716315",NA,NA
"C695225",NA,NA
"B068656",NA,NA
"NE93578",NA,NA
"B069592",NA,NA
"19851P20_DAM",NA,NA
"NN28452",NA,NA
"19851W97_DAM",NA,NA
"C375398",NA,NA
"B068250",NA,NA
"JV92679",NA,NA
"B067950",NA,NA
"C716485",NA,NA
"C716441",NA,NA
"C696748",NA,NA
"B067132",NA,NA
"B068662",NA,NA
"B069890",NA,NA
"B067827",NA,NA
"A725199",NA,NA
"C696549",NA,NA
"NE96402",NA,NA
"C696273",NA,NA
"C696253",NA,NA
"B067946",NA,NA
"B068600",NA,NA
"C375448",NA,NA
"A007890",NA,NA
"C121652",NA,NA
"A007150",NA,NA
"B069386",NA,NA
"BR27012",NA,NA
"NE93576",NA,NA
"JV92663",NA,NA
"B069051",NA,NA
"B067860",NA,NA
"NN30276",NA,NA
"B067854",NA,NA
"KR84559",NA,NA
"NE93652",NA,NA
"KR83094",NA,NA
"B068565",NA,NA
"B068661",NA,NA
"A007674",NA,NA
"KR83082",NA,NA
"B068555",NA,NA
"NE95618",NA,NA
"B067122",NA,NA
"NE94504",NA,NA
"B067135",NA,NA
"NE95603",NA,NA
"KR81343",NA,NA
"NE95594",NA,NA
"NE93685",NA,NA
"NE95615",NA,NA
"NE95980",NA,NA
"NE96649",NA,NA
"NE95616",NA,NA
"A725632",NA,NA
"NE96017",NA,NA
"NE96634",NA,NA
"A007880",NA,NA
"A007873",NA,NA
"B067460",NA,NA
"B067123",NA,NA
"NE26798",NA,NA
"NE93690",NA,NA
"NE93573",NA,NA
"B067124",NA,NA
"NE95627",NA,NA
"NE96638",NA,NA
"A007700",NA,NA
"NE96405",NA,NA
"A007867",NA,NA
"KR83086",NA,NA
"B067120",NA,NA
"NE95622",NA,NA
"NE93654",NA,NA
"A007866",NA,NA
"B067129",NA,NA
"NE93579",NA,NA
"NE93600",NA,NA
"B067130",NA,NA
"NE93668",NA,NA
"19831W87_DAM",NA,NA
"B067118",NA,NA
"19831W25_DAM",NA,NA
"NE96644",NA,NA
"NK59385",NA,NA
"A007672",NA,NA
"KR81490",NA,NA
"KR83087",NA,NA
"A007124",NA,NA
"A007122",NA,NA
"NC09011",NA,NA
"NE93811",NA,NA
"NE95601",NA,NA
"NE93719",NA,NA
"NC09991",NA,NA
"NE93581",NA,NA
"KC96221",NA,NA
"NE93584",NA,NA
"NC09574",NA,NA
"NE94861",NA,NA
"19811O71_DAM",NA,NA
"NE94515",NA,NA
"NE94506",NA,NA
"KR83096",NA,NA
"KR84466",NA,NA
"NE94006",NA,NA
"KR81484",NA,NA
"KR83081",NA,NA
"A003799",NA,NA
"KR81452",NA,NA
"KR84536",NA,NA
"19811SW81_DAM",NA,NA
"KR81340",NA,NA
"NE92047",NA,NA
"KR84568",NA,NA
"NE92865",NA,NA
"NE94502",NA,NA
"A003802",NA,NA
"A003807",NA,NA
"A003762",NA,NA
"19812CP13_DAM",NA,NA
"19801W105_DAM",NA,NA
"A003778",NA,NA
"KR81466",NA,NA
"KR84467",NA,NA
"A003759",NA,NA
"19801W94_DAM",NA,NA
"A003757",NA,NA
"NC09569",NA,NA
"NC09995",NA,NA
"KJ73117",NA,NA
"KJ73148",NA,NA
"KR81310",NA,NA
"NC09732",NA,NA
"NA21509",NA,NA
"KR81302",NA,NA
"19791C115_DAM",NA,NA
"19791C135_DAM",NA,NA
"KJ73141",NA,NA
"KR81481",NA,NA
"19791C62_DAM",NA,NA
"KR81348",NA,NA
"BS44225",NA,NA
"BP11039",NA,NA
"KR81475",NA,NA
"NA21516",NA,NA
"19791B225_DAM",NA,NA
"KJ73118",NA,NA
"BP11152",NA,NA
"KC96234",NA,NA
"BS08190",NA,NA
"NC09496",NA,NA
"NA21293",NA,NA
"19791EX17_DAM",NA,NA
"NA22224",NA,NA
"KC96230",NA,NA
"NA22191",NA,NA
"KC96203",NA,NA
"KC96249",NA,NA
"KC96245",NA,NA
"NC09008",NA,NA
"KJ73123",NA,NA
"NA21533",NA,NA
"BS44400",NA,NA
"KJ71697",NA,NA
"BS44467",NA,NA
"BS44541",NA,NA
"BS79317",NA,NA
"BS08441",NA,NA
"BN34328",NA,NA
"BS08560",NA,NA
"NA21507",NA,NA
"BR62130",NA,NA
"19771CP2_DAM",NA,NA
"KC97000",NA,NA
"NA21549",NA,NA
"KC96217",NA,NA
"BS44374",NA,NA
"BR62040",NA,NA
"NA22050",NA,NA
"KC96207",NA,NA
"NA22049",NA,NA
"KJ71689",NA,NA
"BS44477",NA,NA
"BS44660",NA,NA
"KC96210",NA,NA
"BS44371",NA,NA
"BS08475",NA,NA
"KC96554",NA,NA
"BP52489",NA,NA
"19771EX68_DAM",NA,NA
"KC96752",NA,NA
"BS44498",NA,NA
"BH62522",NA,NA
"BS44548",NA,NA
"NA21246",NA,NA
"BP11166",NA,NA
"BS44531",NA,NA
"BR62750",NA,NA
"BS44545",NA,NA
"BR62168",NA,NA
"BS44318",NA,NA
"BS44379",NA,NA
"BP11276",NA,NA
"19761O11_DAM",NA,NA
"BR62222",NA,NA
"19761EX3_DAM",NA,NA
"BS08491",NA,NA
"19761CP35_DAM",NA,NA
"19761EX34_DAM",NA,NA
"BS44540",NA,NA
"BS44140",NA,NA
"19751W100_DAM",NA,NA
"19751O38A_DAM",NA,NA
"BP11175",NA,NA
"BJ14462",NA,NA
"BN34731",NA,NA
"BR62127",NA,NA
"BN34329",NA,NA
"BS08515",NA,NA
"BR62379",NA,NA
"BS08286",NA,NA
"BS08010",NA,NA
"BH62518",NA,NA
"BJ05730",NA,NA
"BJ05648",NA,NA
"BN34051",NA,NA
"BP11013",NA,NA
"BJ54869",NA,NA
"BA44515",NA,NA
"BH62524",NA,NA
"19711W9_DAM",NA,NA
"BJ54789",NA,NA
"BH62954",NA,NA
"BC85925",NA,NA
"BH18301",NA,NA
"BH62596",NA,NA
"BH62594",NA,NA
"BC85049",NA,NA
"BA44517",NA,NA
"BH17807",NA,NA
"BH62347",NA,NA
"BH62451",NA,NA
"BH17805",NA,NA
"BH62453",NA,NA
"BA44746",NA,NA
"BA44750",NA,NA
"BC85062",NA,NA
"BA44727",NA,NA
"BA47577",NA,NA
"BA72776",NA,NA
"607468",NA,NA
"BA12932",NA,NA
"K50734",NA,NA
"BA12839",NA,NA
"608502",NA,NA
"19601B96_DAM",NA,NA
"19941O8_DAM",NA,NA
"H300517",NA,NA
"19941MP21_DAM",NA,NA
"H301034",NA,NA
"H301338",NA,NA
"F938391",NA,NA
"J745101",NA,NA
"H301336",NA,NA
"F938361",NA,NA
"F938342",NA,NA
"H301342",NA,NA
"F938405",NA,NA
"H300515",NA,NA
"J745151",NA,NA
"J745107",NA,NA
"H301314",NA,NA
"H301225",NA,NA
"J745153",NA,NA
"F873546",NA,NA
"19941MP86_DAM",NA,NA
"H301201",NA,NA
"H301361",NA,NA
"J745155",NA,NA
"H301364",NA,NA
"19941XJ3_DAM",NA,NA
"H301355",NA,NA
"H300540",NA,NA
"19941MP73_DAM",NA,NA
"H301363",NA,NA
"H301356",NA,NA
"F938399",NA,NA
"19941P21_DAM",NA,NA
"J745165",NA,NA
"H301124",NA,NA
"H301383",NA,NA
"H301725",NA,NA
"H301726",NA,NA
"H301728",NA,NA
"VN88144",NA,NA
"F938408",NA,NA
"H301724",NA,NA
"H301347",NA,NA
"H301730",NA,NA
"F873554",NA,NA
"H301734",NA,NA
"F873553",NA,NA
"H301735",NA,NA
"F938418",NA,NA
"J745176",NA,NA
"H301740",NA,NA
"J745175",NA,NA
"H301743",NA,NA
"H301691",NA,NA
"19951EX100_DAM",NA,NA
"F938417",NA,NA
"H301746",NA,NA
"J745184",NA,NA
"F873558",NA,NA
"19951W23_DAM",NA,NA
"VN56303",NA,NA
"H301348",NA,NA
"J745187",NA,NA
"J745183",NA,NA
"F873559",NA,NA
"H301755",NA,NA
"19951B8_DAM",NA,NA
"19951B58_DAM",NA,NA
"J745923",NA,NA
"E509231",NA,NA
"J745928",NA,NA
"J745930",NA,NA
"J745932",NA,NA
"J745927",NA,NA
"H301792",NA,NA
"VN56360",NA,NA
"F938422",NA,NA
"F938425",NA,NA
"K578306",NA,NA
"K578305",NA,NA
"VN56344",NA,NA
"VP51997",NA,NA
"VJ58361",NA,NA
"J745934",NA,NA
"E018137",NA,NA
"K578323",NA,NA
"F938426",NA,NA
"J745939",NA,NA
"J745943",NA,NA
"VN56346",NA,NA
"F873567",NA,NA
"K578316",NA,NA
"F938428",NA,NA
"K578318",NA,NA
"19961MP78_DAM",NA,NA
"J745948",NA,NA
"19961B62A_DAM",NA,NA
"K578327",NA,NA
"K578329",NA,NA
"J745954",NA,NA
"F938427",NA,NA
"K578328",NA,NA
"19961B25_DAM",NA,NA
"J745955",NA,NA
"19971C160A_DAM",NA,NA
"F938437",NA,NA
"J644079",NA,NA
"K604507",NA,NA
"F873572",NA,NA
"J644083",NA,NA
"F938440",NA,NA
"VN86437",NA,NA
"K604703",NA,NA
"K604506",NA,NA
"F873573",NA,NA
"K604712",NA,NA
"H301774",NA,NA
"F938448",NA,NA
"19971EX3_DAM",NA,NA
"K604503",NA,NA
"K604502",NA,NA
"J644089",NA,NA
"J644098",NA,NA
"VR27722",NA,NA
"F873581",NA,NA
"K604704",NA,NA
"F938445",NA,NA
"E509237",NA,NA
"H301801",NA,NA
"J644093",NA,NA
"K604709",NA,NA
"F938604",NA,NA
"F938605",NA,NA
"K604511",NA,NA
"K604706",NA,NA
"H301808",NA,NA
"F938447",NA,NA
"H301788",NA,NA
"F873583",NA,NA
"H301816",NA,NA
"K604715",NA,NA
"K604726",NA,NA
"K604543",NA,NA
"K578101",NA,NA
"K578104",NA,NA
"K604545",NA,NA
"F938622",NA,NA
"H301932",NA,NA
"NO92467",NA,NA
"J644169",NA,NA
"K578108",NA,NA
"K578107",NA,NA
"K578106",NA,NA
"K604549",NA,NA
"F938624",NA,NA
"K578504",NA,NA
"K578123",NA,NA
"K578511",NA,NA
"F938621",NA,NA
"K578130",NA,NA
"K578124",NA,NA
"H301886",NA,NA
"VN56376",NA,NA
"19981W59_DAM",NA,NA
"K578135",NA,NA
"19981EX41E_DAM",NA,NA
"K604505",NA,NA
"K604570",NA,NA
"K578536",NA,NA
"F873597",NA,NA
"K604571",NA,NA
"K604574",NA,NA
"K604550",NA,NA
"K604576",NA,NA
"J745053",NA,NA
"J745055",NA,NA
"K604762",NA,NA
"K578544",NA,NA
"J745056",NA,NA
"19991W5_DAM",NA,NA
"K578547",NA,NA
"J745065",NA,NA
"K604784",NA,NA
"K604567",NA,NA
"J745068",NA,NA
"K578552",NA,NA
"K578550",NA,NA
"J745071",NA,NA
"K578558",NA,NA
"K578200",NA,NA
"J745076",NA,NA
"F873588",NA,NA
"H300003",NA,NA
"H300005",NA,NA
"P282313",NA,NA
"H300007",NA,NA
"K578562",NA,NA
"K578570",NA,NA
"H300010",NA,NA
"K604663",NA,NA
"H300022",NA,NA
"K604665",NA,NA
"K604671",NA,NA
"K604669",NA,NA
"J745081",NA,NA
"K578571",NA,NA
"K578566",NA,NA
"K604667",NA,NA
"P107998",NA,NA
"H300013",NA,NA
"K604679",NA,NA
"20001MP27_DAM",NA,NA
"K578018",NA,NA
"K604611",NA,NA
"20001MP12_DAM",NA,NA
"K578017",NA,NA
"K578028",NA,NA
"K604677",NA,NA
"H300019",NA,NA
"K604678",NA,NA
"K604676",NA,NA
"F938638",NA,NA
"K604566",NA,NA
"K578577",NA,NA
"K578582",NA,NA
"J745070",NA,NA
"VS79003",NA,NA
"K604674",NA,NA
"K578162",NA,NA
"K578584",NA,NA
"K604953",NA,NA
"H300024",NA,NA
"K578019",NA,NA
"K604644",NA,NA
"P282310",NA,NA
"K604682",NA,NA
"VX13438",NA,NA
"K578024",NA,NA
"K604696",NA,NA
"K604640",NA,NA
"N200047",NA,NA
"N200053",NA,NA
"20011C7_DAM",NA,NA
"H300032",NA,NA
"K578030",NA,NA
"C695335",NA,NA
"N200008",NA,NA
"N200007",NA,NA
"C695338",NA,NA
"H300031",NA,NA
"N200034",NA,NA
"C695355",NA,NA
"K578037",NA,NA
"N200035",NA,NA
"N200041",NA,NA
"20011W59_DAM",NA,NA
"C695356",NA,NA
"K578040",NA,NA
"K578029",NA,NA
"K578027",NA,NA
"N200040",NA,NA
"H300040",NA,NA
"H300015",NA,NA
"C695359",NA,NA
"VX13433",NA,NA
"K578049",NA,NA
"N200038",NA,NA
"N200044",NA,NA
"C695358",NA,NA
"C695386",NA,NA
"N200060",NA,NA
"C695360",NA,NA
"C695385",NA,NA
"N200059",NA,NA
"K578422",NA,NA
"K578052",NA,NA
"N200075",NA,NA
"K578063",NA,NA
"N200080",NA,NA
"K578064",NA,NA
"N200084",NA,NA
"C695326",NA,NA
"K578601",NA,NA
"N200561",NA,NA
"N200101",NA,NA
"N200103",NA,NA
"20021B79A_DAM",NA,NA
"N200582",NA,NA
"20021EX44_DAM",NA,NA
"N200029",NA,NA
"K578612",NA,NA
"K578605",NA,NA
"VT34185",NA,NA
"N200589",NA,NA
"N200581",NA,NA
"N200370",NA,NA
"N200597",NA,NA
"N200559",NA,NA
"20021C27_DAM",NA,NA
"20021C23_DAM",NA,NA
"20021C21_DAM",NA,NA
"H300042",NA,NA
"20021W78_DAM",NA,NA
"N200595",NA,NA
"N200033",NA,NA
"VT34036",NA,NA
"K578055",NA,NA
"F873549",NA,NA
"N200112",NA,NA
"C695341",NA,NA
"N200599",NA,NA
"N200702",NA,NA
"VT34408",NA,NA
"K578042",NA,NA
"K578620",NA,NA
"H300052",NA,NA
"K578619",NA,NA
"N200624",NA,NA
"N200672",NA,NA
"K604592",NA,NA
"K578058",NA,NA
"N200703",NA,NA
"N200115",NA,NA
"N200680",NA,NA
"N200710",NA,NA
"N200712",NA,NA
"K578624",NA,NA
"N200711",NA,NA
"N200709",NA,NA
"N200683",NA,NA
"N200106",NA,NA
"K578980",NA,NA
"20031C15_DAM",NA,NA
"H300055",NA,NA
"20031MP63_DAM",NA,NA
"N200806",NA,NA
"P439027",NA,NA
"P439004",NA,NA
"20031P13_DAM",NA,NA
"N200810",NA,NA
"H839844",NA,NA
"N200773",NA,NA
"N200816",NA,NA
"R639009",NA,NA
"P439113",NA,NA
"P439072",NA,NA
"R040127",NA,NA
"R639013",NA,NA
"KS78042",NA,NA
"N200708",NA,NA
"P439042",NA,NA
"N200780",NA,NA
"KS78064",NA,NA
"R639004",NA,NA
"N200825",NA,NA
"N200821",NA,NA
"P439051",NA,NA
"R639016",NA,NA
"R639017",NA,NA
"KS78055",NA,NA
"F952912",NA,NA
"H839846",NA,NA
"N199102",NA,NA
"P439141",NA,NA
"N199103",NA,NA
"20041MP45_DAM",NA,NA
"P439149",NA,NA
"T177502",NA,NA
"20041EX39_DAM",NA,NA
"R639007",NA,NA
"N199104",NA,NA
"T177507",NA,NA
"N200819",NA,NA
"T177506",NA,NA
"P439209",NA,NA
"F952921",NA,NA
"N200747",NA,NA
"N199108",NA,NA
"N200846",NA,NA
"P439061",NA,NA
"T177509",NA,NA
"P439028",NA,NA
"R040089",NA,NA
"T177521",NA,NA
"K578961",NA,NA
"N200125",NA,NA
"N199010",NA,NA
"R040153",NA,NA
"P439195",NA,NA
"T177519",NA,NA
"F952994",NA,NA
"P439168",NA,NA
"N200127",NA,NA
"P439105",NA,NA
"P439175",NA,NA
"F952452",NA,NA
"T640301",NA,NA
"F952461",NA,NA
"F952459",NA,NA
"F952457",NA,NA
"E985041",NA,NA
"T640305",NA,NA
"E985042",NA,NA
"E985044",NA,NA
"F952462",NA,NA
"F952464",NA,NA
"F952466",NA,NA
"E985051",NA,NA
"E985066",NA,NA
"H300613",NA,NA
"T550164",NA,NA
"E985071",NA,NA
"E985082",NA,NA
"E985077",NA,NA
"E985060",NA,NA
"T640315",NA,NA
"E985063",NA,NA
"E985070",NA,NA
"N199016",NA,NA
"T177537",NA,NA
"E985089",NA,NA
"E985081",NA,NA
"E985075",NA,NA
"E985073",NA,NA
"E985097",NA,NA
"T640319",NA,NA
"T550179",NA,NA
"E985086",NA,NA
"E985088",NA,NA
"E985079",NA,NA
"T640004",NA,NA
"T550178",NA,NA
"E985094",NA,NA
"T640324",NA,NA
"N200905",NA,NA
"N199389",NA,NA
"R639115",NA,NA
"T640348",NA,NA
"P439282",NA,NA
"T550200",NA,NA
"N200996",NA,NA
"N200999",NA,NA
"N199333",NA,NA
"T550189",NA,NA
"N199453",NA,NA
"T640328",NA,NA
"T176729",NA,NA
"N199433",NA,NA
"N200998",NA,NA
"N199312",NA,NA
"T640107",NA,NA
"N199430",NA,NA
"T640341",NA,NA
"F952472",NA,NA
"N199324",NA,NA
"N199418",NA,NA
"T640006",NA,NA
"R639107",NA,NA
"N199329",NA,NA
"N199318",NA,NA
"N199105",NA,NA
"T640101",NA,NA
"T176781",NA,NA
"J644807",NA,NA
"N201000",NA,NA
"T640011",NA,NA
"N199421",NA,NA
"20061EX35_DAM",NA,NA
"N199381",NA,NA
"P439156",NA,NA
"N199319",NA,NA
"N200935",NA,NA
"N199441",NA,NA
"H301164",NA,NA
"H300665",NA,NA
"N199447",NA,NA
"R639113",NA,NA
"N199463",NA,NA
"T550019",NA,NA
"T640228",NA,NA
"N199390",NA,NA
"R639111",NA,NA
"H300635",NA,NA
"T640342",NA,NA
"N199383",NA,NA
"R639201",NA,NA
"T176730",NA,NA
"J644809",NA,NA
"N200129",NA,NA
"N199438",NA,NA
"N199048",NA,NA
"TC58755",NA,NA
"20061O81_DAM",NA,NA
"T176855",NA,NA
"N199443",NA,NA
"T176814",NA,NA
"J644813",NA,NA
"J644810",NA,NA
"N199070",NA,NA
"N199467",NA,NA
"T642829",NA,NA
"N199470",NA,NA
"T640353",NA,NA
"N199331",NA,NA
"T550135",NA,NA
"N199473",NA,NA
"J644829",NA,NA
"N199634",NA,NA
"T177683",NA,NA
"N199640",NA,NA
"J644997",NA,NA
"N199072",NA,NA
"TC52694",NA,NA
"J644999",NA,NA
"F952478",NA,NA
"T177715",NA,NA
"F952477",NA,NA
"T177712",NA,NA
"N199642",NA,NA
"R639441",NA,NA
"V260986",NA,NA
"T640067",NA,NA
"J644859",NA,NA
"T177744",NA,NA
"H300660",NA,NA
"N199087",NA,NA
"T177774",NA,NA
"R639129",NA,NA
"V260947",NA,NA
"N199647",NA,NA
"N199644",NA,NA
"J644993",NA,NA
"R639442",NA,NA
"P439584",NA,NA
"T177665",NA,NA
"R639455",NA,NA
"K639119",NA,NA
"TB26874",NA,NA
"TB28383",NA,NA
"20071O114_DAM",NA,NA
"T640599",NA,NA
"J644902",NA,NA
"N199652",NA,NA
"T640096",NA,NA
"T640372",NA,NA
"N199705",NA,NA
"T177666",NA,NA
"N199708",NA,NA
"E018348",NA,NA
"T640816",NA,NA
"T640807",NA,NA
"E018350",NA,NA
"T640804",NA,NA
"T640811",NA,NA
"T176973",NA,NA
"E018352",NA,NA
"T176944",NA,NA
"20081O75_DAM",NA,NA
"E018353",NA,NA
"T640357",NA,NA
"T176955",NA,NA
"K578717",NA,NA
"T640707",NA,NA
"X235601",NA,NA
"R639239",NA,NA
"T176959",NA,NA
"T640378",NA,NA
"T176941",NA,NA
"E018356",NA,NA
"F952437",NA,NA
"K578749",NA,NA
"T640379",NA,NA
"T640382",NA,NA
"N199907",NA,NA
"J644923",NA,NA
"E018358",NA,NA
"J644927",NA,NA
"T640584",NA,NA
"N199681",NA,NA
"F459763",NA,NA
"T177742",NA,NA
"N199991",NA,NA
"P639129",NA,NA
"N199664",NA,NA
"X235615",NA,NA
"R639292",NA,NA
"T176948",NA,NA
"N199954",NA,NA
"E018375",NA,NA
"P439598",NA,NA
"K578738",NA,NA
"X237902",NA,NA
"20091C147_DAM",NA,NA
"K578732",NA,NA
"X235619",NA,NA
"X237904",NA,NA
"J644939",NA,NA
"X239576",NA,NA
"K578737",NA,NA
"X239901",NA,NA
"K578748",NA,NA
"TJ25799",NA,NA
"T640746",NA,NA
"J644948",NA,NA
"T640642",NA,NA
"J644945",NA,NA
"R639486",NA,NA
"T640779",NA,NA
"J644946",NA,NA
"X239704",NA,NA
"X239705",NA,NA
"K578709",NA,NA
"X239807",NA,NA
"X239905",NA,NA
"X239906",NA,NA
"T640767",NA,NA
"J644956",NA,NA
"X237894",NA,NA
"J644954",NA,NA
"T640737",NA,NA
"T640728",NA,NA
"T640769",NA,NA
"X237910",NA,NA
"J644952",NA,NA
"J644960",NA,NA
"X239812",NA,NA
"J644958",NA,NA
"X235195",NA,NA
"R63929",NA,NA
"X237914",NA,NA
"X239723",NA,NA
"X239722",NA,NA
"X239720",NA,NA
"T640647",NA,NA
"R639267",NA,NA
"L315402",NA,NA
"X239846",NA,NA
"X235586",NA,NA
"X239731",NA,NA
"X235587",NA,NA
"X239955",NA,NA
"E509380",NA,NA
"T640672",NA,NA
"X239956",NA,NA
"X235639",NA,NA
"E509399",NA,NA
"E509400",NA,NA
"X239964",NA,NA
"E018488",NA,NA
"X239969",NA,NA
"X237984",NA,NA
"F464559",NA,NA
"L315805",NA,NA
"X235564",NA,NA
"X235163",NA,NA
"X237931",NA,NA
"X235631",NA,NA
"H303399",NA,NA
"X239824",NA,NA
"X239974",NA,NA
"L315207",NA,NA
"X235598",NA,NA
"X235507",NA,NA
"X235541",NA,NA
"20101CP12_DAM",NA,NA
"X239740",NA,NA
"L315233",NA,NA
"X662574",NA,NA
"20101B81_DAM",NA,NA
"L315401",NA,NA
"L315404",NA,NA
"Y034201",NA,NA
"X239732",NA,NA
"L809615",NA,NA
"L809426",NA,NA
"L808757",NA,NA
"L315217",NA,NA
"L171472",NA,NA
"Y034213",NA,NA
"L315886",NA,NA
"Y033849",NA,NA
"L808480",NA,NA
"Y034204",NA,NA
"20111EX25_DAM",NA,NA
"X239999",NA,NA
"L311897",NA,NA
"L808862",NA,NA
"L809341",NA,NA
"Y033829",NA,NA
"L809646",NA,NA
"Y034735",NA,NA
"L315878",NA,NA
"Y033405",NA,NA
"L315001",NA,NA
"L808500",NA,NA
"L809411",NA,NA
"X239837",NA,NA
"20111SM1_DAM",NA,NA
"Y034218",NA,NA
"L809071",NA,NA
"Y032863",NA,NA
"Y160426",NA,NA
"Y035838",NA,NA
"L809323",NA,NA
"Y031694",NA,NA
"Y160492",NA,NA
"Y161053",NA,NA
"H300253",NA,NA
"Y035971",NA,NA
"L315887",NA,NA
"X235008",NA,NA
"Y161489",NA,NA
"Y160479",NA,NA
"R639345",NA,NA
"Y837301",NA,NA
"20131C12_DAM",NA,NA
"Y163533",NA,NA
"Y838309",NA,NA
"20131O25_DAM",NA,NA
"R639378",NA,NA
"20131EX73_DAM",NA,NA
"20131O104_DAM",NA,NA
"Y838509",NA,NA
"L315026",NA,NA
"Y838658",NA,NA
"20131CP2_DAM",NA,NA
"Y160630",NA,NA
"Y838931",NA,NA
"L314214",NA,NA
"Y838964",NA,NA
"D471130",NA,NA
"Y837438",NA,NA
"Y164653",NA,NA
"Y164792",NA,NA
"Y161399",NA,NA
"VZ31162",NA,NA
"VS84278",NA,NA
"TE80886",NA,NA
"VZ32609",NA,NA
"20191B60_DAM",NA,NA
"VZ30784",NA,NA
"VZ32747",NA,NA
"D472312",NA,NA
"TS45283",NA,NA
"TL39672",NA,NA
"TP28400",NA,NA
"VZ29313",NA,NA
"TL38454",NA,NA
"VS83978",NA,NA
"VZ32589",NA,NA
"VZ33783",NA,NA
"VH21988",NA,NA
"VZ32525",NA,NA
"20191MP92_DAM",NA,NA
"VN85377",NA,NA
"VB55879",NA,NA
"TP42688",NA,NA
"TR44777",NA,NA
"Z626875",NA,NA
"VS84116",NA,NA
"VZ29022",NA,NA
"D472308",NA,NA
"TL38468",NA,NA
"TL38966",NA,NA
"20191W41_DAM",NA,NA
"TX42365",NA,NA
"TL38502",NA,NA
"D472947",NA,NA
"VF63376",NA,NA
"TR43100",NA,NA
"VZ29260",NA,NA
"TS44674",NA,NA
"VN85361",NA,NA
"VS83939",NA,NA
"TX42260",NA,NA
"VS83955",NA,NA
"20181EX41_DAM",NA,NA
"VF63387",NA,NA
"TL37283",NA,NA
"Y839880",NA,NA
"TV44481",NA,NA
"VN56879",NA,NA
"TP28377",NA,NA
"VB55848",NA,NA
"D473301",NA,NA
"VZ32524",NA,NA
"VH21992",NA,NA
"VN56887",NA,NA
"TX42005",NA,NA
"20181O63_DAM",NA,NA
"TV44577",NA,NA
"20181O69_DAM",NA,NA
"TV44454",NA,NA
"20181O96_DAM",NA,NA
"TS45974",NA,NA
"20181SW103_DAM",NA,NA
"TJ26866",NA,NA
"TX42692",NA,NA
"20181W2_DAM",NA,NA
"D473261",NA,NA
"VZ29259",NA,NA
"20181W37_DAM",NA,NA
"20181W44_DAM",NA,NA
"TV44785",NA,NA
"TS45889",NA,NA
"20181W71_DAM",NA,NA
"20171C137_DAM",NA,NA
"VZ29152",NA,NA
"Z032453",NA,NA
"TR44789",NA,NA
"20171EX39A_DAM",NA,NA
"Z032412",NA,NA
"Z032571",NA,NA
"VB55849",NA,NA
"Z031418",NA,NA
"20171O106_DAM",NA,NA
"TV44397",NA,NA
"20171O75_DAM",NA,NA
"TS47672",NA,NA
"20171SW22_DAM",NA,NA
"TX42498",NA,NA
"D471994",NA,NA
"Z628051",NA,NA
"Z031585",NA,NA
"Z627885",NA,NA
"Z032157",NA,NA
"D471277",NA,NA
"Z031414",NA,NA
"20161C163_DAM",NA,NA
"D472326",NA,NA
"D472834",NA,NA
"Y162955",NA,NA
"Z030804",NA,NA
"Z031001",NA,NA
"Z100176",NA,NA
"20161O5_DAM",NA,NA
"H300101",NA,NA
"VZ29083",NA,NA
"Z032305",NA,NA
"Z630001",NA,NA
"Z031437",NA,NA
"20151SM_DAM",NA,NA
"Y163003",NA,NA
"Z032332",NA,NA
"TV43925",NA,NA
"Y163161",NA,NA
"Z030806",NA,NA
"Z030686",NA,NA
"TJ24698",NA,NA
"Z031441",NA,NA
"Y163380",NA,NA
"Z032322",NA,NA
"H300131",NA,NA
"Z100139",NA,NA
"Z032426",NA,NA
"Z627790",NA,NA
"Z030577",NA,NA
"Y839101",NA,NA
"Z032625",NA,NA
"L808594",NA,NA
"Y836978",NA,NA
"Y839895",NA,NA
"20141EX49A_DAM",NA,NA
"H300165",NA,NA
"Y146213",NA,NA
"TJ24700",NA,NA
"D471254",NA,NA
"H300187",NA,NA
"VZ33698",NA,NA
"VZ33687",NA,NA
"TY68258",NA,NA
"PF71399",NA,NA
"TR43359",NA,NA
"PF71375",NA,NA
"PF71362",NA,NA
"VZ33862",NA,NA
"TS70792",NA,NA
"VZ33884",NA,NA
"VZ33865",NA,NA
"TY68301",NA,NA
"20211O12_DAM",NA,NA
"TY69382",NA,NA
"PF71359",NA,NA
"VZ33685",NA,NA
"TR43345",NA,NA
"TY68265",NA,NA
"TW41819",NA,NA
"TY70242",NA,NA
"TR43364",NA,NA
"TR43335",NA,NA
"TY69218",NA,NA
"PF72058",NA,NA
"PF71902",NA,NA
"TY69739",NA,NA
"TY69727",NA,NA
"20221EX12A_DAM",NA,NA
"20221EX59_DAM",NA,NA
"20221EX86_DAM",NA,NA
"TY69444",NA,NA
"20221O11_DAM",NA,NA
"TY69469",NA,NA
"TW77217",NA,NA
"PF71420",NA,NA
"PF71444",NA,NA
"20221W99_DAM",NA,NA
"VZ33484",NA,NA
"PT90351",NA,NA
"VZ33432",NA,NA
"VR27907",NA,NA
"VR27958",NA,NA
"TY69476",NA,NA
"TW41773",NA,NA
"VZ33424",NA,NA
"VZ33418",NA,NA
"PT90112",NA,NA
"PT90110",NA,NA
"TY68695",NA,NA
"TW41777",NA,NA
"VZ33462",NA,NA
"VR27938",NA,NA
"20231W6_DAM",NA,NA
"TY69902",NA,NA
"VZ31749",NA,NA
"PF72057",NA,NA
"PF72048",NA,NA
"KJ71710",NA,NA
"KR81303",NA,NA
"NE93663",NA,NA
"NE93814",NA,NA
"B067859",NA,NA
"19852SW128_SIRE",NA,NA
"KR83079",NA,NA
"JV92667",NA,NA
"19881C150_SIRE",NA,NA
"F938436",NA,NA
"20221SW72_SIRE",NA,NA
"20211CP20_SIRE",NA,NA
"TY70509",NA,NA
"VZ30787",NA,NA
"Z032661",NA,NA
"VZ33544",NA,NA
"TY69502",NA,NA
"20201W54_SIRE",NA,NA
"20201EX35_SIRE",NA,NA
"TW41850",NA,NA
"TR42590",NA,NA
"TY68048",NA,NA
"VZ33158",NA,NA
"20201P2_SIRE",NA,NA
"VZ30538",NA,NA
"20201C61A_SIRE",NA,NA
"VZ30902",NA,NA
"TY68503",NA,NA
"TY68001",NA,NA
"20201EX9_SIRE",NA,NA
"TY70704",NA,NA
"TY70701",NA,NA
"TY70012",NA,NA
"TW41667",NA,NA
"VZ33556",NA,NA
"VZ30218",NA,NA
"TS47629",NA,NA
"20181SW109_SIRE",NA,NA
"20181C132_SIRE",NA,NA
"TS43477",NA,NA
"VZ29301",NA,NA
"N200906",NA,NA
"E985067",NA,NA
"A225413",NA,NA
"P812096",NA,NA
"T550029",NA,NA
"T550043",NA,NA
"TC58715",NA,NA
"K578047",NA,NA
"N199298",NA,NA
"A225354",NA,NA
"N199101",NA,NA
"R639008",NA,NA
"H300063",NA,NA
"H300067",NA,NA
"N200664",NA,NA
"20041B34_SIRE",NA,NA
"N199232",NA,NA
"E018145",NA,NA
"F873551",NA,NA
"F952898",NA,NA
"VB38309",NA,NA
"VH21182",NA,NA
"H303310",NA,NA
"VH21151",NA,NA
"H301132",NA,NA
"H301130",NA,NA
"F874546",NA,NA
"H301125",NA,NA
"F464577",NA,NA
"H300506",NA,NA
"H301121",NA,NA
"F938388",NA,NA
"F491427",NA,NA
"H301128",NA,NA
"F873538",NA,NA
"19931O82_SIRE",NA,NA
"H301129",NA,NA
"H300560",NA,NA
"19931W44_SIRE",NA,NA
"F465933",NA,NA
"E509091",NA,NA
"H300555",NA,NA
"F938377",NA,NA
"19931O113_SIRE",NA,NA
"H303103",NA,NA
"H300552",NA,NA
"F952687",NA,NA
"H300545",NA,NA
"19931O12_SIRE",NA,NA
"19931SW34_SIRE",NA,NA
"19931MP58_SIRE",NA,NA
"F938385",NA,NA
"F938378",NA,NA
"F938379",NA,NA
"VJ57362",NA,NA
"F938387",NA,NA
"19931MP80_SIRE",NA,NA
"H301105",NA,NA
"H301106",NA,NA
"F465971",NA,NA
"H300550",NA,NA
"F938375",NA,NA
"H303493",NA,NA
"VH21132",NA,NA
"H303498",NA,NA
"E509099",NA,NA
"H300538",NA,NA
"H300548",NA,NA
"F952686",NA,NA
"H300531",NA,NA
"F937899",NA,NA
"H303491",NA,NA
"H303490",NA,NA
"F873528",NA,NA
"F491430",NA,NA
"F952899",NA,NA
"H300542",NA,NA
"E956075",NA,NA
"F938334",NA,NA
"19931O76_SIRE",NA,NA
"19931SW101_SIRE",NA,NA
"F952699",NA,NA
"H300520",NA,NA
"H300524",NA,NA
"H300527",NA,NA
"F495451",NA,NA
"F491308",NA,NA
"F491086",NA,NA
"E368879",NA,NA
"F938368",NA,NA
"H300522",NA,NA
"F952680",NA,NA
"F938347",NA,NA
"H301514",NA,NA
"VH21158",NA,NA
"F465932",NA,NA
"H300512",NA,NA
"H300518",NA,NA
"19931B63_SIRE",NA,NA
"H300519",NA,NA
"F952651",NA,NA
"H303486",NA,NA
"F938367",NA,NA
"F938345",NA,NA
"H300976",NA,NA
"F873531",NA,NA
"H301004",NA,NA
"F874558",NA,NA
"E906997",NA,NA
"F873515",NA,NA
"F491916",NA,NA
"F938349",NA,NA
"H302085",NA,NA
"H303301",NA,NA
"F952559",NA,NA
"VH21112",NA,NA
"H303456",NA,NA
"F938337",NA,NA
"F937933",NA,NA
"F938339",NA,NA
"F952691",NA,NA
"H303454",NA,NA
"H303439",NA,NA
"F398338",NA,NA
"F938323",NA,NA
"F952594",NA,NA
"19921CP25_SIRE",NA,NA
"F937894",NA,NA
"F465936",NA,NA
"F952401",NA,NA
"H303438",NA,NA
"19921W87_SIRE",NA,NA
"F938331",NA,NA
"F952696",NA,NA
"H303419",NA,NA
"H303405",NA,NA
"E587198",NA,NA
"19921CP5_SIRE",NA,NA
"E906989",NA,NA
"F491268",NA,NA
"H303315",NA,NA
"F938319",NA,NA
"H302048",NA,NA
"E984807",NA,NA
"F952572",NA,NA
"F873522",NA,NA
"F464580",NA,NA
"F952677",NA,NA
"E066318",NA,NA
"E984170",NA,NA
"VH84609",NA,NA
"19911O38B_SIRE",NA,NA
"F464281",NA,NA
"F491828",NA,NA
"E066327",NA,NA
"19911W28_SIRE",NA,NA
"E984178",NA,NA
"C375641",NA,NA
"F984814",NA,NA
"VH84314",NA,NA
"F937891",NA,NA
"E368867",NA,NA
"F491215",NA,NA
"19911B76_SIRE",NA,NA
"E956762",NA,NA
"F464232",NA,NA
"F464624",NA,NA
"E906949",NA,NA
"E066214",NA,NA
"E906993",NA,NA
"19901P11_SIRE",NA,NA
"E956700",NA,NA
"E984806",NA,NA
"E906965",NA,NA
"19901SW62_SIRE",NA,NA
"E984180",NA,NA
"C375792",NA,NA
"19901XD8_SIRE",NA,NA
"E956994",NA,NA
"C375774",NA,NA
"E956995",NA,NA
"19901C61_SIRE",NA,NA
"VE27838",NA,NA
"C375766",NA,NA
"E181476",NA,NA
"19891XW20_SIRE",NA,NA
"C375783",NA,NA
"E956074",NA,NA
"C716316",NA,NA
"E587296",NA,NA
"C695242",NA,NA
"C375643",NA,NA
"C716776",NA,NA
"C695244",NA,NA
"19891MP62_SIRE",NA,NA
"C695586",NA,NA
"B069608",NA,NA
"19891O101_SIRE",NA,NA
"E983848",NA,NA
"C695695",NA,NA
"19891EX21_SIRE",NA,NA
"E587299",NA,NA
"19891EX34_SIRE",NA,NA
"19891SW46_SIRE",NA,NA
"C695240",NA,NA
"19891MP75_SIRE",NA,NA
"C696596",NA,NA
"E066244",NA,NA
"B069074",NA,NA
"E066312",NA,NA
"E984595",NA,NA
"E066182",NA,NA
"E984602",NA,NA
"E181481",NA,NA
"NN94611",NA,NA
"E956267",NA,NA
"E984598",NA,NA
"C375786",NA,NA
"19881SW121_SIRE",NA,NA
"E066193",NA,NA
"19881MP2_SIRE",NA,NA
"C375670",NA,NA
"E067899",NA,NA
"E066224",NA,NA
"B067948",NA,NA
"C695529",NA,NA
"E587250",NA,NA
"E525898",NA,NA
"19871C140_SIRE",NA,NA
"E067741",NA,NA
"E067743",NA,NA
"C695245",NA,NA
"NE93720",NA,NA
"EO66193",NA,NA
"19871W31_SIRE",NA,NA
"19871EX84_SIRE",NA,NA
"C375309",NA,NA
"C695577",NA,NA
"NN87414",NA,NA
"C375756",NA,NA
"E066323",NA,NA
"C375797",NA,NA
"C375629",NA,NA
"19871P6_SIRE",NA,NA
"E066210",NA,NA
"E066319",NA,NA
"19871EX21_SIRE",NA,NA
"C375807",NA,NA
"NE94200",NA,NA
"E066181",NA,NA
"C375685",NA,NA
"JV92668",NA,NA
"C375761",NA,NA
"E066322",NA,NA
"E066041",NA,NA
"A007133",NA,NA
"E066099",NA,NA
"E066317",NA,NA
"E066220",NA,NA
"C375768",NA,NA
"NE93684",NA,NA
"E135012",NA,NA
"E066315",NA,NA
"C695214",NA,NA
"C695191",NA,NA
"C375771",NA,NA
"B068380",NA,NA
"B069000",NA,NA
"C695253",NA,NA
"C695255",NA,NA
"C695591",NA,NA
"C695249",NA,NA
"C695100",NA,NA
"JV92669",NA,NA
"C696254",NA,NA
"C375614",NA,NA
"C695237",NA,NA
"C695226",NA,NA
"B068375",NA,NA
"BO68367",NA,NA
"A725253",NA,NA
"NK59633",NA,NA
"C695212",NA,NA
"C375687",NA,NA
"C696477",NA,NA
"C375809",NA,NA
"C375308",NA,NA
"BO69608",NA,NA
"C716665",NA,NA
"NE93721",NA,NA
"B069589",NA,NA
"E067801",NA,NA
"19851O75B_SIRE",NA,NA
"19851P20_SIRE",NA,NA
"C696500",NA,NA
"19851SW80A_SIRE",NA,NA
"B068249",NA,NA
"A725720",NA,NA
"C716440",NA,NA
"A725550",NA,NA
"C716580",NA,NA
"A725242",NA,NA
"19851P16_SIRE",NA,NA
"19851O63_SIRE",NA,NA
"19851O107_SIRE",NA,NA
"19851W16_SIRE",NA,NA
"B068344",NA,NA
"C375449",NA,NA
"A725742",NA,NA
"C375397",NA,NA
"B069096",NA,NA
"A725030",NA,NA
"A724428",NA,NA
"B067149",NA,NA
"B069477",NA,NA
"A725178",NA,NA
"JV92664",NA,NA
"NE95617",NA,NA
"A724435",NA,NA
"B067852",NA,NA
"A003755",NA,NA
"19841CP26_SIRE",NA,NA
"A725732",NA,NA
"A007126",NA,NA
"19841O34_SIRE",NA,NA
"NE96470",NA,NA
"NE93656",NA,NA
"A007115",NA,NA
"B069237",NA,NA
"A007875",NA,NA
"NE93598",NA,NA
"B069050",NA,NA
"NC09736",NA,NA
"NE93599",NA,NA
"NE95994",NA,NA
"NE93732",NA,NA
"A723392",NA,NA
"A725360",NA,NA
"19831B142_SIRE",NA,NA
"NE94511",NA,NA
"19831SW4_SIRE",NA,NA
"NE93669",NA,NA
"19831EX62G_SIRE",NA,NA
"A007832",NA,NA
"A725252",NA,NA
"NE95996",NA,NA
"B067461",NA,NA
"A725393",NA,NA
"NE95600",NA,NA
"KR83090",NA,NA
"19831W68_SIRE",NA,NA
"19831W45_SIRE",NA,NA
"NE96481",NA,NA
"A725361",NA,NA
"B067479",NA,NA
"NE93694",NA,NA
"NE95989",NA,NA
"NE95623",NA,NA
"A007149",NA,NA
"B067119",NA,NA
"19831W87_SIRE",NA,NA
"19831W15_SIRE",NA,NA
"19831W19_SIRE",NA,NA
"NC09575",NA,NA
"A007132",NA,NA
"NE93595",NA,NA
"NE93587",NA,NA
"A007125",NA,NA
"NE93688",NA,NA
"KR84485",NA,NA
"KR84567",NA,NA
"NE94004",NA,NA
"NE93718",NA,NA
"NE95846",NA,NA
"KR84528",NA,NA
"NE93570",NA,NA
"KR81345",NA,NA
"BS59524",NA,NA
"NE95621",NA,NA
"A003772",NA,NA
"19821O49_SIRE",NA,NA
"BS44494",NA,NA
"NE93596",NA,NA
"A003760",NA,NA
"KR83084",NA,NA
"KR84565",NA,NA
"NE93585",NA,NA
"NE94017",NA,NA
"NE95625",NA,NA
"NE94009",NA,NA
"KR83065",NA,NA
"KR83089",NA,NA
"NC09061",NA,NA
"19811SW109_SIRE",NA,NA
"NE94011",NA,NA
"KR83080",NA,NA
"KR83083",NA,NA
"19811SW104_SIRE",NA,NA
"A003767",NA,NA
"19811CP1_SIRE",NA,NA
"KR84554",NA,NA
"NC09721",NA,NA
"19811CP9_SIRE",NA,NA
"19811O79_SIRE",NA,NA
"KR84569",NA,NA
"19811W73_SIRE",NA,NA
"KR84529",NA,NA
"19812CP13_SIRE",NA,NA
"19811CP21_SIRE",NA,NA
"A003776",NA,NA
"KR81500",NA,NA
"NC09557",NA,NA
"A003813",NA,NA
"KJ73120",NA,NA
"A003777",NA,NA
"BR62846",NA,NA
"NC09495",NA,NA
"19801EX62H_SIRE",NA,NA
"KR84459",NA,NA
"19801EX19_SIRE",NA,NA
"19801EX3_SIRE",NA,NA
"KR84458",NA,NA
"19801O76_SIRE",NA,NA
"A003758",NA,NA
"A003756",NA,NA
"BS09298",NA,NA
"NA22242",NA,NA
"KR81499",NA,NA
"KR81489",NA,NA
"19801EX34A_SIRE",NA,NA
"A003753",NA,NA
"A003752",NA,NA
"NA21192",NA,NA
"KX35287",NA,NA
"KJ73108",NA,NA
"KR81347",NA,NA
"19791C115_SIRE",NA,NA
"19791C135_SIRE",NA,NA
"KR81480",NA,NA
"KR81346",NA,NA
"KK42241",NA,NA
"KR81341",NA,NA
"KR81474",NA,NA
"KR81456",NA,NA
"KR81342",NA,NA
"KJ73109",NA,NA
"KJ73125",NA,NA
"KR81339",NA,NA
"KR81468",NA,NA
"KR81322",NA,NA
"KR81515",NA,NA
"KR81458",NA,NA
"KR81457",NA,NA
"KJ73119",NA,NA
"19791CP9_SIRE",NA,NA
"19791B86_SIRE",NA,NA
"KJ73149",NA,NA
"19791EX8_SIRE",NA,NA
"BP52488",NA,NA
"KR81315",NA,NA
"NA21280",NA,NA
"19791EX17_SIRE",NA,NA
"KJ73132",NA,NA
"19791EX34_SIRE",NA,NA
"KC96250",NA,NA
"BS08474",NA,NA
"NA21532",NA,NA
"NA21547",NA,NA
"NA22195",NA,NA
"KC96242",NA,NA
"KR84854",NA,NA
"KC96239",NA,NA
"KC96206",NA,NA
"BR62256",NA,NA
"NA21541",NA,NA
"BS44317",NA,NA
"KC96236",NA,NA
"BS44458",NA,NA
"NA22048",NA,NA
"NA21502",NA,NA
"KC96232",NA,NA
"BA04605",NA,NA
"19771SW56_SIRE",NA,NA
"BS08228",NA,NA
"19771W18_SIRE",NA,NA
"BS09275",NA,NA
"KC96863",NA,NA
"NA22227",NA,NA
"BJ64313",NA,NA
"BS44470",NA,NA
"19771W1_SIRE",NA,NA
"BS08325",NA,NA
"KC96218",NA,NA
"BP11747",NA,NA
"BS08197",NA,NA
"19771MP77_SIRE",NA,NA
"19771EX68_SIRE",NA,NA
"BR62940",NA,NA
"BS44488",NA,NA
"BR62133",NA,NA
"BS08563",NA,NA
"BH62560",NA,NA
"BR62850",NA,NA
"BN34330",NA,NA
"19761EX47A_SIRE",NA,NA
"19761B145_SIRE",NA,NA
"19761EX67_SIRE",NA,NA
"19761O11_SIRE",NA,NA
"BN34097",NA,NA
"BP11271",NA,NA
"19761EX3_SIRE",NA,NA
"19761W66_SIRE",NA,NA
"19761EX6_SIRE",NA,NA
"BJ54679",NA,NA
"19761EX38_SIRE",NA,NA
"19761B117_SIRE",NA,NA
"19761EX52_SIRE",NA,NA
"19761EX34_SIRE",NA,NA
"19761EX63_SIRE",NA,NA
"BS44542",NA,NA
"19751W26_SIRE",NA,NA
"19751EX70_SIRE",NA,NA
"19751W100_SIRE",NA,NA
"BS08198",NA,NA
"19751O38A_SIRE",NA,NA
"BA66417",NA,NA
"BP11273",NA,NA
"BP11016",NA,NA
"BS08008",NA,NA
"BH62215",NA,NA
"BR62224",NA,NA
"BH62512",NA,NA
"BN34066",NA,NA
"BJ05627",NA,NA
"BJ05532",NA,NA
"BP78513",NA,NA
"BP11284",NA,NA
"BP52046",NA,NA
"BP11155",NA,NA
"BN34064",NA,NA
"BJ54648",NA,NA
"BJ05550",NA,NA
"BC85493",NA,NA
"BJ54736",NA,NA
"BJ91038",NA,NA
"BH18480",NA,NA
"19701C121_SIRE",NA,NA
"BJ54088",NA,NA
"19691W64_SIRE",NA,NA
"19691EX43C_SIRE",NA,NA
"19691W39_SIRE",NA,NA
"BH62478",NA,NA
"BA44514",NA,NA
"19681EX51B_SIRE",NA,NA
"BA44753",NA,NA
"BA66486",NA,NA
"BA47995",NA,NA
"BA44767",NA,NA
"19651W100_SIRE",NA,NA
"19651CP42_SIRE",NA,NA
"19651B33_SIRE",NA,NA
"19641EX9_SIRE",NA,NA
"19631EX61_SIRE",NA,NA
"19631B16_SIRE",NA,NA
"19621EX13_SIRE",NA,NA
"19621MP30_SIRE",NA,NA
"19621EX41A_SIRE",NA,NA
"19621EX49A_SIRE",NA,NA
"19601B96_SIRE",NA,NA
"F973515",NA,NA
"F938389",NA,NA
"19941MP61_SIRE",NA,NA
"F938398",NA,NA
"H301337",NA,NA
"19941MP11_SIRE",NA,NA
"19941MP41_SIRE",NA,NA
"F938395",NA,NA
"19941XT7_SIRE",NA,NA
"19941SW10_SIRE",NA,NA
"H301343",NA,NA
"19941MP34_SIRE",NA,NA
"H301340",NA,NA
"J745109",NA,NA
"VJ99214",NA,NA
"J745106",NA,NA
"H301216",NA,NA
"H301341",NA,NA
"F938394",NA,NA
"19941B88_SIRE",NA,NA
"J745108",NA,NA
"H301353",NA,NA
"H301345",NA,NA
"19941O6_SIRE",NA,NA
"19941C40_SIRE",NA,NA
"F952878",NA,NA
"19941MP86_SIRE",NA,NA
"H301350",NA,NA
"19941XS1A_SIRE",NA,NA
"J745159",NA,NA
"J745162",NA,NA
"H301359",NA,NA
"J745163",NA,NA
"F938400",NA,NA
"H300543",NA,NA
"VB55770",NA,NA
"J745154",NA,NA
"H301377",NA,NA
"H301723",NA,NA
"H301727",NA,NA
"H301729",NA,NA
"F938410",NA,NA
"H301732",NA,NA
"H301731",NA,NA
"J745174",NA,NA
"VN85723",NA,NA
"H301739",NA,NA
"J745172",NA,NA
"J745173",NA,NA
"J745171",NA,NA
"H301738",NA,NA
"19951B122_SIRE",NA,NA
"F938412",NA,NA
"H301736",NA,NA
"F873550",NA,NA
"J745177",NA,NA
"H301744",NA,NA
"F938419",NA,NA
"VN26275",NA,NA
"19951EX100_SIRE",NA,NA
"F938415",NA,NA
"H301756",NA,NA
"19951SW131_SIRE",NA,NA
"J745185",NA,NA
"H301749",NA,NA
"VJ58362",NA,NA
"C211718",NA,NA
"J745189",NA,NA
"19951B58_SIRE",NA,NA
"J745920",NA,NA
"J745925",NA,NA
"J745950",NA,NA
"J745929",NA,NA
"VN56359",NA,NA
"19961EX15_SIRE",NA,NA
"J745938",NA,NA
"19961W44_SIRE",NA,NA
"J745947",NA,NA
"J745933",NA,NA
"J745935",NA,NA
"VP32292",NA,NA
"K578311",NA,NA
"19961SW20_SIRE",NA,NA
"K578324",NA,NA
"19961W75_SIRE",NA,NA
"VN56342",NA,NA
"19961EX41E_SIRE",NA,NA
"F873565",NA,NA
"J745940",NA,NA
"19961MP1_SIRE",NA,NA
"J745945",NA,NA
"K578317",NA,NA
"F823568",NA,NA
"K578320",NA,NA
"J745951",NA,NA
"K578325",NA,NA
"F938432",NA,NA
"J745952",NA,NA
"19971C160A_SIRE",NA,NA
"K604701",NA,NA
"E018114",NA,NA
"J644078",NA,NA
"J644080",NA,NA
"19971W61_SIRE",NA,NA
"J644082",NA,NA
"19971MP64_SIRE",NA,NA
"J644081",NA,NA
"BP51630",NA,NA
"19971W71_SIRE",NA,NA
"F938439",NA,NA
"VR94758",NA,NA
"J644084",NA,NA
"J644085",NA,NA
"K604501",NA,NA
"F873574",NA,NA
"19971W77_SIRE",NA,NA
"F873577",NA,NA
"J644071",NA,NA
"J745936",NA,NA
"K578309",NA,NA
"E509229",NA,NA
"J745906",NA,NA
"19971EX35_SIRE",NA,NA
"F873576",NA,NA
"J644092",NA,NA
"J644091",NA,NA
"K578308",NA,NA
"19971EX43_SIRE",NA,NA
"J644094",NA,NA
"19971O50_SIRE",NA,NA
"J745995",NA,NA
"K604708",NA,NA
"K604705",NA,NA
"H301805",NA,NA
"F873580",NA,NA
"K604510",NA,NA
"19971C127_SIRE",NA,NA
"H301806",NA,NA
"19971B69_SIRE",NA,NA
"19971B46_SIRE",NA,NA
"K604714",NA,NA
"K604710",NA,NA
"J746000",NA,NA
"H301809",NA,NA
"F873582",NA,NA
"19971W3_SIRE",NA,NA
"19971B192_SIRE",NA,NA
"19971SW27_SIRE",NA,NA
"J644172",NA,NA
"F938606",NA,NA
"19981B162_SIRE",NA,NA
"K604546",NA,NA
"19981MP53_SIRE",NA,NA
"K578503",NA,NA
"K604837",NA,NA
"H301956",NA,NA
"K578505",NA,NA
"H301733",NA,NA
"F938623",NA,NA
"K578122",NA,NA
"H301988",NA,NA
"H301841",NA,NA
"19981EX4_SIRE",NA,NA
"K578111",NA,NA
"K578516",NA,NA
"K604548",NA,NA
"K578514",NA,NA
"K578513",NA,NA
"K578128",NA,NA
"K578518",NA,NA
"19981W59_SIRE",NA,NA
"K578522",NA,NA
"19981B51_SIRE",NA,NA
"VR26529",NA,NA
"K604569",NA,NA
"19991O28_SIRE",NA,NA
"19991B64_SIRE",NA,NA
"F873596",NA,NA
"K578540",NA,NA
"19991O64_SIRE",NA,NA
"K604575",NA,NA
"K604573",NA,NA
"K578541",NA,NA
"F938632",NA,NA
"K578543",NA,NA
"J745054",NA,NA
"J745061",NA,NA
"F938631",NA,NA
"VX13432",NA,NA
"K578549",NA,NA
"K578548",NA,NA
"J745062",NA,NA
"J745067",NA,NA
"F938639",NA,NA
"K578557",NA,NA
"F938642",NA,NA
"H300004",NA,NA
"H300001",NA,NA
"P282181",NA,NA
"K578001",NA,NA
"K578013",NA,NA
"H300006",NA,NA
"K604661",NA,NA
"K578561",NA,NA
"H300008",NA,NA
"K578002",NA,NA
"20001MP77_SIRE",NA,NA
"K578004",NA,NA
"K578569",NA,NA
"H300009",NA,NA
"H301833",NA,NA
"K578005",NA,NA
"K604662",NA,NA
"H300016",NA,NA
"20001B100_SIRE",NA,NA
"K604666",NA,NA
"20001B115_SIRE",NA,NA
"20001C160A_SIRE",NA,NA
"K578567",NA,NA
"K578568",NA,NA
"K578578",NA,NA
"20001W89_SIRE",NA,NA
"K604625",NA,NA
"H300021",NA,NA
"20001MP48_SIRE",NA,NA
"K604670",NA,NA
"20001CP3_SIRE",NA,NA
"K604668",NA,NA
"K578573",NA,NA
"K578581",NA,NA
"20001MP27_SIRE",NA,NA
"20001MP16_SIRE",NA,NA
"20001P4_SIRE",NA,NA
"K604635",NA,NA
"20001MP12_SIRE",NA,NA
"20001B56_SIRE",NA,NA
"P282198",NA,NA
"K578014",NA,NA
"K604675",NA,NA
"K578015",NA,NA
"H300020",NA,NA
"K578576",NA,NA
"K604648",NA,NA
"20001MP57_SIRE",NA,NA
"20001W13_SIRE",NA,NA
"20001SW1_SIRE",NA,NA
"K604645",NA,NA
"K578589",NA,NA
"H300023",NA,NA
"K578595",NA,NA
"20001W54_SIRE",NA,NA
"K578586",NA,NA
"K604612",NA,NA
"H300025",NA,NA
"K578025",NA,NA
"K604697",NA,NA
"K604695",NA,NA
"K604638",NA,NA
"20001EX89_SIRE",NA,NA
"H300026",NA,NA
"C695391",NA,NA
"20011W64_SIRE",NA,NA
"H300028",NA,NA
"20011C7_SIRE",NA,NA
"C695334",NA,NA
"20011MP73_SIRE",NA,NA
"C695372",NA,NA
"C695336",NA,NA
"C695346",NA,NA
"N200031",NA,NA
"C695347",NA,NA
"K604673",NA,NA
"N200036",NA,NA
"KS78162",NA,NA
"K578039",NA,NA
"20011B205_SIRE",NA,NA
"N200037",NA,NA
"C695366",NA,NA
"C695365",NA,NA
"20011C117_SIRE",NA,NA
"C695361",NA,NA
"K578447",NA,NA
"H300039",NA,NA
"VR63502",NA,NA
"N200043",NA,NA
"C695357",NA,NA
"20011CP25_SIRE",NA,NA
"N200042",NA,NA
"C695383",NA,NA
"C695373",NA,NA
"H300041",NA,NA
"C695388",NA,NA
"K578048",NA,NA
"C695392",NA,NA
"20011EX91_SIRE",NA,NA
"N200071",NA,NA
"K578057",NA,NA
"K578065",NA,NA
"N200078",NA,NA
"20011SW14_SIRE",NA,NA
"H300043",NA,NA
"20021MP93_SIRE",NA,NA
"20021MP34_SIRE",NA,NA
"N200104",NA,NA
"20021EX29A_SIRE",NA,NA
"VT34084",NA,NA
"20021B7_SIRE",NA,NA
"20021B79A_SIRE",NA,NA
"VT34085",NA,NA
"N200587",NA,NA
"20021MP76_SIRE",NA,NA
"20021MP62_SIRE",NA,NA
"K578607",NA,NA
"P804776",NA,NA
"N200590",NA,NA
"20021EX41_SIRE",NA,NA
"N200580",NA,NA
"K578609",NA,NA
"N200591",NA,NA
"20021W75_SIRE",NA,NA
"20021C27_SIRE",NA,NA
"20021C23_SIRE",NA,NA
"20021C21_SIRE",NA,NA
"N200049",NA,NA
"N200111",NA,NA
"N200032",NA,NA
"20021MP18_SIRE",NA,NA
"N200532",NA,NA
"N200679",NA,NA
"K578621",NA,NA
"H300053",NA,NA
"N200620",NA,NA
"N200676",NA,NA
"N200600",NA,NA
"K578448",NA,NA
"VT34033",NA,NA
"K578622",NA,NA
"K578625",NA,NA
"K578626",NA,NA
"N200713",NA,NA
"N200119",NA,NA
"N200716",NA,NA
"20031C15_SIRE",NA,NA
"R040085",NA,NA
"N200803",NA,NA
"N200579",NA,NA
"R040141",NA,NA
"K578952",NA,NA
"P439111",NA,NA
"20031C36_SIRE",NA,NA
"R040056",NA,NA
"R040074",NA,NA
"KS78957",NA,NA
"20031EX47_SIRE",NA,NA
"20031P18_SIRE",NA,NA
"N200823",NA,NA
"P439006",NA,NA
"N200730",NA,NA
"N200827",NA,NA
"K578965",NA,NA
"R040159",NA,NA
"F952926",NA,NA
"20041SW81_SIRE",NA,NA
"N199008",NA,NA
"20041O59_SIRE",NA,NA
"20041MP44_SIRE",NA,NA
"T177501",NA,NA
"20041MP86_SIRE",NA,NA
"N199001",NA,NA
"P439163",NA,NA
"20041EX51C_SIRE",NA,NA
"P439143",NA,NA
"N199002",NA,NA
"H300061",NA,NA
"P439185",NA,NA
"T177504",NA,NA
"T177503",NA,NA
"20041SW9_SIRE",NA,NA
"N199004",NA,NA
"H300064",NA,NA
"20041MP67_SIRE",NA,NA
"N200820",NA,NA
"T177505",NA,NA
"P439208",NA,NA
"20041EX10A_SIRE",NA,NA
"N200852",NA,NA
"T177508",NA,NA
"R040195",NA,NA
"20041MP70_SIRE",NA,NA
"N200850",NA,NA
"N199007",NA,NA
"N200844",NA,NA
"T177510",NA,NA
"R040133",NA,NA
"N200749",NA,NA
"20041SW28_SIRE",NA,NA
"20041SW126_SIRE",NA,NA
"20041O36_SIRE",NA,NA
"20041SW1_SIRE",NA,NA
"P439158",NA,NA
"N199009",NA,NA
"N200769",NA,NA
"R040057",NA,NA
"20041B43_SIRE",NA,NA
"P439151",NA,NA
"20041EX89_SIRE",NA,NA
"20041O106_SIRE",NA,NA
"T177522",NA,NA
"T177524",NA,NA
"20041SW33_SIRE",NA,NA
"T177529",NA,NA
"20041P23_SIRE",NA,NA
"20041O71_SIRE",NA,NA
"F952454",NA,NA
"T550149",NA,NA
"F952456",NA,NA
"H300646",NA,NA
"20051SW105_SIRE",NA,NA
"T177535",NA,NA
"T550165",NA,NA
"T640306",NA,NA
"E985043",NA,NA
"T550163",NA,NA
"T550140",NA,NA
"E985048",NA,NA
"H300611",NA,NA
"F952463",NA,NA
"E985050",NA,NA
"E985064",NA,NA
"T550166",NA,NA
"20051SW1_SIRE",NA,NA
"P439131",NA,NA
"E985052",NA,NA
"R999452",NA,NA
"T550181",NA,NA
"E985065",NA,NA
"R999425",NA,NA
"T640312",NA,NA
"T176396",NA,NA
"E985078",NA,NA
"20051EX76_SIRE",NA,NA
"N200859",NA,NA
"E985074",NA,NA
"T176481",NA,NA
"TB26324",NA,NA
"T550176",NA,NA
"T550175",NA,NA
"T176477",NA,NA
"T176404",NA,NA
"E985085",NA,NA
"H300687",NA,NA
"T176417",NA,NA
"E985091",NA,NA
"T640003",NA,NA
"E985093",NA,NA
"T176401",NA,NA
"E985098",NA,NA
"E985095",NA,NA
"N200902",NA,NA
"N200903",NA,NA
"T177579",NA,NA
"N200907",NA,NA
"J644814",NA,NA
"N199535",NA,NA
"N200968",NA,NA
"A225439",NA,NA
"20061MP55_SIRE",NA,NA
"T640333",NA,NA
"T640329",NA,NA
"N199302",NA,NA
"20061C49_SIRE",NA,NA
"N200953",NA,NA
"N200997",NA,NA
"T640335",NA,NA
"T640296",NA,NA
"R639101",NA,NA
"T640326",NA,NA
"T640012",NA,NA
"F952471",NA,NA
"H300605",NA,NA
"R639112",NA,NA
"T640209",NA,NA
"20061MP49_SIRE",NA,NA
"T640336",NA,NA
"T640337",NA,NA
"T640216",NA,NA
"J644808",NA,NA
"20061EX39A_SIRE",NA,NA
"20061EX63_SIRE",NA,NA
"H301196",NA,NA
"T176710",NA,NA
"T176432",NA,NA
"J644801",NA,NA
"F952473",NA,NA
"20061P2_SIRE",NA,NA
"20061EX35_SIRE",NA,NA
"N199382",NA,NA
"T640340",NA,NA
"N200991",NA,NA
"J644805",NA,NA
"N199402",NA,NA
"N200989",NA,NA
"N200942",NA,NA
"T640229",NA,NA
"20061W83_SIRE",NA,NA
"20061W77_SIRE",NA,NA
"T177596",NA,NA
"T640313",NA,NA
"T640345",NA,NA
"TE64149",NA,NA
"R999438",NA,NA
"T642820",NA,NA
"N199439",NA,NA
"T640349",NA,NA
"T550196",NA,NA
"TC58769",NA,NA
"T176806",NA,NA
"N199065",NA,NA
"N199466",NA,NA
"T176885",NA,NA
"TC58859",NA,NA
"T640354",NA,NA
"20061CP5_SIRE",NA,NA
"J644828",NA,NA
"TB26392",NA,NA
"20071W72_SIRE",NA,NA
"T640355",NA,NA
"T640066",NA,NA
"T177719",NA,NA
"R639127",NA,NA
"N199636",NA,NA
"R639309",NA,NA
"TK207532",NA,NA
"T177612",NA,NA
"N199635",NA,NA
"T642474",NA,NA
"T177644",NA,NA
"T177651",NA,NA
"F952476",NA,NA
"T177711",NA,NA
"20071C49_SIRE",NA,NA
"T177716",NA,NA
"R639126",NA,NA
"H301159",NA,NA
"T642476",NA,NA
"20071EX47_SIRE",NA,NA
"N199641",NA,NA
"R639500",NA,NA
"N199645",NA,NA
"N199398",NA,NA
"T640069",NA,NA
"T177633",NA,NA
"H300618",NA,NA
"R639131",NA,NA
"R639404",NA,NA
"J644886",NA,NA
"V260951",NA,NA
"R639133",NA,NA
"R639243",NA,NA
"20071O114_SIRE",NA,NA
"N199484",NA,NA
"20071CP28_SIRE",NA,NA
"N199392",NA,NA
"T640805",NA,NA
"T640806",NA,NA
"R639449",NA,NA
"E018349",NA,NA
"T640814",NA,NA
"20081MP50_SIRE",NA,NA
"T176956",NA,NA
"E018354",NA,NA
"T177677",NA,NA
"20081O15_SIRE",NA,NA
"20081O43_SIRE",NA,NA
"K578069",NA,NA
"E018355",NA,NA
"F459758",NA,NA
"J644920",NA,NA
"T640377",NA,NA
"K578719",NA,NA
"T640705",NA,NA
"T640380",NA,NA
"T640381",NA,NA
"T176946",NA,NA
"T176985",NA,NA
"J644922",NA,NA
"20081EX9_SIRE",NA,NA
"X235608",NA,NA
"T640385",NA,NA
"20081SW5_SIRE",NA,NA
"K578724",NA,NA
"E018357",NA,NA
"T176991",NA,NA
"N199978",NA,NA
"F459766",NA,NA
"T640820",NA,NA
"F459764",NA,NA
"E018361",NA,NA
"T640819",NA,NA
"T177634",NA,NA
"20081SW113_SIRE",NA,NA
"T640706",NA,NA
"N199998",NA,NA
"20081MP54_SIRE",NA,NA
"T640756",NA,NA
"20091C10_SIRE",NA,NA
"20091SW104_SIRE",NA,NA
"X237903",NA,NA
"X235145",NA,NA
"VH81892",NA,NA
"VJ61414",NA,NA
"J644937",NA,NA
"F464553",NA,NA
"T640787",NA,NA
"X239559",NA,NA
"X239803",NA,NA
"T640752",NA,NA
"X239902",NA,NA
"F459777",NA,NA
"X239805",NA,NA
"20091MP97_SIRE",NA,NA
"20091C62_SIRE",NA,NA
"20091MP87_SIRE",NA,NA
"R639463",NA,NA
"X235137",NA,NA
"J644947",NA,NA
"X239703",NA,NA
"20091EX62B_SIRE",NA,NA
"T640782",NA,NA
"T640798",NA,NA
"T640761",NA,NA
"X239908",NA,NA
"J644955",NA,NA
"T176957",NA,NA
"X240000",NA,NA
"K578761",NA,NA
"X237912",NA,NA
"T640781",NA,NA
"20091SW111_SIRE",NA,NA
"J644959",NA,NA
"X239724",NA,NA
"20091CP32_SIRE",NA,NA
"X661866",NA,NA
"X235632",NA,NA
"T177667",NA,NA
"20091W76_SIRE",NA,NA
"X235635",NA,NA
"E509388",NA,NA
"X237987",NA,NA
"X239958",NA,NA
"20101SW102_SIRE",NA,NA
"T640690",NA,NA
"E509398",NA,NA
"T640655",NA,NA
"X237974",NA,NA
"X235638",NA,NA
"T640675",NA,NA
"20101EX44_SIRE",NA,NA
"X239966",NA,NA
"L315201",NA,NA
"X239961",NA,NA
"L315203",NA,NA
"L315807",NA,NA
"X239736",NA,NA
"20101W27_SIRE",NA,NA
"20101EX51A_SIRE",NA,NA
"X235526",NA,NA
"L315202",NA,NA
"L315208",NA,NA
"X239971",NA,NA
"X239738",NA,NA
"L315204",NA,NA
"L315812",NA,NA
"20101O79_SIRE",NA,NA
"X235597",NA,NA
"X235596",NA,NA
"20101EX50_SIRE",NA,NA
"X237967",NA,NA
"L315211",NA,NA
"20101SW73_SIRE",NA,NA
"L315811",NA,NA
"L315232",NA,NA
"L315437",NA,NA
"20101SW53_SIRE",NA,NA
"L808852",NA,NA
"X239998",NA,NA
"L311268",NA,NA
"X805407",NA,NA
"X805409",NA,NA
"L808677",NA,NA
"L312169",NA,NA
"L312150",NA,NA
"20111EX11_SIRE",NA,NA
"20111O45_SIRE",NA,NA
"T640673",NA,NA
"20111B56_SIRE",NA,NA
"V279628",NA,NA
"L809621",NA,NA
"L808592",NA,NA
"Y033855",NA,NA
"L808082",NA,NA
"X237965",NA,NA
"X805165",NA,NA
"20111SW52_SIRE",NA,NA
"Y034712",NA,NA
"20111SW108_SIRE",NA,NA
"Y034724",NA,NA
"X235505",NA,NA
"L809019",NA,NA
"L315824",NA,NA
"20111SW70_SIRE",NA,NA
"20111SM1_SIRE",NA,NA
"Y034217",NA,NA
"20111B68_SIRE",NA,NA
"L312865",NA,NA
"Y161048",NA,NA
"Y837602",NA,NA
"L171494",NA,NA
"R639318",NA,NA
"L808882",NA,NA
"TP26600",NA,NA
"Y034259",NA,NA
"L808718",NA,NA
"Y031452",NA,NA
"Y035896",NA,NA
"20121MP34_SIRE",NA,NA
"L808903",NA,NA
"Y838317",NA,NA
"Y146320",NA,NA
"Y836964",NA,NA
"20131SW127_SIRE",NA,NA
"Y836952",NA,NA
"20131SW101A_SIRE",NA,NA
"Y035981",NA,NA
"Y161987",NA,NA
"Y838101",NA,NA
"Y160581",NA,NA
"L808853",NA,NA
"20131O104_SIRE",NA,NA
"KR81621",NA,NA
"X235022",NA,NA
"Y160634",NA,NA
"Y146228",NA,NA
"Y034298",NA,NA
"Y162402",NA,NA
"Y839738",NA,NA
"X805656",NA,NA
"Y160631",NA,NA
"Y164645",NA,NA
"Y164955",NA,NA
"Y837333",NA,NA
"X805499",NA,NA
"20131W98_SIRE",NA,NA
"TX42601",NA,NA
"Y162795",NA,NA
"Y838339",NA,NA
"Y033185",NA,NA
"Y161336",NA,NA
"20131SW33_SIRE",NA,NA
"20131P19_SIRE",NA,NA
"Y163957",NA,NA
"TX42642",NA,NA
"20191B141_SIRE",NA,NA
"20191B179_SIRE",NA,NA
"TX42360",NA,NA
"20191B60_SIRE",NA,NA
"20191C10_SIRE",NA,NA
"VF63383",NA,NA
"TL38524",NA,NA
"VS83941",NA,NA
"VN56883",NA,NA
"TW41602",NA,NA
"VH21986",NA,NA
"VF63374",NA,NA
"VZ33785",NA,NA
"VS84201",NA,NA
"VS84211",NA,NA
"VZ32526",NA,NA
"VZ30905",NA,NA
"VJ57890",NA,NA
"VR91196",NA,NA
"20191O61_SIRE",NA,NA
"20191P7_SIRE",NA,NA
"VZ30548",NA,NA
"TL38698",NA,NA
"20191W41_SIRE",NA,NA
"D471250",NA,NA
"VZ31866",NA,NA
"VZ30534",NA,NA
"20181B212_SIRE",NA,NA
"20181C28_SIRE",NA,NA
"VF63384",NA,NA
"VZ29084",NA,NA
"20181CP17_SIRE",NA,NA
"20181CP34_SIRE",NA,NA
"VN85357",NA,NA
"20181EX13A_SIRE",NA,NA
"20181EX17_SIRE",NA,NA
"VH21997",NA,NA
"20181EX32_SIRE",NA,NA
"VZ29483",NA,NA
"20181EX55_SIRE",NA,NA
"20181EX84_SIRE",NA,NA
"D472483",NA,NA
"VB55847",NA,NA
"20181MP73_SIRE",NA,NA
"VH21985",NA,NA
"VH21989",NA,NA
"20181O20_SIRE",NA,NA
"TV44578",NA,NA
"TV44447",NA,NA
"TV44574",NA,NA
"20181O63_SIRE",NA,NA
"TV44575",NA,NA
"Y163358",NA,NA
"TS47634",NA,NA
"20181SW121_SIRE",NA,NA
"TV44475",NA,NA
"20181W2_SIRE",NA,NA
"D473269",NA,NA
"20181W25_SIRE",NA,NA
"20181W44_SIRE",NA,NA
"20181W66_SIRE",NA,NA
"VZ30328",NA,NA
"Z032161",NA,NA
"20171C137_SIRE",NA,NA
"VZ29701",NA,NA
"Z626569",NA,NA
"Z630314",NA,NA
"VZ29312",NA,NA
"20171EX41D_SIRE",NA,NA
"Z032303",NA,NA
"20171EX81A_SIRE",NA,NA
"20171EX88_SIRE",NA,NA
"20171O106_SIRE",NA,NA
"20171O15_SIRE",NA,NA
"Y839237",NA,NA
"20171O30_SIRE",NA,NA
"20171O75_SIRE",NA,NA
"20171O78A_SIRE",NA,NA
"TS47671",NA,NA
"20171SW22_SIRE",NA,NA
"20171W43_SIRE",NA,NA
"Z627890",NA,NA
"TR44796",NA,NA
"Y163128",NA,NA
"D472302",NA,NA
"Z032688",NA,NA
"TP28362",NA,NA
"TX42802",NA,NA
"20161EX39B_SIRE",NA,NA
"Z031583",NA,NA
"Z032602",NA,NA
"TR44774",NA,NA
"TP42632",NA,NA
"TX42499",NA,NA
"20151SM_SIRE",NA,NA
"Y837473",NA,NA
"Y837232",NA,NA
"Z032123",NA,NA
"Z630003",NA,NA
"D471365",NA,NA
"Y839272",NA,NA
"Z630002",NA,NA
"Z030604",NA,NA
"TJ24699",NA,NA
"Z030555",NA,NA
"20151EX43C_SIRE",NA,NA
"D472743",NA,NA
"Z032576",NA,NA
"20151MP64_SIRE",NA,NA
"TL36015",NA,NA
"H300102",NA,NA
"Y162998",NA,NA
"D472310",NA,NA
"20151W10_SIRE",NA,NA
"Z630177",NA,NA
"D472942",NA,NA
"20141C3A_SIRE",NA,NA
"Y839103",NA,NA
"D471763",NA,NA
"Y839182",NA,NA
"20141EX62_SIRE",NA,NA
"L315623",NA,NA
"TP28491",NA,NA
"20141MP3_SIRE",NA,NA
"Y839253",NA,NA
"20141SW26_SIRE",NA,NA
"TY68248",NA,NA
"TW77194",NA,NA
"20211C1_SIRE",NA,NA
"TW77191",NA,NA
"VZ33694",NA,NA
"VZ33891",NA,NA
"TR43330",NA,NA
"PF72109",NA,NA
"VZ31419",NA,NA
"TY68256",NA,NA
"VZ33869",NA,NA
"TY68257",NA,NA
"VZ33859",NA,NA
"TY69096",NA,NA
"PF71360",NA,NA
"VZ33684",NA,NA
"TY68269",NA,NA
"TY68817",NA,NA
"TY68741",NA,NA
"TY68740",NA,NA
"TY69217",NA,NA
"TY70292",NA,NA
"PF71915",NA,NA
"TY69411",NA,NA
"TY69726",NA,NA
"PF72747",NA,NA
"PF72701",NA,NA
"20221O38B_SIRE",NA,NA
"TY69499",NA,NA
"VZ31746",NA,NA
"PF71419",NA,NA
"PF71436",NA,NA
"20221W99A_SIRE",NA,NA
"VZ31776",NA,NA
"TY69814",NA,NA
"PT90305",NA,NA
"20231CP16_SIRE",NA,NA
"20231EX12A_SIRE",NA,NA
"20231EX3_SIRE",NA,NA
"TY70401",NA,NA
"PF72679",NA,NA
"PL91202",NA,NA
"20231EX63_SIRE",NA,NA
"20231EX64_SIRE",NA,NA
"20231EX76_SIRE",NA,NA
"VZ33438",NA,NA
"VZ33464",NA,NA
"20231MP98_SIRE",NA,NA
"20231O32_SIRE",NA,NA
"PT90109",NA,NA
"20231O71_SIRE",NA,NA
"PT90111",NA,NA
"VR27932",NA,NA
"TW41770",NA,NA
"20231SW47_SIRE",NA,NA
"PL91205",NA,NA
"PF72905",NA,NA
"VZ33436",NA,NA
"VR27906",NA,NA
"PF72907",NA,NA
"NN86389","A007877","19852SW128_SIRE"
"VE33123","19881C150_DAM","19881C150_SIRE"
"VE33127","19881C150_DAM","19881C150_SIRE"
"PF72126","TW41875","20211CP20_SIRE"
"TY70596","TS46391","TY70509"
"TY69573","VZ33953","TY69502"
"TY68217","VZ33954","20201W54_SIRE"
"TY68190","TW77003","20201EX35_SIRE"
"TY68169","TY68013","TR42590"
"TY68584","TE80994","VZ33158"
"TW77064","TR43323","VZ30538"
"TY68576","TY68506","20201C61A_SIRE"
"TY68537","TE80998","TY68503"
"TY68543","TE80998","TY68503"
"TY68084","TY68002","TY68001"
"TY69003","TY69001","20201EX9_SIRE"
"TY69007","TY69001","20201EX9_SIRE"
"TY69008","TY69001","20201EX9_SIRE"
"TY70791","TY70705","TY70704"
"TY70056","TY70021","TY70012"
"VZ30825","20181CP21_DAM","VZ30218"
"TL39678","D472301","20181C132_SIRE"
"VJ58988","19931W68_DAM","VH21151"
"VJ58989","19931W68_DAM","VH21151"
"VN57169","H301131","H301132"
"VN56076","F938335","F938388"
"VN56078","F938335","F938388"
"VN57076","VH21172","19931O82_SIRE"
"VJ58902","H300561","H300560"
"VJ58907","H300561","H300560"
"VJ58845","H300558","E509091"
"VJ58869","19931W84_DAM","H300555"
"VJ59971","F952684","19931O12_SIRE"
"VJ59972","F952684","19931O12_SIRE"
"VN56012","19931MP58_DAM","19931MP58_SIRE"
"VN56062","F938386","F938378"
"VJ59472","F938370","VJ57362"
"VN57615","VH21113","F465971"
"VN57616","VH21113","F465971"
"VJ59406","F938374","F938375"
"VJ59926","H303455","H303498"
"VN57545","H300549","H300548"
"VH82989","H303421","H303491"
"VJ58648","F465935","H300542"
"VJ58655","F937893","E956075"
"VJ59808","H303492","19931O76_SIRE"
"VJ59809","H303492","19931O76_SIRE"
"VJ59812","H303492","19931O76_SIRE"
"VJ59813","H303462","19931SW101_SIRE"
"VJ59814","H303462","19931SW101_SIRE"
"VJ59819","H303462","19931SW101_SIRE"
"VH99746","H300537","F952699"
"VH99767","H300525","H300524"
"VH99789","F952689","H300527"
"VH99791","F952689","H300527"
"VH99794","F952689","H300527"
"VN56607","H301515","H301514"
"VB55789","H300521","VH21158"
"VB55790","H300521","VH21158"
"VB55795","H300521","VH21158"
"VH99611","H300541","F465932"
"VH99614","H300541","F465932"
"VJ59134","F833132","19931B63_SIRE"
"VJ59139","F833132","19931B63_SIRE"
"VH82901","19931O21_DAM","F952651"
"VH82919","H303487","H303486"
"VJ59101","F938346","F938345"
"NN30674","H303312","H303301"
"VH82844","H303455","H303456"
"VH99888","F465930","F937933"
"VH99315","F938325","F938339"
"VH99844","VH21135","F465933"
"VH99849","VH21135","F465933"
"VH99874","F952700","F952699"
"VH99876","F952700","F952699"
"VH82468","F952689","F952691"
"VH82472","F952689","F952691"
"VH82473","F952689","F952691"
"VH83894","F833132","F398338"
"VH83900","F833132","F398338"
"VH99305","F938336","F952594"
"VH82355","F465935","F465936"
"VH82722","H303437","H303438"
"VJ57593","F873527","F873528"
"VH82291","F952690","19921W87_SIRE"
"VH83915","F938401","F938334"
"VH83940","F938301","F938331"
"VJ57218","E368896","F874558"
"VJ57219","E368896","F874558"
"NN30801","H303309","H303310"
"VH82127","F937893","E956075"
"VH82130","F937893","E956075"
"VH82583","H303420","H303419"
"VH82596","F952649","H303405"
"VH82598","F952649","H303405"
"VH82085","VH21137","19921CP5_SIRE"
"VH82568","H303407","F491268"
"NN30695","H303314","H303315"
"VJ57101","F938299","F938319"
"VJ57106","F938299","F938319"
"VJ57130","F874793","E984807"
"VJ57542","F873517","F873522"
"VH21322","F464521","19911O38B_SIRE"
"VJ57859","F952576","F491828"
"VJ57863","F952576","F491828"
"VJ57846","F491363","F491916"
"VH84941","F937897","E587198"
"VJ57749","F491498","F874546"
"VH83210","F874639","E956762"
"VH83212","F874639","E956762"
"VH83213","F874639","E956762"
"VH21607","F464282","F464281"
"VH21563","F491498","F464232"
"VE26178","19901P11_DAM","19901P11_SIRE"
"VH21882","F464100","19901XD8_SIRE"
"VH84404","E956992","E956994"
"VH84248","E956474","E956995"
"VH12151","19891XW20_DAM","19891XW20_SIRE"
"VE33469","E956699","E956700"
"VE32858","E906704","E066214"
"VE32861","E906704","E066214"
"VE26354","E984808","19891MP62_SIRE"
"F464343","19891O101_DAM","19891O101_SIRE"
"VE33185","C695272","E984180"
"VE26029","19891SW46_DAM","19891SW46_SIRE"
"VE33128","E984172","E984170"
"VE33122","E984159","C696596"
"VE26636","E181489","E066244"
"VE27619","E956350","E066312"
"VE27629","E956350","E066312"
"VE33674","C716893","E181481"
"VE32509","B068654","19881SW121_SIRE"
"VE27149","VB54400","E066193"
"VE33531","B069976","19881MP2_SIRE"
"VE26501","B068653","C375670"
"VE27101","E067898","E067899"
"VE27041","E067053","C695529"
"VE27042","E067053","C695529"
"VE27058","E066326","C375783"
"VB55806","C695238","E525898"
"VB55294","19871SW108_DAM","E067741"
"VB55298","19871SW108_DAM","E067741"
"VB55428","E067742","E067743"
"VC47150","NN87415","NE93720"
"VC47168","C696274","EO66193"
"VC47133","E067812","19871W31_SIRE"
"VB55208","C695594","C695242"
"VB55241","C695561","B069074"
"NN88473","C375679","C716776"
"VB55155","C695252","C375309"
"VB55156","C695252","C375309"
"VB55175","E067720","C695577"
"VB55182","E067720","C695577"
"VB55183","E067720","C695577"
"VC47077","E066325","C375756"
"VC47081","E066325","C375756"
"VC47082","E066325","C375756"
"NN88535","B068597","JV92667"
"NN88537","B068597","JV92667"
"VB55104","C375626","C375797"
"VC47367","B069976","C375629"
"NN86737","B067949","19871P6_SIRE"
"NN88852","C695701","E066319"
"VB54778","NE95595","C375643"
"VB54785","C375808","C375807"
"VB54788","C375808","C375807"
"NN88700","19871EX41E_DAM","C695695"
"NN88703","19871EX41E_DAM","C695695"
"NN88706","19871EX41E_DAM","C695695"
"NN88712","E067898","E067899"
"NN88713","E067898","E067899"
"NN88716","E067898","E067899"
"VB54715","JV92674","C375685"
"VB54716","JV92674","C375685"
"VB54792","E066227","C375641"
"VB54882","C695630","E066224"
"VB54890","C695609","C375761"
"NN88663","E066206","E066317"
"NN88664","E066206","E066317"
"NN88667","E066316","C716316"
"NN88673","E066316","C716316"
"VB54822","C375749","E066220"
"VB54841","JV92665","E066244"
"VC47317","NE94012","NE93684"
"NN88834","C375777","E135012"
"NN88767","C375699","C695191"
"VB54805","B068653","C375670"
"NN88431","C375773","B068380"
"NN88433","C375773","B068380"
"VB54542","B067864","E066312"
"VB54945","JV92665","B069000"
"VB54285","C695575","E066182"
"NN35853","C695252","C695253"
"NN34834","C695256","C695255"
"NN35836","C695537","C375309"
"NN34826","C375609","C695249"
"VB54363","C695208","C696254"
"VB54316","E066042","E066041"
"NN34804","C695250","B068380"
"NN35726","C375626","C695577"
"NN86409","C375811","C375643"
"NN87986","C375808","C375807"
"NN87987","C375808","C375807"
"NN87989","C375808","C375807"
"NN87990","C375808","C375807"
"NE96074","C695225","B068375"
"NE96075","C695225","B068375"
"NE96076","C695225","B068375"
"NE96082","C695238","BO68367"
"NE96083","C695238","BO68367"
"NE96084","C695238","BO68367"
"NN35637","C375604","C695212"
"NN35642","C375604","C695212"
"NN34639","NE94012","NE93684"
"NN87916","C375689","JV92668"
"NN87917","C375689","JV92668"
"NN87918","C375689","JV92668"
"NN35518","B069592","B069589"
"NN35519","B069592","B069589"
"NN34614","C695199","B067859"
"NN34616","C695199","B067859"
"NN86352","C696800","19851O75B_SIRE"
"NN86702","19851P20_DAM","19851P20_SIRE"
"NN86324","B068656","C696596"
"NN87817","C375398","C696500"
"NN86632","B067950","19851SW80A_SIRE"
"NC10799","B069592","B068249"
"NN86198","C716441","C716440"
"NN86277","C696749","NK59633"
"NN87754","C716441","C716440"
"NN87756","B067132","C716580"
"NN87760","B067132","C716580"
"NN87761","B067132","C716580"
"NN87764","B067132","C716580"
"NN88106","B069592","B068249"
"NC10787","B067827","B069589"
"NN86140","C716315","C716316"
"NN86238","C696549","19851O63_SIRE"
"NN86247","NE96402","19851O107_SIRE"
"NN86093","A725181","NE93720"
"NN86096","A725181","NE93720"
"NN86097","A725181","NE93720"
"NN86098","A725181","NE93720"
"NN86112","C696273","19851W16_SIRE"
"NN86124","C696253","C696254"
"NN86214","A007877","B068344"
"NN86041","C375448","C375449"
"NN86981","A007890","A724428"
"NN88274","JV92663","JV92664"
"NN34792","B067853","B067852"
"NN86511","B067860","B067859"
"NN88184","NN30276","JV92667"
"NN87554","A725181","19841CP26_SIRE"
"NN30486","B068662","A725732"
"NN35322","B069478","B069477"
"NN30373","NN30276","NE93656"
"NN87162","NE93580","NE93598"
"NN87166","NE93580","NE93598"
"NN87168","NE93580","NE93598"
"NN34946","B068555","NC09736"
"NN30323","NE95595","NE95994"
"NE93643","B067122","NE93732"
"NN34526","NE93685","19831B142_SIRE"
"NE96741","NE95980","NE94511"
"NN34337","NE96649","19831SW4_SIRE"
"NN34341","NE96649","19831SW4_SIRE"
"NN34345","NE96649","19831SW4_SIRE"
"NN34382","NE95616","NE95617"
"NN35283","A725632","19831EX62G_SIRE"
"NN34244","NE93652","NE95996"
"NN35203","B067460","B067461"
"NN34133","NE26798","NE95600"
"NN34138","NE26798","NE95600"
"NK59088","NE96638","KR83090"
"NK59160","NE96405","A725360"
"NE93751","KR83086","NE96481"
"NN34050","NE95622","NE93694"
"NN30244","B067130","NE95989"
"NN34006","NE93668","NE95623"
"NK59818","A007150","A007149"
"NN30165","19831W87_DAM","19831W87_SIRE"
"NN30085","B067122","19831W19_SIRE"
"NK59475","NK59385","A007126"
"NK59416","A007124","A007125"
"NE95964","NC09011","NE94511"
"NK59513","NE93811","KR84528"
"NE96543","NE26798","NE95600"
"NE93919","NE93581","NE93596"
"NE93827","NE93584","NE93587"
"NE93831","NE93584","NE93587"
"NE94324","NE94012","NE94009"
"NE94758","NC09991","NC09736"
"NE94531","NE94506","NC09061"
"NE95186","KR83096","19811SW109_SIRE"
"NE94272","NE94006","NE94011"
"NE95130","KR81484","KR83084"
"NE93476","KR83082","KR83080"
"NE93482","KR83081","KR83083"
"NE93483","KR83081","KR83083"
"NE94266","A003799","A003760"
"NE94658","KR81452","NC09575"
"NE93415","19811SW81_DAM","KR83079"
"NE93238","KR84568","KR84569"
"NH38927","19812CP13_DAM","19812CP13_SIRE"
"NH38929","19812CP13_DAM","19812CP13_SIRE"
"NE93127","A003778","A003776"
"NE93106","KR81466","KJ71710"
"NE92891","NE92865","NC09557"
"NC11068","KR84467","KJ73120"
"NE92022","KC96221","19801EX3_SIRE"
"NE92329","19801W94_DAM","A003760"
"NE92466","A003757","A003756"
"NE92304","KJ73148","19801EX34A_SIRE"
"NE92531","A003807","NC09575"
"NE92830","NA21509","NA21192"
"NE92209","KR81302","KR81347"
"NE92213","KR81302","KR81347"
"NC11691","19791C115_DAM","19791C115_SIRE"
"NC11721","19791C135_DAM","19791C135_SIRE"
"NC10299","KJ73141","KR81303"
"NC51999","KJ73141","KR81303"
"NC09803","KR81348","KR81346"
"NC11643","BS44225","KK42241"
"NC11929","BP11039","KR81341"
"NC11936","KR81343","KR81342"
"NC51909","KR81475","KJ73125"
"NC11877","KR81466","KR81468"
"NC10990","19791B225_DAM","KR81457"
"NC10991","19791B225_DAM","KR81457"
"NC11766","KJ73118","KJ73119"
"NC11769","KJ73118","KJ73119"
"NC10462","KR81340","19791CP9_SIRE"
"NC10487","BS08190","19791EX8_SIRE"
"NC10237","NC09496","NC09495"
"NC10440","19791EX17_DAM","19791EX17_SIRE"
"NC10442","19791EX17_DAM","19791EX17_SIRE"
"NC10849","NA21509","NA21192"
"NC10220","KJ73148","19791EX34_SIRE"
"NC10074","NC09008","NC09061"
"NC09169","NA21516","NA22195"
"BJ05960","BS44400","KJ73120"
"NA22733","KJ71697","KC96242"
"NC09258","BS44467","KC96239"
"BS44423","BS08190","NA21280"
"BS44424","BS08190","NA21280"
"NA21922","NA21533","NA21547"
"NA22868","KC97000","19771SW56_SIRE"
"NA21967","NA21549","NA21532"
"NA22822","BS44374","KC96863"
"NA21878","BR62040","BR62256"
"NA21365","NA22049","NA22048"
"NA22577","BS44477","19771W1_SIRE"
"NA21339","BS44660","BS08325"
"NA21679","NA21507","NA21502"
"NA22555","KC96210","KC96218"
"NA21485","BS08475","BP11747"
"NA21566","BP52489","19771MP77_SIRE"
"NA21653","19771EX68_DAM","19771EX68_SIRE"
"NA21672","NA21505","BS08563"
"NA21183","BS44531","BS08228"
"NA22137","BS44545","BS09275"
"NA22120","BS44318","BS44317"
"NA22019","NA22050","BR62846"
"BR62745","BS44379","19761EX47A_SIRE"
"BS44333","BS08441","19761B145_SIRE"
"BS44682","19761O11_DAM","19761O11_SIRE"
"NA21092","BR62040","BR62256"
"NA21069","BP11152","BN34097"
"BJ04639","19761EX3_DAM","19761EX3_SIRE"
"BJ04643","19761EX3_DAM","19761EX3_SIRE"
"BP11843","BP11039","19761W66_SIRE"
"BJ04631","BS44371","19761EX38_SIRE"
"BS44751","19761EX34_DAM","19761EX34_SIRE"
"BS44387","BS44540","BS44542"
"BS44389","BS44540","BS44542"
"BS44272","BS44140","19751EX70_SIRE"
"BS44258","19751W100_DAM","19751W100_SIRE"
"BS44137","19751O38A_DAM","19751O38A_SIRE"
"BS08887","BR62168","BA66417"
"BS08590","BH62522","BP11271"
"BS08606","BN34329","BN34330"
"BS08402","BN34731","BP11273"
"BS08294","BS08286","BP11016"
"BS08298","BS08286","BP11016"
"BR62192","BR62168","BA66417"
"BS08129","BS08010","BS08008"
"BR62436","BR62222","BR62224"
"BS08368","BP11276","BA04605"
"BR62433","BP11152","BN34066"
"BR62104","BR62127","BJ64313"
"BR62084","BJ14462","BH62560"
"BJ05740","BJ05730","BP78513"
"BP11438","BJ05648","BP11284"
"BP11189","BP11175","BP11155"
"BJ05500","BA44515","BC85493"
"BJ05438","BH62524","BN34064"
"BJ05456","BH62518","BJ54736"
"BN34189","BJ54789","BH62215"
"BJ54281","BH62954","BH18480"
"BH18337","BH18301","19701C121_SIRE"
"BJ54095","BH62596","BJ54088"
"BC76433","BH17807","19691W64_SIRE"
"BC76414","BH17805","19691W39_SIRE"
"BH62611","BH62453","BH62478"
"BH62267","BA44515","BC85493"
"BA44549","BA44746","BA44514"
"BC85991","BC85925","19681EX51B_SIRE"
"BC85411","BA44750","BA44753"
"BC85560","BC85062","BA66486"
"BA66540","BA72776","BA44767"
"BC13258","607468","BA47995"
"BC13707","BA44727","19651W100_SIRE"
"BC13104","BA12932","19651B33_SIRE"
"BA42689","BA02133","19631B16_SIRE"
"BA26883","K50734","19621EX13_SIRE"
"BA26771","BA12839","19621EX41A_SIRE"
"BA26633","608502","19621EX49A_SIRE"
"BA01505","19601B96_DAM","19601B96_SIRE"
"NN86118","C696253","C696254"
"VH84944","F937897","E587198"
"VJ58383","H301005","F491916"
"VN56250","H300517","F465936"
"VN56249","H300517","F465936"
"VN56147","19941MP21_DAM","F938368"
"VN56143","19941MP21_DAM","F938368"
"VN56144","19941MP21_DAM","F938368"
"VN85517","J745101","F491427"
"VN56294","H301336","H301337"
"VN85545","F952649","H301106"
"VN57703","H300521","H300548"
"VN57704","H300521","H300548"
"VN57707","H300521","H300548"
"VN86125","F938342","F938387"
"VN86135","F938405","19941MP34_SIRE"
"VN57761","H300515","H301340"
"VN85603","J745151","J745109"
"VN85668","J745107","J745106"
"VN57811","H300525","H300524"
"VN85713","F464578","H301130"
"VN85712","F464578","H301130"
"VN85711","F464578","H301130"
"VN86769","F937863","F937894"
"VN85781","H300558","E509091"
"VE33942","F873546","19941C40_SIRE"
"VN86270","19941MP86_DAM","19941MP86_SIRE"
"VN86271","19941MP86_DAM","19941MP86_SIRE"
"VN86840","H301201","H301350"
"VN86839","H301201","H301350"
"VN86958","H300540","H300545"
"VN86959","H300540","H300545"
"VN86363","19941P21_DAM","H303419"
"VP51245","H301383","H301377"
"VN56428","H300391","F952699"
"VN56396","H301734","H300512"
"VN56390","H301734","H300512"
"VN56392","H301734","H300512"
"VP32153","H301691","H301130"
"VP32156","H301691","H301130"
"VJ59607","F873557","F873551"
"VP51853","19951EX100_DAM","19951EX100_SIRE"
"VN87701","F938417","F938415"
"VP32247","J745184","J745108"
"VP32250","J745184","J745108"
"VN87740","F938399","H303310"
"VP32584","J745187","H301125"
"VJ59648","F873559","VB38309"
"VN87784","19951B8_DAM","F938400"
"VN87944","19951B58_DAM","19951B58_SIRE"
"VR27372","H301730","VB55770"
"VR27370","H301730","VB55770"
"VR26935","J745927","19961EX15_SIRE"
"VR26958","J745932","VN56359"
"VN87879","F938425","F938419"
"VN87878","F938425","F938419"
"VR27512","K578305","H301125"
"VP51377","J745934","J745933"
"VR90013","E018137","E018145"
"VR90116","F952900","19961EX41E_SIRE"
"VR90118","F952900","19961EX41E_SIRE"
"VR27623","K578316","K578317"
"VR27650","K578318","K578320"
"VR26433","F938427","F938432"
"VJ59774","19971C160A_DAM","19971C160A_SIRE"
"VJ59772","19971C160A_DAM","19971C160A_SIRE"
"VP32801","J745165","K604701"
"VR26003","F873572","BP51630"
"VP32767","K604507","19971MP64_SIRE"
"VR90687","J644083","19971W71_SIRE"
"VP32867","VN86437","F952898"
"VP32871","VN86437","F952898"
"VN87422","F873567","F873565"
"VP32790","K604506","K604501"
"VR90961","J644089","J745936"
"VX14021","19971EX3_DAM","E018145"
"VX14154","VN56346","J644092"
"VX14073","VR27722","19971EX35_SIRE"
"VX14192","E509237","19971EX43_SIRE"
"VX14195","E509237","19971EX43_SIRE"
"VR90826","H301808","H301806"
"VR26789","F938447","19971B69_SIRE"
"VH99475","K604511","K604510"
"VX14323","H301383","J746000"
"VX14319","H301383","J746000"
"VX14424","H301746","19971W3_SIRE"
"VN86575","F938335","19971B192_SIRE"
"VX12098","K604715","19971SW27_SIRE"
"VX12192","K604545","19981MP53_SIRE"
"VB55602","J644079","J644078"
"VN57998","J644079","J644078"
"VB55623","H301364","H301956"
"VB55620","H301364","H301956"
"VX12618","NO92467","K578505"
"VX12895","VN56376","K578518"
"VX13678","19981W59_DAM","19981W59_SIRE"
"VR91666","K578504","K578514"
"VR91661","K578504","K578514"
"VX12481","K604571","K604575"
"VR91710","F938621","F938632"
"VR91811","K578544","K578543"
"VS83402","J745056","J745054"
"VS83406","J745056","J745054"
"VS83505","K578135","H300512"
"VR91902","K578558","K578557"
"VR91900","K578558","K578557"
"VN87383","H300003","H300004"
"VN87395","H300005","H300001"
"VN87389","H300005","H300001"
"VN87394","H300005","H300001"
"VS83741","P282313","P282181"
"VS84555","K604570","K578013"
"VS84556","K604570","K578013"
"VS84557","K604570","K578013"
"VS83743","P282313","P282181"
"VS83744","P282313","P282181"
"VN85439","H300007","H300006"
"VN85438","H300007","H300006"
"VN85437","H300007","H300006"
"VS83758","J745055","K604661"
"VR91959","K578562","K604837"
"VS84724","K604549","20001MP77_SIRE"
"VS84727","K604549","20001MP77_SIRE"
"VR91970","K578570","K578569"
"VR91966","K578570","K578569"
"VR91981","K578536","K578503"
"VR91982","K578536","K578503"
"VN85461","H300010","H300009"
"VN85468","H300010","H300009"
"VS84314","K604663","K604662"
"VN85492","H300022","H300016"
"VS84356","K604665","K604666"
"VN85491","H300022","H300016"
"VS84358","K604665","K604666"
"VS84351","K604665","K604666"
"VS84608","F938622","20001B115_SIRE"
"VS84614","F938622","20001B115_SIRE"
"VS84629","F938624","20001B100_SIRE"
"VS84620","F938622","20001B115_SIRE"
"VS84619","F938622","20001B115_SIRE"
"VS84371","K604669","J745061"
"VS84372","K604669","J745061"
"VS84375","K604669","J745061"
"VF64076","K578550","K578548"
"VF64040","K578566","K578568"
"VF64042","K578566","K578568"
"VF64044","K578566","K578568"
"VF64046","K578571","K578567"
"VF64050","K578571","K578567"
"VF64053","K578571","K578567"
"VF63524","P107998","H300021"
"VF63526","P107998","H300021"
"VS84473","J745068","K578111"
"VS84472","J745068","K578111"
"VS84469","J745068","K578111"
"VS84844","20001MP27_DAM","20001MP27_SIRE"
"VS84834","K578018","20001MP16_SIRE"
"VF64494","K604611","K604635"
"VF64491","K604611","K604635"
"VS84876","20001MP12_DAM","20001MP12_SIRE"
"VF64489","K604611","K604635"
"VF64486","K604677","K604675"
"VF63547","H300019","H300020"
"VF64533","K604676","K604648"
"VF64534","K604676","K604648"
"VS84884","F938638","K578513"
"VS84887","F938638","K578513"
"VS84889","F938638","K578513"
"VS84890","K604566","20001MP57_SIRE"
"VS84892","K604566","20001MP57_SIRE"
"VF64549","J745065","20001W13_SIRE"
"VF64547","J745065","20001W13_SIRE"
"VF64545","J745065","20001W13_SIRE"
"VF64259","K604953","K604705"
"VF64256","K604953","K604705"
"VF63552","H300024","H300023"
"VF63553","H300024","H300023"
"VF63549","H300024","H300023"
"VF64655","K604682","20001W54_SIRE"
"VF64667","VX13438","K604612"
"VF64662","VX13438","K604612"
"VF64943","K578024","K578025"
"VF64676","K604696","K604697"
"VF64689","K604640","20001EX89_SIRE"
"VF63605","20011C7_DAM","20011C7_SIRE"
"VF64753","C695335","C695334"
"VF64749","C695335","C695334"
"VF64752","C695335","C695334"
"VS83016","K604567","20011MP73_SIRE"
"VT34158","N200034","N200031"
"VS83127","K578019","20011B205_SIRE"
"VT34803","K604665","K604695"
"VT34798","C695355","K604661"
"VS83126","K578019","20011B205_SIRE"
"VT34210","N200035","K578311"
"VT34881","20011W59_DAM","J644082"
"VS83264","VX13433","F938606"
"VS83259","K578049","K578047"
"VS83256","K578049","K578047"
"VT34294","N200038","N200043"
"VT33038","C695359","K578447"
"VF64361","K604640","20011EX91_SIRE"
"VF64381","K578108","C695392"
"VS83383","K578063","K578057"
"VT34520","N200080","K578568"
"VT34549","N200084","20011SW14_SIRE"
"VT34695","H300032","H300043"
"VT33822","N200084","N200104"
"TA16146","20021B79A_DAM","20021B79A_SIRE"
"TA16149","20021B79A_DAM","20021B79A_SIRE"
"VT33486","K604611","K604635"
"VT33915","K578570","K578569"
"VT33914","K578570","K578569"
"VT33855","N200029","VT34085"
"VT33853","N200029","VT34085"
"VT33850","N200029","VT34085"
"TA16185","K578612","20021MP76_SIRE"
"TA16183","K578612","20021MP76_SIRE"
"TA16181","K578612","20021MP76_SIRE"
"TA16184","K578612","20021MP76_SIRE"
"TA16201","K578027","P804776"
"VT33566","C695356","H301988"
"VT33585","K604682","N200590"
"VT33529","N200581","N200580"
"VT33530","J745081","20021EX41_SIRE"
"VT33533","J745081","20021EX41_SIRE"
"VT33967","N200041","N200037"
"TA15137","20021C23_DAM","20021C23_SIRE"
"TA15136","20021C23_DAM","20021C23_SIRE"
"TA15149","20021C21_DAM","20021C21_SIRE"
"TA15124","20021C27_DAM","20021C27_SIRE"
"TA15122","20021C27_DAM","20021C27_SIRE"
"TA15444","N200033","N200032"
"TA16347","K604550","20021MP18_SIRE"
"TA15195","F873549","H300041"
"TA15200","F873549","H300041"
"TA16439","K578063","K578057"
"TA16440","K578063","K578057"
"TA15539","N200112","N200071"
"TA15541","N200112","N200071"
"TA16749","VT34408","N200679"
"TA15224","H300052","H300053"
"TA16457","K578042","K578621"
"TA16808","N200672","C695373"
"TA16519","K578064","N200620"
"TA16901","P282310","N200600"
"TA16861","N200703","K578448"
"TA16864","N200703","K578448"
"TA16865","N200703","K578448"
"TA16896","P282310","N200600"
"TA15755","N200106","K578548"
"TA15245","20031C15_DAM","20031C15_SIRE"
"TA15246","20031C15_DAM","20031C15_SIRE"
"TA15241","20031C15_DAM","20031C15_SIRE"
"VF64811","N200806","N200803"
"VF64809","N200806","N200803"
"VF64874","K604674","C695366"
"VF63067","N200101","N200031"
"VF63063","N200101","N200031"
"VF63084","H839844","K578952"
"VF63102","N200106","P439111"
"VR91346","N200816","R040074"
"VR91379","P439113","20031EX47_SIRE"
"VS84968","N200712","C695391"
"TB21811","KS78042","K578621"
"TB21933","KS78064","N200620"
"TB21936","KS78064","N200620"
"VF63778","N200060","20041SW81_SIRE"
"VF63781","N200060","20041SW81_SIRE"
"VF63811","F952912","N199008"
"VF63805","H839846","20041O59_SIRE"
"VF63786","N200060","20041SW81_SIRE"
"TB26025","N199102","20041MP86_SIRE"
"TB26356","N200703","K578448"
"TB26377","T177502","T177504"
"VF63472","N200047","20041SW9_SIRE"
"VF63479","N200047","20041SW9_SIRE"
"TB26097","N199104","20041MP67_SIRE"
"TC58220","N200819","N200820"
"TB26552","P439209","P439208"
"TB26583","N200747","20041EX10A_SIRE"
"TC58306","N200680","R040159"
"TC58310","N200680","R040159"
"TC58046","P439004","T177508"
"TC58047","P439004","T177508"
"TC58041","P439004","T177508"
"TC58054","N199233","N199232"
"TC58049","N199233","N199232"
"TC58056","N199233","N199232"
"TB26166","N199109","20041MP70_SIRE"
"VF63867","N199010","20041SW28_SIRE"
"TC58469","P439072","N200591"
"VF63927","R040153","20041SW1_SIRE"
"VF63955","P439195","N199009"
"VF63930","R040153","20041SW1_SIRE"
"TC58162","R639015","N200620"
"TC58161","R639015","N200620"
"TC58158","R639015","N200620"
"TC58188","F952994","N200823"
"TC58189","F952994","N200823"
"TC58185","F952994","N200823"
"TC58184","F952994","N200823"
"TC58183","F952994","N200823"
"VH99600","P439168","20041B43_SIRE"
"TC58521","N200810","T177522"
"TC58559","N200711","T177524"
"VR98062","H300048","H300067"
"TC58574","N200702","T177529"
"TC58580","N200702","T177529"
"TC58577","N200702","T177529"
"VR98249","F952452","H300061"
"TE80216","T640301","T550149"
"TA15328","F952457","R040195"
"TE80258","T640305","T640306"
"TC58817","E985042","E985043"
"TC58812","E985042","E985043"
"VN57396","E985044","N200587"
"TE80505","P439004","E985048"
"TE80501","P439004","E985048"
"TE80531","N200806","H300611"
"TE80535","N200806","H300611"
"TE80533","N200806","H300611"
"TE80534","N200806","H300611"
"TA15355","F952464","F952463"
"TE80613","E985051","E985050"
"TE80611","E985051","E985050"
"TE80538","E985066","E985067"
"TE80088","T550164","T550166"
"TE80069","R040153","20051SW1_SIRE"
"TE80067","R040153","20051SW1_SIRE"
"TC58868","P439161","N199298"
"TE80109","T177506","E985052"
"TE80635","E985077","R999452"
"TE80110","T177506","E985052"
"TE80637","E985077","R999452"
"TE80167","N200773","N200532"
"TE80717","E985070","R999425"
"TE80356","N199016","T640312"
"TE79646","T550054","T550043"
"TE80450","E985089","P439151"
"TE80456","E985089","P439151"
"TA15939","E985097","T176481"
"TE79870","N200819","E985085"
"TE79871","N200819","E985085"
"TE79569","T640004","T640003"
"TC59098","E985094","E985093"
"TE79381","P812097","T550029"
"TA15992","N200905","N200906"
"TE79387","20051B222_DAM","A225413"
"TC59491","E985079","T177501"
"TK25601","T550189","20061MP55_SIRE"
"TK25603","T550189","20061MP55_SIRE"
"TC59320","T640328","T640329"
"TC59312","N199453","T640333"
"TK27406","E985088","E985085"
"TK27405","E985088","E985085"
"TK27410","E985088","E985085"
"TB26845","E985044","N200587"
"TK25806","E985075","R040056"
"TK25805","E985075","R040056"
"TB26841","E985044","N200587"
"TB26839","E985044","N200587"
"TC59613","T640107","R639101"
"TC59608","T640107","R639101"
"TC59612","T640107","R639101"
"TC59370","N199430","T640326"
"TC59363","N199430","T640326"
"TB27200","F952472","F952471"
"TK27031","N199324","TC58715"
"TK27426","N200773","H300605"
"TK27423","N200773","H300605"
"TK27429","N200773","H300605"
"TC59633","R639107","T177529"
"TC59645","T177502","R639112"
"TC59635","R639107","T177529"
"TC59637","T177502","R639112"
"TC59631","R639107","T177529"
"TK25658","N199329","T640209"
"TK25698","N199105","20061MP49_SIRE"
"TK25701","N199105","20061MP49_SIRE"
"TK27628","T640101","T640216"
"TK26049","T177509","20061EX63_SIRE"
"TK27125","T640011","T176710"
"TK27124","T640011","T176710"
"TK27122","T640011","T176710"
"TK26041","N201000","H301196"
"TC59676","20061EX35_DAM","20061EX35_SIRE"
"TK25707","N199381","N199382"
"TK25709","N199381","N199382"
"TK27665","P439156","R040085"
"TK27679","N199319","T640340"
"TK27681","N199319","T640340"
"TK26136","N200935","N200991"
"TK27475","F952462","N199402"
"TK26120","H300665","N200989"
"TK27143","T176429","A225413"
"TK27141","T176429","A225413"
"TK26141","N200935","N200991"
"TC59734","N199390","20061W83_SIRE"
"TC59723","R639111","20061W77_SIRE"
"TC59725","R639111","20061W77_SIRE"
"TC59718","R639111","20061W77_SIRE"
"TC59749","H300635","T177596"
"TC59751","H300635","T177596"
"TK26251","P439004","E985048"
"TK26250","P439004","E985048"
"TK26257","T176730","R999438"
"TK25538","N199438","N199439"
"TK26210","N199518","N200906"
"TC59802","N199048","T640349"
"TC59808","N199048","T640349"
"TK25769","T550041","T550196"
"TK26376","N199070","E985095"
"TK26519","E985073","E985098"
"TC59939","T642829","TC58859"
"TK27724","T640353","T640354"
"TK26581","T550135","J644828"
"TK26609","J644829","TB26392"
"TK26608","J644829","TB26392"
"TJ26523","P439282","A225439"
"TK26924","T177683","R639127"
"TK26923","T177683","R639127"
"TK26637","N199640","N199636"
"TK27867","T176855","TK207532"
"TJ27562","J644997","T642474"
"TK27855","TC58755","N199635"
"TK27856","TC58755","N199635"
"TJ27526","TC52694","N200827"
"TJ27582","J644807","T177651"
"TJ27586","J644807","T177651"
"TB27284","F952478","F952476"
"TK27225","N199333","K578047"
"TB27296","F952477","T177711"
"TB27291","F952477","T177711"
"TB27289","F952478","F952476"
"TB27439","N199418","T177716"
"TJ27677","N200806","T177579"
"TJ27682","N200806","T177579"
"TJ26665","R639441","R639500"
"TK27252","T640067","T640069"
"TK27253","T640067","T640069"
"TJ27780","H300660","H300618"
"TJ27463","T177744","T177633"
"TJ27740","V260947","N199535"
"TC25899","N199647","N200991"
"TK26867","N199048","T640349"
"TJ27940","TB26874","J644886"
"TJ27901","TB28383","N200907"
"TJ27904","TB28383","N200907"
"TJ27899","TB28383","N200907"
"TJ24171","20071O114_DAM","20071O114_SIRE"
"TC58975","N199652","20071CP28_SIRE"
"TL37593","T640816","T640805"
"TL39013","E018350","E018349"
"TJ26128","R639442","R639449"
"TL39008","E018350","E018349"
"TL37531","F952478","F952476"
"TL37528","F952478","F952476"
"TL37524","T640811","T640814"
"TL37522","T640811","T640814"
"TL39041","E018352","T550181"
"TL37408","N199109","T176956"
"TL39047","20081O75_DAM","R639126"
"TL39052","20081O75_DAM","R639126"
"TL39061","E018353","E018354"
"TL39121","T640357","20081O15_SIRE"
"TJ26089","T640067","K578069"
"TJ24564","R639239","J644920"
"TL37482","T176941","T640377"
"TL39089","E018356","T640705"
"TL39206","E985081","F459758"
"TL37063","F952459","T640380"
"TJ25269","K578749","N199392"
"TL37072","T640382","T176946"
"TL36368","N199907","20081EX9_SIRE"
"TL39552","E018358","20081SW5_SIRE"
"TL36408","J644927","K578724"
"TL36407","J644927","K578724"
"TL37151","T177744","T640820"
"TL38179","T640584","N199645"
"TL39605","F459763","F459764"
"TL36477","T177666","R639133"
"TL38247","E985086","T177634"
"TP41732","K578738","T640756"
"TP41729","K578738","T640756"
"TP25504","T640807","20091C10_SIRE"
"TP25501","T640807","20091C10_SIRE"
"TP25523","T176948","T640380"
"TP41816","X237902","X237903"
"TP25552","T640804","X235145"
"TP41818","X237902","X237903"
"TP41819","X237902","X237903"
"TL37749","X235601","T640787"
"TL37748","X235601","T640787"
"TP25647","T640707","X239803"
"TP25642","T640707","X239803"
"TP41854","T176959","R639309"
"TP41846","T176959","R639309"
"TP41864","X237904","T640752"
"TL37753","X235619","T640066"
"TL37756","X235619","T640066"
"TL38822","J644939","J644922"
"TP25026","X239576","X239902"
"TP25040","X239901","E018361"
"TP41505","T640746","F459777"
"TP25475","T640642","K578719"
"TP25704","T640382","20091C62_SIRE"
"TP25703","T640382","20091C62_SIRE"
"TP25700","T640382","20091C62_SIRE"
"TL37630","R639486","T640012"
"TL37628","R639486","T640012"
"TL37646","T640779","N199398"
"TP25494","J644946","J644947"
"TP28721","N199991","20091EX62B_SIRE"
"TP28712","K578709","N199978"
"TL37690","T640767","T640761"
"TP25097","E018375","X239908"
"TJ24778","J644956","J644955"
"TJ24809","J644954","T640385"
"TJ24810","J644954","T640385"
"TL37825","T640737","T176957"
"TP41649","T640769","K578761"
"TP41653","T640769","K578761"
"TP25108","T640372","X240000"
"TP25156","N199705","T176985"
"TP25806","X239812","20091SW111_SIRE"
"TP25153","N199705","T176985"
"TJ24864","J644958","J644959"
"TJ24861","J644958","J644959"
"TJ24873","X235195","N200903"
"TJ24877","X235195","N200903"
"TJ24874","X235195","N200903"
"TJ24871","X235195","N200903"
"TP41695","N199664","F459758"
"TP41702","N199664","F459758"
"TP28841","N199954","X239724"
"TP28846","N199954","X239724"
"TP28851","X239722","20091CP32_SIRE"
"TP25863","R639267","T177667"
"TP25860","R639267","T177667"
"TP42106","X235587","X237987"
"TR42550","K578717","J644937"
"TR40051","X239905","20101SW102_SIRE"
"TR40055","X239905","20101SW102_SIRE"
"TP42094","E509380","T640690"
"TR40750","N199991","X661866"
"TR42058","T640672","T640655"
"TR42059","T640672","T640655"
"TR40108","X239956","X237974"
"TP28114","X235639","X235638"
"TR43554","E509400","N199641"
"TR40183","K578748","X239961"
"TR40179","K578748","X239961"
"TR42199","F464559","20101W27_SIRE"
"TP28496","X235564","X235526"
"TP28493","X235564","X235526"
"TR42235","X237931","N200903"
"TR42233","X237931","N200903"
"TP28204","X235631","L315208"
"TR42294","H303399","X239738"
"TR43611","P439598","L315812"
"TL39462","X235507","X235596"
"TL39461","X235507","X235596"
"TL39459","X235598","X235597"
"TL39458","X235598","X235597"
"TR43666","X239720","N199998"
"TR43664","X239720","N199998"
"TR43661","X235541","20101EX50_SIRE"
"TR43640","20101CP12_DAM","X237967"
"TR43643","20101CP12_DAM","X237967"
"TP28090","T640382","L315211"
"TR40363","J644960","20101SW73_SIRE"
"TP28256","L315233","L315232"
"TP28262","L315233","L315232"
"TP28268","20101B81_DAM","L315437"
"TS44940","X237904","T640752"
"TS45709","X239732","X239998"
"TS45212","L809615","L808677"
"TS45217","L809615","L808677"
"TR43102","L315217","L315204"
"TS43561","L171472","20111EX11_SIRE"
"TS45597","X239969","L312150"
"TR43131","L315404","L808592"
"TS46212","E509399","T640675"
"TS46215","E509399","T640675"
"TR42474","Y034204","L808082"
"TR42472","Y034204","L808082"
"TS43594","20111EX25_DAM","X237965"
"TS43593","20111EX25_DAM","X237965"
"TR44532","X239812","20111SW108_SIRE"
"TS46455","Y034735","Y034724"
"TS43330","X235598","X235505"
"TS45022","20111SM1_DAM","20111SM1_SIRE"
"TL36205","Y160426","L312865"
"TS47518","Y035838","Y161048"
"TP42336","Y034218","Y034217"
"TP27817","L315887","R639318"
"TP27824","L315887","R639318"
"TP27821","L315887","R639318"
"TL36277","X235008","X237965"
"TL39911","X239999","X239998"
"TR43442","L808500","L315437"
"TP42944","L809341","X805165"
"TP27842","L315878","L315824"
"TS44206","X239974","20121MP34_SIRE"
"TP42722","20131C12_DAM","Y837602"
"TR43485","Y163533","20131SW127_SIRE"
"TR43484","Y163533","20131SW127_SIRE"
"TP42743","Y035971","L311268"
"TX42516","Y838309","20131SW101A_SIRE"
"TP42754","Y160492","Y035981"
"TX42718","20131O25_DAM","Y161987"
"TP42771","R639378","Y838101"
"TP42772","R639378","Y838101"
"TX42522","20131EX73_DAM","Y160581"
"TR44095","Y031694","L808853"
"TX42538","20131O104_DAM","20131O104_SIRE"
"TP27407","Y838509","X235022"
"TP27416","Y161489","Y162402"
"TP27415","Y161489","Y162402"
"TS47486","20131CP2_DAM","X805656"
"TS43261","Y160630","Y160631"
"TR44220","L809426","E509388"
"TS43259","Y160630","Y160631"
"TS43260","Y160630","Y160631"
"TS47141","Y838964","Y837333"
"TS47205","H300253","X805499"
"TS47145","D471130","20131W98_SIRE"
"TS43234","L808500","L315437"
"TX42760","L808757","X239736"
"TP27429","L315001","L808882"
"TP27445","Y164653","Y838339"
"TS45695","L809646","Y033185"
"TP27459","L808862","X239966"
"TL39730","Y164792","20131P19_SIRE"
"TS47266","Y161399","Y163957"
"VS84062","VZ31162","20191B141_SIRE"
"TE80832","VS84278","20191B179_SIRE"
"VZ30984","VZ32609","TX42360"
"VS84191","20191B60_DAM","20191B60_SIRE"
"TE80930","VZ30784","VZ30787"
"VZ33149","VZ32747","20191C10_SIRE"
"VS84123","VZ33783","VZ33785"
"VS84206","VH21988","VS84201"
"VS84265","VS84212","VS84211"
"TS47968","20191MP92_DAM","VZ30905"
"VZ31314","VB55879","VR91196"
"VZ31181","VS84116","20191P7_SIRE"
"TW41549","TL38966","TL38698"
"VZ31676","20191W41_DAM","20191W41_SIRE"
"VZ29181","VF63376","VF63383"
"TE80782","TL39672","20181C28_SIRE"
"VZ30298","TP28400","20181CP17_SIRE"
"VZ30211","TS44674","20181CP34_SIRE"
"VZ30206","VN85361","VN85357"
"VS83950","VS83939","20181EX13A_SIRE"
"VZ29564","VZ29522","20181EX17_SIRE"
"VZ30485","TX42260","20181EX32_SIRE"
"VZ30486","TX42260","20181EX32_SIRE"
"VZ29552","20181EX41_DAM","VZ29483"
"TV44289","TS47630","TS47629"
"TV44297","TS47630","TS47629"
"TX42970","TV44481","Z032661"
"TX42971","TV44481","Z032661"
"TX42975","TV44481","Z032661"
"VZ32575","VN56879","VH21986"
"VZ32577","VN56879","VH21986"
"VZ32536","TP28377","D472483"
"VZ33739","VZ32589","VF63374"
"VZ32564","VZ32525","VZ32526"
"VZ32566","VZ32525","VZ32526"
"VZ32597","D473301","20181MP73_SIRE"
"VZ32583","VZ32524","VH21985"
"VZ32585","VZ32524","VH21985"
"VZ33512","VH21992","VH21989"
"TR43207","TR44777","TV44578"
"TV44590","TV44478","TV44574"
"TV44593","TV44478","TV44574"
"TR43259","20181O63_DAM","20181O63_SIRE"
"TR43250","TV44577","TV44575"
"TX42926","20181O96_DAM","VJ57890"
"TJ26895","TJ26866","20181SW121_SIRE"
"VZ30291","20181W2_DAM","20181W2_SIRE"
"TS44697","D473261","D473269"
"VZ30248","VZ29259","20181W25_SIRE"
"VZ30283","20181W44_DAM","20181W44_SIRE"
"VZ30873","TS45889","20181W66_SIRE"
"VZ30878","TS45889","20181W66_SIRE"
"VZ30433","20181W71_DAM","Z032161"
"VZ30682","20171C137_DAM","20171C137_SIRE"
"VZ29707","D472301","VZ29701"
"VZ30007","VZ29260","Z626569"
"VZ29357","VZ29313","VZ29312"
"VB55864","VB55848","VB55847"
"TV44506","20171O106_DAM","20171O106_SIRE"
"TV44507","20171O106_DAM","20171O106_SIRE"
"TV44376","TP42688","Y839237"
"TV44468","TV44397","20171O30_SIRE"
"VZ30621","20171O75_DAM","20171O75_SIRE"
"TV44460","TV44454","20171O78A_SIRE"
"VZ30659","TS47672","TS47671"
"VZ30663","TS47672","TS47671"
"TV44267","20171SW22_DAM","20171SW22_SIRE"
"TS47653","TS45974","TS47634"
"VZ29103","D472301","D472302"
"VZ29104","D472301","D472302"
"VZ29105","D472301","D472302"
"VZ29148","20161C163_DAM","VZ29084"
"VZ29007","D472326","Y838101"
"TX42458","Y839893","TX42802"
"TS45987","Z032571","Z032303"
"TX42026","TX42005","TR44774"
"TS46630","TX42498","TX42499"
"TX42272","Z031437","Z032161"
"TX42273","Z031437","Z032161"
"TP27465","20151SM_DAM","20151SM_SIRE"
"TS43428","Z032453","Z630314"
"TP27246","Z030806","Y837333"
"TP27247","Z030806","Y837333"
"TR43058","Z030686","Z030604"
"TX42860","Z032412","Z030555"
"TX42863","Z032412","Z030555"
"TX42844","Y163380","20151EX43C_SIRE"
"TP27307","H300131","Z032602"
"TR44612","Z100139","Y162795"
"TR44613","Z100139","Y162795"
"TV44170","L809646","Y160634"
"TR44601","H300101","H300102"
"TV44949","Z627790","Y162998"
"TX42146","D472308","D472310"
"TX42148","D472308","D472310"
"TV44257","Z630001","20151W10_SIRE"
"TR44486","Z032625","Z630177"
"TP27238","D471277","Y163128"
"TR43187","D472947","D472942"
"TS47741","L314214","X235635"
"TS44497","L315207","L809621"
"TP42510","L809323","Y837602"
"TS47615","TJ24698","TJ24699"
"TP27905","Z031001","Z031583"
"TP27907","Z031001","Z031583"
"TL37353","Y839895","D472743"
"TS45148","H300131","20141EX62_SIRE"
"TP27699","R639345","L315623"
"TS46854","H300165","Y162795"
"TP42823","Y146213","TP28491"
"TK27331","L809646","Y160634"
"TK27335","L809646","Y160634"
"TR43185","Z031418","Y839253"
"TJ24655","L809426","E509388"
"TS47627","TJ24700","TX42642"
"TJ24630","D471254","KR81621"
"TS46889","H300187","20141SW26_SIRE"
"TE03611","Y839101","Y033855"
"TE03615","Y839101","Y033855"
"TE03616","Y839101","Y033855"
"TY70988","TY68258","TW77194"
"PF71393","TY68506","20211C1_SIRE"
"PF71395","PF71375","TW77191"
"PF72158","TY69501","VZ33694"
"PF72115","TS70792","VZ33544"
"PF72140","VZ32698","PF72109"
"TY68410","TY70095","TY68256"
"TY68394","VZ33865","VZ33869"
"TY68319","VS84264","VZ33859"
"TY68356","VZ30598","VZ30902"
"TY68831","TW41819","TY68048"
"TY68797","TR43364","TY68740"
"TY69259","TY69218","TY69217"
"PF71916","PF71902","TY70292"
"PF72051","PF71399","TY69411"
"TY69797","TY69727","TY69726"
"PF72817","20221EX12A_DAM","PF72747"
"PF72821","20221EX12A_DAM","PF72747"
"TY70346","20221EX86_DAM","TY69096"
"TY70348","20221EX86_DAM","TY69096"
"PF72722","20221O11_DAM","PF72701"
"TW77203","TY69469","20221O38B_SIRE"
"PF71053","TY68253","20221SW72_SIRE"
"TY69687","TW41819","VZ31746"
"PF71438","PF71420","PF71419"
"PF71440","PF71420","PF71419"
"TR43388","TR43335","20221W99A_SIRE"
"PF71893","VZ33484","VZ31776"
"TY69171","VZ33698","TY68248"
"TY69868","TY69218","TY69814"
"TY69869","TY69218","TY69814"
"PT90435","PF72058","PF72057"
"PF72678","VZ33432","20231EX12A_SIRE"
"TY70474","TY69382","20231EX3_SIRE"
"TY70897","TY69476","20231EX63_SIRE"
"PT99102","TY69476","20231EX63_SIRE"
"PT99152","TW41773","20231EX76_SIRE"
"TY70637","VZ33424","VZ33438"
"TY70380","TY69444","VZ33464"
"PT90127","VZ33418","20231O32_SIRE"
"PT90138","PT90112","PT90109"
"PT90154","PT90110","PT90111"
"PT99121","VR27951","VR27932"
"PL91413","VZ33685","PF72048"
"PF72374","TW41767","20231SW47_SIRE"
"PL91168","VR27938","PL91205"
"TY69960","TY70242","VZ31866"
"TY69940","PF71444","PF71436"
"TY70233","TE80990","TS47968"
"TY70199","TY70131","VZ32583"
"TY69523","VZ31314","TW41850"
"TY70082","TY70025","VZ30984"
"VR90097","TP27465","TS43477"
"VN57165","VJ57218","H301130"
"VN57166","VJ57218","H301130"
"VN57100","VH82568","F491427"
"VJ58955","F952874","VH82583"
"VJ58957","F952874","VH82583"
"VN57047","H303474","VJ57130"
"VN57048","H303474","VJ57130"
"VN57051","H303474","VJ57130"
"VN57029","VH82598","19931O113_SIRE"
"VN57032","VH82598","19931O113_SIRE"
"VJ58813","VH82355","H300545"
"VJ58819","VH82355","H300545"
"VJ58823","H300546","VH82127"
"VJ59445","NN30674","F938379"
"VJ59879","VJ57593","H303493"
"VN57509","NN30801","E509099"
"VN57516","NN30801","E509099"
"VN57529","VH82473","H300538"
"VH99181","VH83940","F873528"
"VJ58611","VH82291","F952899"
"VJ58617","VH82291","F952899"
"VJ58626","E066379","VE27619"
"VJ59321","F952719","VH83900"
"VJ59323","F952719","VH83900"
"VJ59220","VE26029","F491308"
"VJ59222","VE26029","F491308"
"VJ59119","VH99315","H300976"
"VJ59125","VH99315","H300976"
"VH99345","VH83213","F938337"
"VH82418","E066379","VE27619"
"VH82753","VH84944","H303454"
"VH82755","VH84944","H303454"
"VH82756","VH84944","H303454"
"VH82727","VH21181","VH21563"
"VH82221","VH64370","F464343"
"VH82223","VH64370","F464343"
"VH82228","VH64370","F464343"
"VH83996","VE26029","F491308"
"NN30739","F952577","VC47367"
"VH82544","F464531","VJ57863"
"VH82548","F464531","VJ57863"
"VH83465","VH83210","E368879"
"VH83467","VH83210","E368879"
"VH83814","F938316","NN88767"
"VH83820","F938316","NN88767"
"VH83822","F938316","NN88767"
"VH83841","F938301","VE32858"
"VH83842","F938301","VE32858"
"VH84638","VE32861","E906949"
"VH84639","VE32861","E906949"
"VH84643","VE32861","E906949"
"VH12450","F491735","VE27041"
"VE33730","VB55155","E984602"
"VE33732","VB55155","E984602"
"VE27141","NN87817","E956074"
"VB55569","NN87990","C716776"
"VB55574","NN87990","C716776"
"NN34884","E525897","NE96074"
"VB55415","19871O27A_DAM","NN35853"
"VB55271","C695251","NN86098"
"VB55277","C695251","NN86098"
"NN86550","E067010","NN86124"
"NN86745","E067010","NN86124"
"NN86750","E067010","NN86124"
"VB55215","NN87986","NN87414"
"VB55220","NN87986","NN87414"
"VB55262","NN87754","C375786"
"NN88879","NN87817","E066323"
"NN88885","NN87817","E066323"
"VC47332","19871C34_DAM","NN35642"
"NN88514","NN86247","NE94200"
"NN88841","NN34804","C375774"
"VC47414","C695209","NE96075"
"NN88771","NN34639","C375771"
"VC47406","C375769","NN34616"
"NN35891","NN87754","B069074"
"NN35843","C695251","NN86098"
"NN35850","C695254","NE94531"
"NN86678","E067010","NN86124"
"NN86681","E067010","NN86124"
"NN34815","C695209","NN34792"
"NN35755","NN86277","C695242"
"NN35709","C375651","NN86324"
"NN35716","C375651","NN86324"
"NN35651","C695616","NN87760"
"NN35662","NN86702","C695245"
"NN87972","C375675","NN86389"
"NN87949","C375806","NN86041"
"NE96051","NN86511","B067948"
"NE96060","NN88274","C695240"
"NN34650","NN86511","B067948"
"VB54018","NE93578","NN87166"
"NN87390","NC10787","E067801"
"NN87391","NC10787","E067801"
"NN86339","NN28452","NE93643"
"NN88118","B068250","NN34946"
"NN88364","C716487","NN30373"
"NN88367","C716487","NN30373"
"NN88199","B068653","NE93831"
"NN88256","B068653","NE93831"
"NN34964","B068565","NE94266"
"NN87211","B069199","NN35203"
"NN87126","NE93106","B069050"
"NN87128","NE93106","B069050"
"NN34926","NN34050","NE94200"
"NN34927","NN34050","NE94200"
"NE96713","NE96017","NE94758"
"NK59196","NE96634","NE95964"
"NN34060","NE93654","NE93831"
"NN34061","NE93654","NE93831"
"NK59614","NC51909","NE95846"
"NE93923","NE93483","A003755"
"NE94458","NE95601","NE95186"
"NE95665","NC11691","NE93599"
"NE95671","NC11691","NE93599"
"NE96300","KR83094","NC09169"
"NE95414","NC11068","KR84567"
"NE95417","NC11068","KR84567"
"NE95388","19811O71_DAM","BJ05960"
"NE93288","NC10220","KR84554"
"NC10637","NE93127","19811CP9_SIRE"
"NC10661","NE92022","19811O79_SIRE"
"NE94611","A003802","NE92531"
"NC10620","NE92304","19811CP21_SIRE"
"NC11231","NC10991","NC09495"
"NC11124","NC10237","KR84459"
"NE92423","NC10990","A003758"
"NE92878","NC09569","NC10849"
"NE92252","NC51909","A003753"
"NE92254","NC51909","A003753"
"BR62492","BS44424","KX35287"
"NC09844","BS44423","KR81480"
"NC11708","19791C62_DAM","NA21183"
"NC11758","KR81470","BS08129"
"NC10313","KC96234","NA21485"
"NC10314","KC96234","NA21485"
"NC10104","NA21672","KJ73108"
"NC09273","NA22822","KC96206"
"BJ05873","KJ73117","BJ04643"
"NC09058","BS08441","NA22120"
"NC09521","BN34328","BS08887"
"NC09523","BN34328","BS08887"
"NC09524","BN34328","BS08887"
"NC09526","BN34328","BS08887"
"NA22643","KC96217","BS44387"
"NA22563","BS44371","BP11843"
"NA21355","KC96554","NA21092"
"BR62882","BS44389","BR62940"
"NA21444","BS44498","BJ04639"
"NA21243","BS44548","BS08606"
"NA21195","NA21246","BR62084"
"NA22067","BJ05740","BR62850"
"NA22056","BR62750","BS44137"
"BS44557","BR62192","19761EX6_SIRE"
"NA21035","BJ05456","BJ54679"
"NA21097","BS08590","BP52488"
"BJ04733","19761CP35_DAM","BS08294"
"BP11986","BS44272","19761EX52_SIRE"
"BS44243","BS08441","BS08402"
"BS44071","BS08515","BS08298"
"BR62122","BP11189","BJ05532"
"BP52317","BJ54869","BH18337"
"BJ05545","BC85560","BJ54648"
"BJ05655","BN34189","BJ05550"
"BJ14357","BJ54095","BJ91038"
"BH62984","BH62594","BC85991"
"BH62720","BA44517","BA42689"
"BH18116","BC13707","19691EX43C_SIRE"
"BH62755","BH62451","BA44549"
"BC85074","BA47577","BA26771"
"BA64584","BA26883","19641EX9_SIRE"
"BA25473","BA26633","19631EX61_SIRE"
"BA26584","BA01505","19621MP30_SIRE"
"VN56259","H300514","VH82127"
"VJ58393","H301034","NN30695"
"VN56190","VJ59139","F938398"
"VN86030","F938391","VJ57749"
"VN86027","F938391","VJ57749"
"VN85565","VJ57859","19941SW10_SIRE"
"VN85570","VJ57859","19941SW10_SIRE"
"VN57754","E956216","VJ58907"
"VN57753","E956216","VJ58907"
"VN86740","VN56607","H301345"
"VN85747","VN56012","19941O6_SIRE"
"VN57311","VH99794","19941XS1A_SIRE"
"VN85920","VJ59812","J745159"
"VP51055","H301363","VH99876"
"VP51457","VH99791","H301729"
"VP51456","VH99791","H301729"
"VP51414","H301347","VH83894"
"VP51534","H301364","VH99876"
"VP51535","H301364","VH99876"
"VP51531","H301364","VH99876"
"VP51529","H301364","VH99876"
"VP51557","H301735","VN57811"
"VP51676","VH99789","H301736"
"VP32113","VN85603","J745163"
"VP32116","VN85603","J745163"
"VP32117","VN85603","J745163"
"VP32090","VH82598","E509091"
"VP51720","H301743","VN57761"
"VP51817","F952689","VN56250"
"VP32133","VJ59812","J745159"
"VN87683","VN57545","VN26275"
"VP32325","VN85713","C211718"
"VR27211","VN56390","J745920"
"VR27298","H300511","VH99746"
"VR27300","H300511","VH99746"
"VR27304","H300511","VH99746"
"VR27297","H300511","VH99746"
"VR27332","H301364","VH99876"
"VR26967","H301792","VP51853"
"VR26970","H301792","VP51853"
"VR26963","H301792","VP51853"
"VR27527","K578306","VN86839"
"VR90069","F873559","VP32584"
"VR90325","VP32156","J745951"
"VR26516","VN86125","F938349"
"VP32819","VN86769","C211718"
"VR26581","VN87878","F938439"
"VN87417","VR27512","F873574"
"VP32940","K604712","VN85517"
"VR26630","F938448","VR90116"
"VR90955","J745948","VR27372"
"VR90958","J745948","VR27372"
"VH99423","K604503","VN86270"
"VR26114","F873581","VR90013"
"VR26119","F873581","VR90013"
"VX14258","VH82844","J644094"
"VP32493","K604709","VJ59814"
"VX14254","VH82844","J644094"
"VX14259","VH82844","J644094"
"VR26168","F873583","VJ59648"
"VR26170","F873583","VJ59648"
"VN86656","VX14154","19981B162_SIRE"
"VN86652","VX14154","19981B162_SIRE"
"VX12512","J745176","VN85517"
"VX12304","K604511","VP32767"
"VB55667","J644089","VP51377"
"VX13102","J644093","VJ57846"
"VX13105","J644093","VJ57846"
"VX13103","J644093","VJ57846"
"VX13064","K578108","VN57761"
"VX12332","K604543","VR26433"
"VX13228","K578123","VX14195"
"VR26206","VN56303","VN85712"
"VX12372","VJ59774","K604548"
"VR91631","F938447","VR90116"
"VR91410","VP32801","19991O28_SIRE"
"VX12453","F938624","VN57998"
"VR91679","VX14154","19991B64_SIRE"
"VN87315","F873597","VN85712"
"VR91458","VX14021","K578541"
"VS83447","K578108","VN57761"
"VR91923","K578200","VX12895"
"VN87396","F873597","VN85712"
"VN87397","F873597","VN85712"
"VN87398","F873597","VN85712"
"VN87399","F873597","VN85712"
"VS84395","K604671","VB55602"
"VS84403","J745081","VX12895"
"VS84406","J745081","VX12895"
"VS84408","J745081","VX12895"
"VS84648","VP32790","F938642"
"VS84642","VP32790","F938642"
"VS84465","VR91900","K604670"
"VF64289","VX12481","K578595"
"VS83011","K578030","VS84608"
"VS83014","K578030","VS84608"
"VF64760","VS79003","VF64547"
"VF63666","H300031","VN85492"
"VS83115","VP32790","F938642"
"VT34174","VF64689","KS78162"
"VT34629","H300040","VN85438"
"VT34631","H300040","VN85438"
"VT34632","H300040","VN85438"
"VT34622","H300015","VF63552"
"VT33180","VS84473","C695388"
"VT34536","VS84724","N200078"
"VS83831","VS84727","K578004"
"VT34682","C695326","VF63605"
"VT34683","C695326","VF63605"
"VT33336","N200561","VT34294"
"TA16059","VJ59774","20021MP93_SIRE"
"TA16031","VS84556","20021MP34_SIRE"
"TA16067","K578030","VS84608"
"TA16164","F938624","VS84629"
"TA16159","VR91666","20021B7_SIRE"
"VT33480","N200582","VS84351"
"TA15099","H300031","VN85492"
"TA16238","N200370","VR91661"
"TA16240","N200370","VR91661"
"TA16239","N200370","VR91661"
"VT33691","VT33038","N200591"
"VT33693","VT33038","N200591"
"VT33662","K604663","VF64533"
"VT33689","VT33038","N200591"
"TA15140","H300015","VF63552"
"VT33776","20021W78_DAM","VF64545"
"TA16793","C695386","VS83758"
"TA16787","C695386","VS83758"
"TA16786","C695386","VS83758"
"TA16487","K578620","VF64259"
"TA16488","K578620","VF64259"
"TA16467","K578619","VS83383"
"TA16484","K578620","VF64259"
"TA16514","K578058","VX12192"
"TA15607","N200115","VR91982"
"TA16565","VS84614","K578625"
"TA16592","VS83126","K578626"
"TA16589","VS83126","K578626"
"TA16975","N200711","VF64381"
"TA15730","N200044","VF63547"
"TA15731","N200044","VF63547"
"TA15724","N200044","VF63547"
"VR27878","VF64662","C695361"
"VR27879","VF64662","C695361"
"TA15264","H300031","VN85492"
"VN57420","H300015","VF63552"
"VF63172","VT33914","KS78957"
"VF63141","VS84724","20031P18_SIRE"
"TB26045","TA16184","R639008"
"TB26037","TA16184","R639008"
"TB26611","VF64752","20041EX51C_SIRE"
"TB26609","VF64752","20041EX51C_SIRE"
"TB26607","VF64752","20041EX51C_SIRE"
"TB26696","20041EX39_DAM","VR91346"
"TB26693","20041EX39_DAM","VR91346"
"TB26694","20041EX39_DAM","VR91346"
"TB26699","20041EX39_DAM","VR91346"
"TB26510","R639007","VT34520"
"VR98143","TA15245","H300064"
"TC58229","N200821","VT33486"
"TC58235","N200821","VT33486"
"TB26591","TA15200","N200827"
"VF63745","N200846","VT34695"
"VF63747","N200846","VT34695"
"VF63748","N200846","VT34695"
"VF63740","N200846","VT34695"
"VR98196","P439028","VT33967"
"VR98200","P439028","VT33967"
"VF63835","TA15246","N200844"
"TC58420","T177521","VS84968"
"TC58142","TA16861","N200749"
"TC58140","TA16861","N200749"
"TC58137","TA16861","N200749"
"VR98040","20041C130_DAM","TA15137"
"VF63946","VF64809","20041O36_SIRE"
"TE79017","VS84727","N199101"
"TE79013","VS84727","N199101"
"TE79023","T550082","TB26166"
"VR98288","F952461","TA15124"
"VR98292","F952461","TA15124"
"TC58827","P439042","VF64655"
"TC58826","P439042","VF64655"
"TE79601","VH99600","A225354"
"TE80347","K578961","VF63063"
"TE80144","T640315","TC58185"
"TE80345","K578961","VF63063"
"TE80428","T177509","TC58041"
"TC59041","T550178","VF63930"
"TC59093","T177521","VS84968"
"TC59842","N199389","VF64874"
"TB26734","VH99600","A225354"
"TB26731","VH99600","A225354"
"TC59485","N200996","TE80535"
"TK25845","T176729","TE80450"
"TK27403","N199433","VF63479"
"TK27402","N199433","VF63479"
"TE79151","VF63781","N199302"
"TC59198","N199433","VF63479"
"TK25848","T176729","TE80450"
"TE79165","TA16146","P812096"
"TC59352","TE79646","T640335"
"TK27015","K578605","TE80069"
"TE79186","TE79381","T640296"
"TK27017","TE80067","T640012"
"TK27019","TE80067","T640012"
"TK27018","TE80067","T640012"
"TB26893","TE80110","20061EX39A_SIRE"
"TB26883","VN57396","J644801"
"TK26079","TE80534","T640229"
"TK26078","TE80534","T640229"
"TK26302","TE80611","T176806"
"TK26300","T177521","VS84968"
"TK26310","TC58577","T177508"
"TK27596","20061O81_DAM","TE80088"
"TK26353","J644813","TE80613"
"TK26525","TE79387","H300687"
"TK26521","TE79387","H300687"
"TK26526","TE79387","H300687"
"TC59929","N199470","TC58184"
"TC59927","N199470","TC58184"
"TK27555","N199473","VF63867"
"TJ26504","T550189","TB26166"
"TJ26502","T550189","TB26166"
"TJ26506","T550189","TB26166"
"TB27239","TC59734","T177719"
"TB27272","TE79871","T177612"
"TC58624","N199072","TE80167"
"TC58622","N199072","TE80167"
"TC58628","TB26839","T177644"
"TC58631","TB26839","T177644"
"TC58632","TB26839","T177644"
"TB27277","TE79871","T177612"
"TB27280","TE79871","T177612"
"TC58648","N199433","VF63479"
"TC25860","N199642","TE80535"
"BS44641","N199443","TK27143"
"TJ27801","J644993","TK25806"
"TJ26765","TK27125","R639404"
"TK26669","T176973","TJ27677"
"TL39154","R639441","TB26166"
"TL39183","N199383","TK25658"
"TL37449","T640378","TB27289"
"TJ24598","TK27410","K578719"
"TL37033","TE80501","T642476"
"TL37034","TE80501","T642476"
"TJ25293","N199463","TE80356"
"TL39277","TK27252","E018357"
"TL36466","T177742","TC59718"
"TL39110","TJ26665","20081MP54_SIRE"
"TP25511","TL39061","20091SW104_SIRE"
"TP25509","TL39061","20091SW104_SIRE"
"TL38816","TL36407","X239559"
"TP28634","K578732","TE80167"
"TP28632","K578732","TE80167"
"TP28633","K578732","TE80167"
"TP28638","N199644","TC58041"
"TL37791","TJ25799","TK27225"
"TP25430","J644948","TJ24564"
"TL37639","TC59808","X235137"
"TP28698","X239705","TL36477"
"TP25068","X239906","TL37528"
"TP41627","TC58158","T640798"
"TP41623","TC58158","T640798"
"TJ24754","J644902","TL38179"
"TJ24751","J644902","TL38179"
"TJ24747","J644902","TL38179"
"TP41640","X237910","TL39013"
"TP41680","TJ26089","T640781"
"TJ24902","TL39552","N199635"
"TJ24945","T640647","TJ27780"
"TR42721","X239846","TL37646"
"TR42719","X239846","TL37646"
"TR42570","N199681","TL38179"
"TP42079","J644954","TC58975"
"TP42081","J644954","TC58975"
"TR42115","E018488","TJ24871"
"TR40328","TK25698","L315201"
"TR42170","J644956","TJ24810"
"TR40348","TP25700","X239971"
"TP42153","TL37749","20101SW53_SIRE"
"TS46148","TR42058","L312169"
"TS45782","TP41653","20111B56_SIRE"
"TS43056","TL37749","20111SW52_SIRE"
"TS45831","X237931","TR43643"
"TS45004","TP28090","20111SW70_SIRE"
"TS45009","X239837","TR40179"
"TP42709","TP28712","Y836964"
"TP42746","TS45597","Y836952"
"TP42750","TS45597","Y836952"
"TS47130","L311897","TP27842"
"TX42746","Y033405","TJ24873"
"TX42556","TP27821","Y164645"
"TR44249","TP42944","TX42601"
"TR44250","TP42944","TX42601"
"TW41607","VZ30825","TW41602"
"VZ33619","VN85377","VZ32597"
"TP27167","TV44507","20191O61_SIRE"
"TL38623","TL38468","VZ30621"
"TL38680","TX42365","VZ30211"
"TL38664","TL38502","VZ29564"
"TJ26850","D472312","TV44257"
"TJ26872","TV44267","VF63384"
"TE80778","TV44460","VZ29084"
"VZ30730","TX42272","20181EX84_SIRE"
"TR43266","TJ24630","20181O20_SIRE"
"VZ31064","20181O69_DAM","TX42026"
"VZ32960","D472308","VZ29148"
"VZ32966","D472308","VZ29148"
"VH21935","D472947","TS46215"
"VZ29739","VZ29152","VZ29105"
"VZ29712","TS45283","VZ29103"
"VZ30075","TL37283","TX42844"
"VZ29601","TP42771","20171EX81A_SIRE"
"TV44539","TX42272","20171EX88_SIRE"
"VE32975","TP28377","TV44170"
"TV44513","L809411","TX42026"
"VZ30317","TR44486","20171W43_SIRE"
"VZ29280","TP27307","Z032688"
"TX42467","TE03611","TP28362"
"TP25990","TP27247","Z032602"
"TX42009","Z100176","TR44612"
"TX42065","20161O5_DAM","TS47141"
"VZ29137","VZ29083","TS47615"
"VZ29249","Z031585","TE03616"
"TV44129","Y163003","TP27416"
"TP27397","Z032332","TP42823"
"TS45423","TS46854","Y837232"
"TX42112","TR43484","Z032123"
"TR44427","TS45695","D471365"
"TP27003","TV43925","TS46889"
"TP27299","Y839880","TP27907"
"TV44250","TR43187","20151MP64_SIRE"
"TV44021","TL37353","TL36015"
"TV44024","TL37353","TL36015"
"TP27363","Z032305","TP42772"
"TP25966","Z030577","TP27905"
"TP42521","L808594","TR43131"
"TP42525","L808594","TR43131"
"TP28311","Y161053","TX42516"
"TP28312","Y161053","TX42516"
"TP28315","Y161053","TX42516"
"TP42501","TP42754","20141C3A_SIRE"
"TL37358","TS45695","D471365"
"TE03622","Y836978","TL36277"
"TJ24622","L315887","TR43664"
"TJ24624","L315887","TR43664"
"TS45152","Y162955","TR42472"
"TS45156","Y162955","TR42472"
"TS46864","TP27415","Y163358"
"TS43887","TX42522","L808882"
"PF71335","TR43359","TY68537"
"PF71385","PF71362","TY68543"
"PF72546","TY69008","VZ33891"
"PF72574","TY68084","TR43330"
"PF72577","TY68084","TR43330"
"TY68343","VS84123","TY68257"
"TY68348","VS84123","TY68257"
"TY69322","20211O12_DAM","TR43207"
"PF71378","VZ33149","PF71360"
"TY68763","TE80782","TY68001"
"TY69291","VZ30775","TY68410"
"PF71935","TL39678","TW41667"
"PF71999","PF72126","VZ33158"
"PF71944","TY68394","PF71915"
"PF71547","20221EX59_DAM","PF72115"
"PF71615","TY70095","TY68356"
"PF71032","TV44297","TY69499"
"PF71035","TV44297","TY69499"
"PF71276","TY69003","VZ31419"
"TY70403","TR43345","PF71438"
"TY70404","TR43345","PF71438"
"TY70406","TR43345","PF71438"
"TY70462","VR27907","TR43388"
"TY70850","VR27958","PF72115"
"PT90011","PF72051","20231O71_SIRE"
"PT90013","PF72051","20231O71_SIRE"
"PT90380","TY68695","PF71916"
"PT99176","VZ33462","PF71053"
"PF72914","PF72722","PF72905"
"PF72917","PF72722","PF72905"
"TY69956","PF71440","VR27906"
"TY69957","PF71440","VR27906"
"PL91186","20231W6_DAM","TY69687"
"VJ59888","VJ57859","VH21322"
"VJ59896","VJ57859","VH21322"
"VJ58714","VH82130","VH99844"
"VJ58720","VH82130","VH99844"
"NN30722","VE26354","VH21882"
"VH99056","VE33185","VE33128"
"VE33205","VE27101","VE27619"
"VE33150","VC47317","VE33123"
"VE27498","VC47081","VB54542"
"VE27353","VC47082","VB55241"
"VC47008","NN87764","NN35518"
"VC47011","NN87764","NN35518"
"VC47349","NN87918","NN34614"
"NN88720","VB54316","VB54542"
"NN88724","VB54316","VB54542"
"NN88726","VB54316","VB54542"
"VC47419","NN34826","NE96082"
"VB54332","NN87756","NN86093"
"NC10792","NN30486","NN34345"
"NC10793","NN30486","NN34345"
"NN34362","NE93415","NE94658"
"NE95928","NC11721","NE92213"
"NE94539","NC11929","NA21365"
"NC11176","NC11766","NC10299"
"NC10812","BS44333","NA22868"
"NC10211","BS44272","BS44258"
"NA22338","BS44682","BJ04631"
"NA22340","BS44682","BJ04631"
"NA22601","BR62192","BR62104"
"BS08636","BJ05456","BJ05500"
"BS08597","BS08368","BR62436"
"BJ54122","BH62611","BC76433"
"BA66533","BC13258","BC13104"
"VN86166","VN56078","VN56076"
"VN86833","VH82130","VH99874"
"VP32024","VN85668","VE33942"
"VP32004","VH82919","VN85781"
"VP32564","VJ59819","VJ59808"
"VP32566","VJ59819","VJ59808"
"VP32567","VJ59819","VJ59808"
"VP32559","VJ59819","VJ59808"
"VR27558","VJ57218","VN85545"
"VR27554","VJ57218","VN85545"
"VR27559","VJ57218","VN85545"
"VH99459","VN56428","VN87784"
"VX12166","VN56428","VN87784"
"VR91029","VN56428","VN87784"
"VS83056","VR91666","VS84629"
"VT33713","VF64667","VT34210"
"VT33711","VF64667","VT34210"
"TA15425","VF64749","VF64491"
"TA15546","VS84620","VN85461"
"TA15547","VS84620","VN85461"
"TA15239","VS84890","VS84884"
"TB26336","TB21936","TA16439"
"VR98182","VS84844","TA15241"
"VR98183","VS84844","TA15241"
"TB27055","TA15541","TC58047"
"TC25893","TC58046","TA15939"
"TC25886","TC58046","TA15939"
"TJ26240","TJ27682","TK27141"
"TP25533","TL39047","TL37522"
"TL38845","TJ27582","TJ27562"
"TJ24855","TC58577","TC58975"
"TP41686","TK27679","TK26867"
"TR42129","TJ24864","TJ24809"
"TR40164","TP41818","TL37753"
"TS44712","TP41854","TP41649"
"TS44714","TP41854","TP41649"
"TS47241","TS44206","TL39911"
"VZ31379","TX42975","TR43250"
"VS84187","TV44297","TS47653"
"TE80773","VZ29707","TP42510"
"VZ30466","VZ29357","TS46630"
"VZ30467","VZ29357","TS46630"
"TL37276","TP27465","TX42146"
"TP42243","TE03611","TS43561"
"TP42246","TE03611","TS43561"
"TS45470","TS43330","TS47145"
"PL91111","TY68831","PF72140"
"PT90018","PF72158","TY70791"
"PT90022","PF72158","TY70791"
"VN57134","VH82418","H301121"
"VN57003","VH82727","19931SW34_SIRE"
"VJ59100","NN30739","F938367"
"VH82200","F877322","VE33730"
"VH82201","F877322","VE33730"
"VJ57113","VH83842","H302048"
"VJ57115","VH83842","H302048"
"VJ57117","VH83842","H302048"
"VH82506","VH83814","F952677"
"VH82510","VH83814","F952677"
"VH99071","NN87949","E984178"
"VH99074","NN87949","E984178"
"VE27854","NN35709","19891EX21_SIRE"
"VE33540","E067800","NE96051"
"NN88952","C695575","NN87390"
"NN88953","C695575","NN87390"
"VB54660","NN88256","E066318"
"VB54661","NN88256","E066318"
"VB54668","NN88256","E066318"
"NE93650","NN86339","C695529"
"NN34623","NN88367","C695191"
"NN34624","NN88367","C695191"
"NN86345","NN34964","C695100"
"NN87240","NN34061","NE93721"
"NE95705","NE93719","NC10620"
"NE93328","NE92878","19811CP1_SIRE"
"NC09738","NC11708","A003813"
"NC11006","NC11758","KR84458"
"NC11008","NC11758","KR84458"
"NC51961","NC09521","KR81515"
"NC10884","NC09524","19791B86_SIRE"
"NC10378","NA21293","NA22067"
"NC09094","BJ04733","NA21541"
"NA22961","BS44071","BS44494"
"NA22967","BS44071","BS44494"
"NA21888","BJ04733","NA21541"
"NA22386","BS44071","BS44470"
"BR62952","NA22191","BS44557"
"BR62958","NA22191","BS44557"
"BR62839","BS08491","BJ05545"
"BP12000","BS44243","19761EX63_SIRE"
"BR62138","BR62130","BJ14357"
"BN34102","19711W9_DAM","BH18116"
"BH62714","BH62347","BA26584"
"VN85860","19941O8_DAM","VN57100"
"VN85859","19941O8_DAM","VN57100"
"VN85999","VN57048","J745163"
"VP32010","J745175","VN57032"
"VR27499","F952649","VP32117"
"VR90213","J745943","VP32325"
"VR90701","J745943","VP32325"
"VR90709","J745943","VP32325"
"VR90702","J745943","VP32325"
"VN87452","VR90069","F873577"
"VN87454","VR90069","F873577"
"VN87493","VH82548","F873576"
"VX14387","H301788","VN57311"
"VR26162","VR27304","F873582"
"VX14388","H301788","VN57311"
"VX13066","VJ59321","H301733"
"VX12844","VR27332","K578514"
"VR91079","VR26630","VR26529"
"VR91081","VR26630","VR26529"
"VF63511","VR90069","20001C160A_SIRE"
"VS84673","VX12332","K578015"
"VS84665","VX12332","K578015"
"VF64229","K578162","VR91458"
"VF64231","K578162","VR91458"
"VT34730","VS84408","C695346"
"VT34731","VS84408","C695346"
"TA16211","K578605","VT34536"
"TA16269","VT34622","K578609"
"TA15420","VF63666","N200049"
"TB21562","20031MP63_DAM","VS83831"
"VN57479","VR90069","H300053"
"VN57478","VR90069","H300053"
"VN57480","VR90069","H300053"
"TB26009","TA16238","20041MP44_SIRE"
"TB26624","TA16484","R040056"
"TB26623","TA16484","R040056"
"TB26520","N200780","VT33693"
"TB26517","N200780","VT33693"
"VR98144","TA15140","H300041"
"TC58100","T177509","VT33180"
"TC58095","T177509","VT33180"
"TC58099","T177509","VT33180"
"TC58094","T177509","VT33180"
"TE79755","T640319","VF63141"
"TB27138","F952452","VR98143"
"TK26067","TB26694","T176432"
"TK26065","TB26694","T176432"
"TK26061","TB26694","T176432"
"TK27611","T176781","VF63141"
"TK26181","TB26699","T642820"
"TK27538","TB26696","N199466"
"TB27235","F952452","VR98143"
"TB27233","F952452","VR98143"
"TJ27759","V260986","TB26893"
"TE79986","TB26696","N199466"
"TK27297","R639455","TE79186"
"TL37733","X235615","TC58631"
"TL37734","X235615","TC58631"
"TL37735","X235615","TC58631"
"TP25747","X239807","TB27239"
"TP25748","X239807","TB27239"
"TR43585","TJ24945","20101EX51A_SIRE"
"TL39419","TJ24751","L315202"
"TL39479","TP41640","20101O79_SIRE"
"TL39473","R639267","TP25509"
"TR42654","X662574","TJ24902"
"TS44972","TR42719","L808852"
"TR44501","L315402","TB27239"
"TS46416","TP42079","X805409"
"TS46188","TR42170","T640673"
"TR44083","TR42719","L808852"
"TR44084","TR42719","L808852"
"VZ32606","TX42009","20181B212_SIRE"
"VZ30488","Y839893","TP25990"
"TX42961","TP27363","TV44447"
"TS45875","TX42065","D471250"
"VZ30044","TR44789","TS45423"
"TV44349","TP27003","Z032661"
"VZ29415","TP25966","Z627890"
"VZ29416","TP25966","Z627890"
"TP27259","TS45156","D472743"
"TP27260","TS45156","D472743"
"VZ33379","VZ33884","TP27167"
"PF71057","TW77052","TP27167"
"PT90324","PF71335","PT90305"
"TY70425","PF71547","TY70401"
"VJ59170","VH99305","VH83465"
"VJ59172","VH99305","VH83465"
"VJ59175","VH99305","VH83465"
"VJ59176","VH99305","VH83465"
"VH99385","VH82223","VJ57106"
"VH99388","VH82223","VJ57106"
"VB55371","NN35843","NN35836"
"VB54744","NN86678","NE96084"
"VB54749","NN86678","NE96084"
"NN88813","NN87916","NE96060"
"NN34230","NC11708","NE95186"
"NE96528","NE94324","NE92254"
"NE92314","NC10440","BR62882"
"NE92564","NC09523","NC11769"
"NE92566","NC09523","NC11769"
"NE92573","NC09523","NC11769"
"NC09178","NA22056","NA21365"
"NA21788","NA21069","NA21097"
"BJ54169","BH62755","BH62267"
"BH18373","BC85074","BA66540"
"VN56096","VH82223","VH83996"
"VP32149","VN86769","VN57100"
"VP32145","VN86769","VN57100"
"VN87684","VN86027","VJ58383"
"VN87686","VN86027","VJ58383"
"VP32550","VJ59809","VN57029"
"VP32549","VJ59809","VN57029"
"VR27421","VN86769","VN57100"
"VR26869","VN86840","VN57311"
"VS84537","VR26206","VR91661"
"VS84536","VR26206","VR91661"
"TA16392","VS83011","VS83259"
"TA15516","VS84724","VS84642"
"TA15518","VS84724","VS84642"
"TA15522","VS84724","VS84642"
"TB21620","TA15730","TA16031"
"TB21623","TA15730","TA16031"
"TP25044","TL39052","TK27019"
"TR40243","TB27439","TB26734"
"TR40237","TB27439","TB26734"
"TR42636","TL37748","TL38816"
"TP27421","TS45009","TS46212"
"TY70389","PF71385","TY70988"
"VP32360","F952684","VH83820"
"VP32364","F952684","VH83820"
"VN57155","VH99345","F464577"
"VN57128","VH82753","H300506"
"VJ58924","H300559","VH82228"
"VJ59012","F938299","VH83822"
"VJ59017","F938299","VH83822"
"VH82315","VH84638","19921CP25_SIRE"
"VH82318","VH84638","19921CP25_SIRE"
"VH82017","F952684","VH83820"
"VH82021","F952684","VH83820"
"VH82023","F952684","VH83820"
"VH82024","F952684","VH83820"
"VH82515","VH84639","F464580"
"VH84989","VH84643","F937899"
"VH83669","C375806","NN34815"
"VH84235","E956947","VE33150"
"VE32754","E906672","NN88364"
"VE32758","E906672","NN88364"
"VE27798","E906948","NN88724"
"VE33801","E067718","VB55271"
"VE33783","E984611","VC47332"
"VE27552","E956346","NN88724"
"VB55509","C375811","NN88364"
"VB55165","NN35662","C375792"
"VB55172","NN35662","C375792"
"VB54756","C375806","NN34815"
"NN87977","JV92676","NN88364"
"NN87978","JV92676","NN88364"
"NN87980","JV92676","NN88364"
"NN35630","C695548","NC10793"
"VB54463","E067812","NE95928"
"NC10776","B069890","NE96713"
"NN88324","C121652","NN34060"
"NN34921","NE94504","NK59196"
"NK59221","NK59614","A725252"
"NK59222","NK59614","A725252"
"NE96665","NE95627","NC11176"
"NE96666","NE95627","NC11176"
"NN35071","NE95665","19831W68_SIRE"
"NN35097","NE95671","19831W45_SIRE"
"NN35098","NE95671","19831W45_SIRE"
"NN34074","A007866","NE94458"
"NN30039","B067118","NE94539"
"NE96228","NE95627","NC11176"
"NE96231","NE95627","NC11176"
"NE96204","NE94504","NA22563"
"NE93722","NC10637","KR84565"
"NE95632","NC10812","NE95625"
"NE94582","NE94504","NA22563"
"NC11113","NC10211","19801EX62H_SIRE"
"NC11012","NC09844","19801O76_SIRE"
"NC11015","NC09844","19801O76_SIRE"
"NC51990","NA21035","KR81474"
"NC10496","KJ73124","NA21355"
"NC10954","NA22340","BS09298"
"NC09018","NC09273","KR81315"
"NC10308","KC96230","NA22643"
"NC09342","KC96249","NA21444"
"NA22982","NA22601","BS44458"
"NA22983","NA22601","BS44458"
"NA22511","BS08636","NA22227"
"NA21325","KC96752","NA21243"
"NA22012","BS08636","19761EX67_SIRE"
"BP11837","BR62122","BS08474"
"BP11840","BR62122","BS08474"
"BR62827","BS08597","BR62133"
"BS08328","BR62379","BJ54122"
"BP11097","BJ05655","BJ05627"
"BC13652","BA25473","19651CP42_SIRE"
"VN86012","VJ59222","19941MP11_SIRE"
"VN86930","F952900","VJ58626"
"VN86934","F952900","VJ58626"
"VN85939","F952684","VH83820"
"VP51021","VH82756","H301359"
"VP51017","VH82756","H301359"
"VP51473","VN85570","H301216"
"VP51477","VN85570","H301216"
"VP51511","VJ58611","H301731"
"VJ59574","F873553","NN30722"
"VJ59592","VH99181","F873538"
"VP51839","H301383","VN86833"
"VP51841","H301383","VN86833"
"VP51843","H301383","VN86833"
"VP51844","H301383","VN86833"
"VP51847","H301383","VN86833"
"VP51848","H301383","VN86833"
"VP32280","VJ58617","J745185"
"VP32256","VH99345","19951SW131_SIRE"
"VJ59661","VH83467","VJ58362"
"VR27126","H301755","VN57753"
"VR27127","H301755","VN57753"
"VP32605","VJ59888","J745189"
"VP32604","VJ59888","J745189"
"VP32603","VJ59888","J745189"
"VP32597","VJ59888","J745189"
"VP32601","VJ59888","J745189"
"VR27343","E509231","VP51531"
"VR27347","E509231","VP51531"
"VR90049","VP32024","F873565"
"VR27689","K578327","VP51529"
"VR27714","VH99345","K578325"
"VX12060","VJ58617","K604714"
"VX12263","K604726","VH83820"
"VX12265","K604726","VH83820"
"VN86673","VR26581","F938436"
"VX12776","K578511","VH83820"
"VX12774","K578511","VH83820"
"VR91444","VN87417","19991O64_SIRE"
"VN85422","F873588","VR26119"
"VR91954","VN87417","K578561"
"VS83792","VR91410","J745062"
"VS83796","VR91410","J745062"
"VS83797","VR91410","J745062"
"VT33893","N200103","VX13064"
"TA16299","VS83056","K578004"
"VT33752","N200595","VF64760"
"TA15227","VX14259","H300028"
"TA15228","VX14259","H300028"
"TA15272","H300055","VT34683"
"TA15297","VX14259","20031C36_SIRE"
"VF63351","VR27878","K578965"
"VF63349","VR27878","K578965"
"TB26213","R639004","TA16240"
"TC58112","K578961","TA15239"
"TC58114","K578961","TA15239"
"TA15841","VR27879","20041O71_SIRE"
"TA15843","VR27879","20041O71_SIRE"
"TE79816","VF63835","T550175"
"TE79897","TC58140","T176477"
"TC59009","TC58142","R040133"
"TB27081","TA16589","E985095"
"TB26805","N200999","TC58826"
"TK25612","R639004","TA16240"
"TC59357","T640341","TC59041"
"TK26172","TC58142","R040133"
"TK26224","E985060","TC59093"
"TB27357","N199443","VR98292"
"TK26967","J644859","TB27055"
"TE79914","T177774","TK27596"
"TE79918","T177774","TK27596"
"TC58947","TK26310","N199484"
"TJ25288","F952437","TJ27801"
"TL37067","T640379","TC25893"
"TL37069","T640379","TC25893"
"TP41899","TE79013","F464553"
"TJ24786","X237894","TK26353"
"TP25126","E018348","VF63748"
"TP25121","E018348","VF63748"
"TP25124","E018348","VF63748"
"TP42049","X239731","TJ24754"
"TP41766","TJ26240","L315203"
"TP41767","TJ26240","L315203"
"TS43349","L809071","TP28632"
"TS43344","L809071","TP28632"
"TS47469","L315026","TP28632"
"TS47464","L315026","TP28632"
"TS45688","TS44714","Y034259"
"TS47167","Y033829","TS45831"
"TL38496","VZ30467","VS83941"
"VZ32780","VZ29022","VZ32966"
"VZ32782","VZ29022","VZ32966"
"TV44568","TX42692","VH21935"
"TV44569","TX42692","VH21935"
"VB55894","VB55849","TV44129"
"TV44396","VZ29280","20171O15_SIRE"
"TL37284","TP42709","TP42632"
"TS45191","TS45283","TP42525"
"TP27057","D472834","TJ24624"
"TP42288","Z030804","TJ24622"
"TP42290","Z030804","TJ24622"
"TP42292","Z030804","TJ24622"
"TP27976","TS47241","D471763"
"TP27977","TS47241","D471763"
"TP27978","TS47241","D471763"
"TY68302","TY68301","TY70233"
"TY68306","TY68301","TY70233"
"PF71374","PF71359","VZ32966"
"PF72405","TY68265","TL38664"
"TY68794","VZ30466","TY68741"
"TW77247","TW77217","VZ31379"
"PF72990","PF71276","PF72679"
"PL91145","PF71999","PL91202"
"TY69948","PF72577","VZ33436"
"TY69934","TY69902","TL38680"
"VJ59204","VH83915","VH83841"
"VJ59205","VH83915","VH83841"
"VH84072","NN88720","VE27141"
"NN88526","NN87989","NE94458"
"NN88529","NN87989","NE94458"
"NN88530","NN87989","NE94458"
"NK59555","NE93482","NE94539"
"NC10634","NC11124","NC10462"
"NC11621","NC10074","NA22563"
"NC10418","NA22601","NC09258"
"BR62311","BP11438","BH62984"
"BR62315","BP11438","BH62984"
"BH62766","BA66533","BC85411"
"VN86379","VJ59119","VJ59101"
"VS83749","VX12372","VX14195"
"VS83747","VX12372","VX14195"
"VT34073","VS84887","VN87396"
"VT34077","VS84887","VN87396"
"TA15019","VF63549","VN87397"
"TA15018","VF63549","VN87397"
"TA15017","VF63549","VN87397"
"VR91385","TA16864","TA16793"
"VR91388","TA16864","TA16793"
"TB21870","TA16181","TA16067"
"TC58284","TA16864","TA16793"
"TC58285","TA16864","TA16793"
"TE79541","VS83126","TA16514"
"TC59019","TA16864","TA16793"
"TC59023","TA16864","TA16793"
"TK27588","TA15246","TE80345"
"TK25782","TE79013","TB26025"
"TJ27563","TK27410","TC59093"
"TJ27564","TK27410","TC59093"
"TK27889","VF63835","TK27429"
"TJ26753","TE79151","TB26734"
"TP41633","TJ26240","TL39605"
"TP25193","TK26079","TK27017"
"TP42059","TP28633","TP28638"
"VZ33112","TE80778","TP42510"
"VZ33113","TE80778","TP42510"
"TL38436","TX42467","TX42458"
"VZ30603","TL37276","VZ29104"
"VZ30605","TL37276","VZ29104"
"VZ29318","TX42467","TX42458"
"TX42262","TP42243","TP27238"
"TV44080","TS43056","TR43442"
"TS46880","TR44249","TR43485"
"VB54922","NN87128","NE94611"
"NE92065","NC10104","NC09526"
"NE92072","NC10104","NC09526"
"VX14124","VP32133","VR27300"
"TP28778","TK26078","TK26300"
"TP28779","TK26078","TK26300"
"PF72718","PF72546","TY69322"
"VJ58696","19931CP14_DAM","VH84989"
"VJ58700","19931CP14_DAM","VH84989"
"VJ59308","F938372","VJ57117"
"VH82906","H303485","VH99071"
"VH99865","F465934","VH84989"
"VH82701","H303406","VH99071"
"VH83366","VE32758","E368879"
"VH12363","VH84235","F937891"
"VH12368","VH84235","F937891"
"VC47320","NN87977","B067948"
"VC47321","NN87977","B067948"
"VC47323","NN87977","B067948"
"VB54649","E068000","NE93650"
"NN86612","NN34921","19851P16_SIRE"
"NK59205","NE96204","NE96470"
"NK59983","NE95705","B067479"
"NE96330","KR81343","NE93328"
"NH38948","A003762","NC11012"
"NC11204","NC10496","KR81345"
"NE92795","NC09732","NC10954"
"NC09976","NC09574","NA21888"
"NC09078","BS44541","BP11097"
"NC09243","BR62839","KC96236"
"NA22988","NA22224","NA22386"
"NA22673","BR62952","KC96232"
"BP52330","BH62714","BP52046"
"VN85794","J745153","VN57155"
"VN85792","J745153","VN57155"
"VN86945","H301361","VJ59100"
"VN86947","H301361","VJ59100"
"VN85850","H303485","VH99071"
"VN56455","VN86934","H301723"
"VN56458","VN86934","H301723"
"VN56459","VN86934","H301723"
"VP32061","F952649","VH99071"
"VP51385","VH82201","J745935"
"VP51386","VH82201","J745935"
"VR90441","J745955","VP32597"
"VP32920","J745175","VR27714"
"VP32925","J745175","VR27714"
"VX14150","VN85860","J745906"
"VX14411","VR90213","H301809"
"VX14457","H301816","VP51511"
"VR26025","VP32360","F873565"
"VR26029","VP32360","F873565"
"VR26030","VP32360","F873565"
"VN57918","K578101","VN87454"
"VR91849","VX12776","K578549"
"VF64070","VX12776","K578549"
"VF64440","VR90701","K604668"
"TA15531","N200053","VX12844"
"VR98110","P439027","TA15227"
"VR98113","P439027","TA15227"
"VR98112","P439027","TA15227"
"TB26068","20041MP45_DAM","TA16299"
"VR98280","TB26520","F952456"
"VR98279","TB26520","F952456"
"TE79613","A225408","TA16299"
"TC59916","R639115","TC59009"
"TC59922","R639115","TC59009"
"TC59923","R639115","TC59009"
"TK26114","T640228","TB26623"
"TK27162","N200129","TB27081"
"TK27163","N200129","TB27081"
"TK27169","TB21562","TC58769"
"TK27170","TB21562","TC58769"
"TK25571","T640348","TE79816"
"TK25574","T640348","TE79816"
"TK27500","T176855","VN57480"
"TK26542","TC58100","20061CP5_SIRE"
"TJ27916","K639119","TK26067"
"TJ24503","T177712","TA15227"
"TK26692","K578717","TK27538"
"TL37017","V260986","TK26181"
"TP25628","TB27357","T177612"
"TP25627","TB27357","T177612"
"TJ24715","TJ25288","X239703"
"TP42439","V260986","TS46188"
"TL39959","TS43349","Y035896"
"TS47493","TS43349","Y164955"
"TE80906","TE80886","VZ32606"
"VZ32729","TV44568","VZ30548"
"TS44659","20181W37_DAM","TP27976"
"VZ30144","TV44785","TP27260"
"TP27289","Z031441","TP27978"
"TP27065","Y839101","TP27977"
"TP27066","Y839101","TP27977"
"TE03671","TS47464","Y146320"
"TE03681","TS47469","L171494"
"PF72181","VZ33862","VZ29416"
"VZ31495","VZ32782","VZ33684"
"PT99261","VZ33379","VZ31749"
"VH99244","VJ57542","VH82506"
"VH99245","VJ57542","VH82506"
"VH99251","VJ57542","VH82506"
"VJ59196","VE32758","VJ57113"
"VJ59200","VE32758","VJ57113"
"VE26272","NN88433","NN34623"
"VE26273","NN88433","NN34623"
"VE26275","NN88433","NN34623"
"NC11295","NC09342","NA21365"
"NE92372","BJ05873","NA22983"
"BJ05935","NA21922","NA22511"
"NA21929","NA22056","BP11837"
"NA21909","NA22019","BP11837"
"BR62854","NA22137","BP12000"
"VN86496","VN56078","VP51017"
"VN86498","VN56078","VP51017"
"VN86499","VN56078","VP51017"
"VR26236","VX12263","VR26003"
"VT33544","VT34632","VS83797"
"TL37131","TC58046","TK26172"
"TL37132","TC58046","TK26172"
"TP28662","TK27611","TJ27677"
"TP27356","TP27407","TS45688"
"PF71030","TY68306","TW77064"
"VE27025","NN88530","E587250"
"VB54856","NE96528","C375768"
"NN86973","NN87240","A725030"
"NN86975","NN87240","A725030"
"NE94246","NC11008","NE94004"
"NE95020","KR84536","NC10378"
"NC11356","NA22961","A003772"
"NE92849","KR81310","NA21788"
"NC11543","NA22961","KR81458"
"NA22271","BR62315","BS08197"
"BS08835","BR62315","19751W26_SIRE"
"BJ04970","BN34051","BJ54169"
"BJ04971","BN34051","BJ54169"
"VN86060","VJ59205","F938395"
"VN86237","VH99388","19941B88_SIRE"
"VP32074","VN57134","J745177"
"VR90405","VJ59204","J745952"
"VR90406","VJ59204","J745952"
"VR90659","J745923","VP32550"
"VR90651","J745923","VP32550"
"VR90652","J745923","VP32550"
"VN86520","F938605","VR27499"
"VN86522","F938605","VR27499"
"TA16116","K578037","VS84537"
"TA16115","K578037","VS84537"
"VT33786","VT34731","N200532"
"VT33791","VT34731","N200532"
"VT33790","VT34731","N200532"
"TA16894","N200710","VF64229"
"VF63414","TA15017","N199001"
"VF63410","TA15017","N199001"
"TB26055","N199103","VS84536"
"TB26054","N199103","VS84536"
"TB26053","N199103","VS84536"
"TB26122","R639013","TB21623"
"TB26120","R639013","TB21623"
"TB26121","R639013","TB21623"
"TC58171","VR91388","20041B34_SIRE"
"TC58168","VR91388","20041B34_SIRE"
"TC58197","P439161","TA15516"
"TA15833","VN57478","20041P23_SIRE"
"TA15836","VN57478","20041P23_SIRE"
"TE80006","TA15017","N199001"
"TC59180","TA15017","N199001"
"TC59182","TA15017","N199001"
"TK26071","TC58284","E985043"
"TR40119","X239964","TL37734"
"TS43230","Y837438","TL37733"
"TS43228","Y837438","TL37733"
"VZ29840","TV44349","VS83941"
"VZ29844","TV44349","VS83941"
"VZ32982","Z626875","VZ29318"
"VZ32983","Z626875","VZ29318"
"TS47739","Y837438","TL37733"
"VJ59834","VH99056","VH82510"
"NN88690","NN87240","NN86981"
"NN30004","NA22961","NH38927"
"NK59522","NC51961","NE95417"
"NE94212","NE92466","NE92314"
"BJ05992","NA21967","BR62958"
"BP11829","BR62138","BH62984"
"BS08172","BP52317","BH18373"
"NE95067","NE92566","NE92209"
"VP32058","VN56190","VJ57115"
"VP32051","VN56190","VJ57115"
"VP51348","VH82844","VH82200"
"VN86612","VR26869","VR90118"
"VN86614","VR26869","VR90118"
"VN86615","VR26869","VR90118"
"VN85459","VX14258","VN87452"
"VN85458","VX14258","VN87452"
"VF64167","VR91081","VX12844"
"VF64164","VR91081","VX12844"
"VF64162","VR91081","VX12844"
"VT33225","VF64534","VF64229"
"TB26601","VF64811","VF64229"
"TC58837","TB26624","TC58574"
"TE79766","VF63811","TC58095"
"TK27024","VF63472","TA15522"
"TL36393","TJ27563","TK26067"
"TL36390","TJ27563","TK26067"
"TL36058","TS45782","TS44972"
"TS47462","TS46416","TP42336"
"TS45698","TS45212","TR40237"
"TS45699","TS45212","TR40237"
"TX42993","VZ29415","TX42273"
"TS45998","TP27407","TV44080"
"PF71356","VZ32780","VZ33112"
"PT90392","VZ32780","VZ33112"
"NK59017","NK59555","NC10314"
"NE96179","NC11006","NE92564"
"NE96182","NC11006","NE92564"
"NE92417","NC09094","NC10313"
"NC11915","NA22967","NA22338"
"VJ58021","VH82515","H301004"
"VH12356","VB55172","VH84314"
"VH84113","VE33457","VE27798"
"VH84116","VE33457","VE27798"
"VE33144","E984031","NN35630"
"NN86070","NC10634","B069096"
"NN34702","NE95632","A007875"
"NN34503","A007877","NE96228"
"NN30072","NC11113","19831W15_SIRE"
"NN30074","NC11113","19831W15_SIRE"
"NE96428","NC11015","19821O49_SIRE"
"NE93701","NC11113","NE93585"
"NE93707","NC11113","NE93585"
"NE93709","NC11113","NE93585"
"NC11368","NC10418","A003777"
"NC11371","NC10418","A003777"
"NE92954","NC09995","NC11621"
"NC11897","NA22982","KR81322"
"BJ05841","BR62827","KJ71710"
"NA22291","KC96207","BR62311"
"NA22333","KJ71689","BS08328"
"BR62877","BP11840","BS44488"
"VR27489","VP32605","VN56342"
"VX12042","K578329","VR27689"
"VX12608","K578329","VR27689"
"VX13724","19981EX41E_DAM","VR27343"
"TK25815","N200998","TB26213"
"TK25817","N200998","TB26213"
"TP25617","T176944","TL37069"
"TP41557","TJ26753","20091MP87_SIRE"
"TR42565","X237894","TP28778"
"TR40743","TP41633","E509398"
"TR40742","TP41633","E509398"
"TR42163","TP28779","X239559"
"TR42428","Y034201","TP42049"
"VZ29871","TV44396","VH21997"
"PF72060","VZ33685","PF71374"
"TR43373","VZ30524","PF72405"
"TY70859","PF72718","20231EX64_SIRE"
"PF72947","TY68794","PF72907"
"VE33898","VB55182","VE32754"
"NN86898","NN35097","NE93722"
"NN35429","NN35097","NE93722"
"NN87011","NC10418","NE93827"
"NK59498","NC10634","NE93288"
"NE93189","NA21878","NC10308"
"NA22424","NA22012","BR62745"
"BP52297","BH62766","BJ05500"
"BP52300","BH62766","BJ05500"
"BA44852","BC13652","BA64584"
"VR27013","VP51021","VN86959"
"VX12257","VR26967","VP51843"
"VT33360","VS84358","VX12774"
"TJ26196","TK26923","TK27588"
"TR40257","TJ26753","TJ26128"
"TR40256","TJ26753","TJ26128"
"VZ30341","TP27299","TP42288"
"VZ30342","TP27299","TP42288"
"TY69694","TY68794","TY68763"
"NE95364","NC09738","NE92065"
"NE95358","NC09738","NE92065"
"VS84594","VN86673","VX12166"
"VS84595","VN86673","VX12166"
"VS84597","VN86673","VX12166"
"VS84592","VN86673","VX12166"
"TC58563","VT33713","VR91385"
"VH99984","VH82318","VH82023"
"NN86601","NE96330","NE94200"
"NN86602","NE96330","NE94200"
"NN86603","NE96330","NE94200"
"NN86609","NE96330","NE94200"
"NN86052","NN34503","A725742"
"NN86996","NN34503","A725742"
"NN87000","NN34503","A725742"
"NN34286","A007880","NE96428"
"NN34211","NE96330","NE94200"
"NN34214","NE96330","NE94200"
"NK59851","B067129","NE93707"
"NK59853","B067129","NE93707"
"NE93815","KC96221","NC11356"
"NE93820","KC96221","NC11356"
"NC10361","NA22291","KJ73132"
"NC10364","NA22291","KJ73132"
"NC10365","NA22291","KJ73132"
"NC10370","NA22291","KJ73132"
"NC09370","KC96245","NA22271"
"NA22628","BJ04971","19771W18_SIRE"
"VR90650","J745930","VN56455"
"VF64205","K578577","VR91849"
"VF64208","K578577","VR91849"
"VT34450","N200053","VR91849"
"VT34455","N200053","VR91849"
"TE79729","TB26053","TB26324"
"TK27050","T640006","VR98280"
"TK27045","T640006","VR98280"
"TK27048","T640006","VR98280"
"VZ30274","VZ30144","VZ30328"
"TP27389","Z032322","TE03671"
"TJ24614","TP42439","Y160581"
"VH82156","VH84941","VH12368"
"NK59814","NA22333","NC51999"
"NK59541","NA22333","NC51999"
"NK59543","NA22333","NC51999"
"NE94116","NA22333","NC51999"
"BJ05756","NA22291","NA22577"
"TE80035","TA15246","TA15833"
"TE80522","VF63805","VT33790"
"TE79781","TB26696","VF63410"
"TK27758","TC59645","TC59182"
"TK27757","TC59645","TC59182"
"PF72627","PF72181","PF72821"
"PF72628","PF72181","PF72821"
"VB55798","H300523","VH99865"
"VJ59001","F938329","VE26275"
"VH82294","VH12363","VH21151"
"VJ57192","H302097","VE26272"
"VH83446","F938329","VE26275"
"VH83448","F938329","VE26275"
"VH83217","VC47320","F491215"
"VE27265","E956248","NN88690"
"VB54122","E067897","NK59498"
"VB54098","NK59205","NE93814"
"NK59575","KR84572","NA22988"
"NE93168","NC11204","KR84529"
"NC09934","KR81481","BR62854"
"NC09938","KR81481","BR62854"
"NC11886","NC09243","KR81339"
"BS08487","BP52330","BS08198"
"BH17568","BC85049","BA44852"
"VP51938","VH12363","H301340"
"VR27036","H301348","VN86945"
"VR27040","H301348","VN86945"
"VP51360","VH12363","J745947"
"VP51365","VH12363","J745947"
"VP51367","VH12363","J745947"
"VP51362","VH12363","J745947"
"VR26335","VJ59196","19961MP1_SIRE"
"VN87899","19961MP78_DAM","VN86498"
"VX13626","VP51386","K578128"
"VS83726","J745076","VN57918"
"TE79105","T550200","TE79613"
"TE79107","T550200","TE79613"
"TK27784","TK27170","H301159"
"TK27782","TK27170","H301159"
"TK26979","N199087","TC59923"
"TJ27445","T177665","TK27500"
"TJ26190","TE79766","E018355"
"TP41712","X237914","TJ27916"
"TP28859","X239723","TL37132"
"TR40042","TK27170","X239958"
"TR40045","TK27170","X239958"
"TR40735","X239723","TL37132"
"TR40740","X239723","TL37132"
"TP41758","TJ26196","T640706"
"TR44160","TJ26196","T640706"
"TR43481","TL39959","Y838317"
"VZ30378","Z628051","TP27066"
"VZ30321","Z627885","TP27065"
"TS45441","TS45698","Y837473"
"TP27490","TE03681","Z032303"
"PF72311","PF71030","20231MP98_SIRE"
"PF72314","PF71030","20231MP98_SIRE"
"PF72315","PF71030","20231MP98_SIRE"
"VH82868","VE33898","VB55220"
"VH82873","VE33898","VB55220"
"NN86306","NN35283","NH38948"
"NE93463","NE92954","NC10314"
"NE92961","NC11936","NC09976"
"NC10323","NA22333","NA21195"
"NC10325","NA22333","NA21195"
"NC10328","NA22333","NA21195"
"NC10359","BS44071","NA22988"
"NC11776","NA22673","BR62877"
"BJ05885","NA21929","BP11986"
"NA22708","NA22333","NA21195"
"NA22742","NA21339","NA22424"
"BP52118","BJ04970","BH62720"
"VN86117","VJ59196","VJ59472"
"VN86123","VJ59196","VJ59472"
"VN86999","VH82701","VH82221"
"VN87584","VJ59196","VJ59472"
"VN87581","VJ59196","VJ59472"
"VN87585","VJ59196","VJ59472"
"VP51778","VJ58823","VJ58700"
"VP51782","VJ58823","VJ58700"
"VP51711","VN85794","VP51055"
"VP32576","VJ58393","VJ59200"
"VP32264","VN86135","VN85792"
"VP32266","VN86135","VN85792"
"VT34221","VF64440","VN87383"
"VT34248","VR26025","VR91458"
"TB21644","VF64440","VN87383"
"VZ29471","TS45148","TP27289"
"NC11614","BJ05935","NC09078"
"NC11615","BJ05935","NC09078"
"NC09632","NA21909","NA22563"
"VR27572","VN56459","VP32058"
"NN35524","NN86973","C695214"
"NN35526","NN86973","C695214"
"NN35477","NK59522","A725178"
"NN34545","NE95603","NE95020"
"NE96707","NE96182","A007832"
"NE95769","NE94246","NE93570"
"NE94427","NE95364","NE94200"
"NE94431","NE95364","NE94200"
"NE94219","NE92047","NE92417"
"NE94185","NE94502","NE92849"
"NC11214","A003759","NC11915"
"NC11216","A003759","NC11915"
"NC11975","KR81484","BJ05992"
"NA22669","19771CP2_DAM","BP11829"
"VR90666","VR90406","J644081"
"VR90661","VR90406","J644081"
"VX12813","VR90405","J644071"
"VR91448","VR90405","K578540"
"VS84662","VN86615","F938623"
"VT34051","N200007","VS84597"
"VT34052","N200007","VS84597"
"TE79037","T550036","TB26120"
"TE79039","T550036","TB26120"
"TP41671","TL36390","X237912"
"TL37310","TS47462","Y839182"
"PF72394","TW41730","PF71356"
"NE96761","NE95067","BJ05960"
"NK59807","NE96300","NE96179"
"VX13282","VR90406","VP51457"
"VX13277","VR90406","VP51457"
"NE93295","NC11113","NE92372"
"NC11805","NA21929","NA21325"
"NC11806","NA21929","NA21325"
"NC11809","NA21929","NA21325"
"VR98167","VF64167","VN87397"
"VH84956","E956247","VH84113"
"VH84962","E956247","VH84113"
"NN88916","NN34702","19871EX21_SIRE"
"NN88923","NN34702","19871EX21_SIRE"
"NN88924","NN34702","19871EX21_SIRE"
"VB54444","NN34702","C696477"
"VB54447","NN34702","C696477"
"VB54448","NN34702","C696477"
"VB54068","NN86070","NE93721"
"VB54074","NN86070","NE93721"
"NN88109","NN35429","NE93663"
"NK59762","NC11368","NE93595"
"NE93747","NC11371","KR84485"
"NE93865","NC11368","NE93595"
"NE93455","NC11897","19811SW104_SIRE"
"NE94090","NC11371","19811W73_SIRE"
"NC51912","BJ05841","NA22242"
"NC51921","BJ05841","NA22242"
"NA21014","BP52297","19761B117_SIRE"
"BA66438","BP52300","BH62512"
"VN86539","VR27489","19971B46_SIRE"
"TL36083","TR40256","Y839738"
"TL36085","TR40256","Y839738"
"PT90372","PT90351","PF72060"
"PT90377","PT90351","PF72060"
"PT90211","TY69694","20231CP16_SIRE"
"NK59453","NE93238","NE93189"
"NK59460","NE93238","NE93189"
"VR90412","VH99984","VN86958"
"VN57110","H301127","VH83217"
"VJ59915","VE27265","VH21132"
"VJ59920","VE27265","VH21132"
"VJ59922","VE27265","VH21132"
"VH82688","VE27265","VH21132"
"VH82690","VE27265","VH21132"
"VH82691","VE27265","VH21132"
"VE27457","E956247","NN88916"
"NN88938","C695566","NN86609"
"NN88941","C695566","NN86609"
"NN88943","C695566","NN86609"
"VB54939","C716487","NE94427"
"NN87804","B069199","NN35477"
"NN30411","A007674","NN34214"
"NN34533","NE95615","NE94427"
"NN34537","NE95615","NE94427"
"NE95935","NE93820","A007115"
"NE95936","NE93820","A007115"
"NE95658","NC11216","NE93814"
"NE95338","NC11214","KR83065"
"NC10429","NA22669","KJ73149"
"NA22612","KC96203","BS08487"
"NA21227","BP11166","BA66438"
"VR90517","VR27040","E018114"
"VF64233","VS79003","VR91448"
"VF64234","VS79003","VR91448"
"VF64919","VS83726","VR26529"
"VF64921","VS83726","VR26529"
"VF63751","VT34052","F952926"
"TR40339","X235163","TK27782"
"TR40336","X235163","TK27782"
"TS45633","L808480","TP41758"
"TS45634","L808480","TP41758"
"TS45626","L808480","TP41758"
"TL38601","TL38454","VZ30274"
"TP27213","L315887","TR43481"
"TP27216","L315887","TR43481"
"VC47053","VB54122","VB54074"
"NC10679","NC09370","NC10364"
"NE92292","BR62952","NC11886"
"NC09224","NA22669","NA22555"
"NC09226","NA22669","NA22555"
"VN86232","VH83448","VJ57115"
"TK25654","TE79039","TE79017"
"TK25648","TE79039","TE79017"
"VJ58669","F937863","VH82156"
"VJ58670","F937863","VH82156"
"VE27066","NN86996","E587296"
"VE27069","NN86996","E587296"
"VE27071","NN86996","E587296"
"NN87891","NN86996","A007133"
"NN87895","NN86996","A007133"
"NN86653","NN87000","C375687"
"NE96350","NC10323","BS59524"
"NK59255","NC10323","BS59524"
"NE92299","NC10361","KR81489"
"NE92260","NC10325","A003752"
"NE92262","NC10325","A003752"
"NC11952","BJ05756","KJ73109"
"NC11953","BJ05756","KJ73109"
"VN86964","H301355","VH82156"
"VR90721","H301364","VR90412"
"VR90720","H301364","VR90412"
"VF64555","J745070","VX13277"
"VF64552","J745070","VX13277"
"TK26131","TE79729","N200942"
"TK26133","TE79729","N200942"
"NN35681","NN86601","NC10799"
"VB54093","NN86603","NK59221"
"VB54095","NN86603","NK59221"
"VB54096","NN86603","NK59221"
"NC11110","NC10370","NE92209"
"NE92434","NC10365","NC10442"
"NA21045","BP52118","BR62433"
"BR62202","BP52118","BJ05438"
"VR27293","VR27036","VP51720"
"TL39062","TC59320","TK27758"
"TL39065","TC59320","TK27758"
"VB54734","NN87000","NN86681"
"VR90123","VP32264","VP51414"
"NN87440","VP32576","VR27298"
"VX13746","VP32576","VR27298"
"VJ59411","F938384","VJ57192"
"VJ59413","F938384","VJ57192"
"VB55254","VB54098","19871EX84_SIRE"
"NN35117","NE93573","NE93295"
"NN35120","NE93573","NE93295"
"NE95840","NE93573","NE93295"
"NE94988","NE94861","NE92961"
"NE95121","NE26798","NC11614"
"NE92194","NC11776","19801EX19_SIRE"
"NC11847","BJ05885","KR81456"
"VN87587","VN86123","19951B122_SIRE"
"VN87590","VN86123","19951B122_SIRE"
"VP51797","H300558","VB55798"
"VP51799","H300558","VB55798"
"VR27533","H300558","VB55798"
"VX14133","H301348","VP51782"
"VX14134","H301348","VP51782"
"VR26720","VR27572","K578308"
"VN86507","VR26335","F938395"
"VR26146","VP51362","19971C127_SIRE"
"VX13343","VP51367","19981EX4_SIRE"
"TR44256","TR44160","20131SW33_SIRE"
"TL38985","TP27490","VZ30534"
"TL38991","TP27490","VZ30534"
"VZ29530","VF63387","VZ30321"
"VZ30871","TV44785","VZ30378"
"VZ29407","TP27490","TR44796"
"VZ29410","TP27490","TR44796"
"NK59666","NE93168","NE95414"
"NE96332","NE93476","NE93463"
"NE96333","NE93476","NE93463"
"NC11564","NE92830","NC10328"
"BH18450","BC76414","BH17568"
"VR90167","VN85860","VP51782"
"TA16409","VT34450","VT34077"
"TA16408","VT34450","VT34077"
"TS45845","TR40363","TR40740"
"NN35908","NK59460","NN86306"
"NN86869","NC11113","NK59541"
"NE94409","NC09632","NE92795"
"NC09037","NC09094","NA22708"
"VN87029","VH82873","VH99245"
"NN87022","NC11113","NK59575"
"NN87025","NC11113","NK59575"
"NE92105","NC51990","NC09934"
"NE92079","NC09018","NC11614"
"NN34371","NE94431","NE93669"
"NE96595","NE95615","NE94219"
"NE96600","NE95615","NE94219"
"NN86456","C375836","NN34545"
"VF64242","VX12813","20001SW1_SIRE"
"VF64246","VX12813","20001SW1_SIRE"
"VR27842","VX13282","K604638"
"VR27836","VX13282","K604638"
"TK25763","T550035","TE79037"
"TK25761","T550035","TE79037"
"TK25760","T550035","TE79037"
"NN88198","NN30323","NN34545"
"NE92686","NC11643","NC11809"
"NE92691","NC11643","NC11809"
"NC11419","NC10359","NC11806"
"NC11422","NC10359","NC11806"
"NE92557","NC10884","NC11805"
"NN86814","BR27012","NK59453"
"NN86817","BR27012","NK59453"
"NE93132","NC51921","KR81500"
"NC09123","NA21014","KR84854"
"VN56281","H301338","VH84962"
"NE96246","NE93455","NE94582"
"NC11077","NC51912","NC11975"
"NC11078","NC51912","NC11975"
"VB55727","F937888","VE27066"
"VB55730","F937888","VE27066"
"VH82011","F937888","VE27066"
"VH82013","F937888","VE27066"
"VE27206","E956214","NN87891"
"VE27207","E956214","NN87891"
"VB54589","NN86817","C695586"
"VB54592","NN86817","C695586"
"NN35801","NN87804","C375614"
"VB54135","NN86817","C695586"
"NN87680","NN35120","A724435"
"NN87683","NN35120","A724435"
"NE96827","B069051","NE95936"
"NE96832","B069051","NE95936"
"NE96968","KR83087","NE92262"
"NE96969","KR83087","NE92262"
"NE96970","KR83087","NE92262"
"NE94390","NE94988","NC09575"
"NE95214","KR84466","NC11952"
"NE93403","KR81470","NC11953"
"NE93406","KR81470","NC11953"
"VN87599","VJ59413","F938412"
"VN87598","VJ59413","F938412"
"VR27077","VN86964","H301749"
"VP32496","VP51799","K604708"
"TC58515","VF64233","N200730"
"TC58508","VF64233","N200730"
"TC58510","VF64233","N200730"
"TL37793","K578737","TK26131"
"TS45775","TR40336","20111O45_SIRE"
"VZ29375","TP27213","20171EX41D_SIRE"
"VB55076","NN35120","VB54285"
"VB55078","NN35120","VB54285"
"VB55079","NN35120","VB54285"
"VB55080","NN35120","VB54285"
"VB55081","NN35120","VB54285"
"VN86356","VJ58988","VJ59922"
"VP32189","VN56281","VN86363"
"VT34371","VS84395","VF64242"
"TC59291","VF63927","VR27836"
"TR44526","TR40339","TP41766"
"TY69586","TY69558","TL38601"
"VJ59217","VH82691","F495451"
"VE27865","E906964","VE27457"
"NN35792","NE95935","C695591"
"NN87634","NE93578","NE92434"
"NN87029","NE93578","NE92434"
"NN87034","NE93578","NE92434"
"NN87035","NE93578","NE92434"
"NK59395","NE93578","NE92434"
"NE95698","NE95338","NE93720"
"NE95704","NE95338","NE93720"
"NE93874","NE93578","NE92434"
"NE93879","NE93578","NE92434"
"NE93881","NE93578","NE92434"
"NE96003","NE92686","NE94017"
"NE94517","NE92691","NC09721"
"NC09945","NC09224","KR81499"
"NC09947","NC09224","KR81499"
"BJ05896","KJ73123","NA22612"
"NC09501","BS08560","BR62202"
"NA21590","BS79317","NA21227"
"NA21020","BS08560","BR62202"
"VN56128","VH82690","F938389"
"VN87505","VH82691","F938410"
"VN87501","VH82691","F938410"
"VP51773","VJ59920","H301744"
"VP51770","VJ59920","H301744"
"VP51776","VJ59920","H301744"
"VP51771","VJ59920","H301744"
"VR98227","VF63751","F952454"
"NN88452","NN86814","VB54939"
"NN88456","NN86814","VB54939"
"NK59909","NE95658","NE93923"
"NK59910","NE95658","NE93923"
"NE95809","NC11877","NC10679"
"NC11190","NC10429","NC11543"
"NC09848","NA22742","NC09123"
"VX14461","VN86964","VP51817"
"VX14464","VN86964","VP51817"
"VZ29383","TS45156","TP27216"
"VZ29384","TS45156","TP27216"
"VB55091","NE95935","NN35716"
"NC10410","NA22628","NC09226"
"NC09699","NC09224","NC09058"
"VJ57776","VE27071","F952572"
"VB54614","VB54093","E066315"
"VB54618","VB54093","E066315"
"VB54621","VB54093","E066315"
"NK59557","NC11110","NE93721"
"NK59558","NC11110","NE93721"
"NK59564","NC11110","NE93721"
"VP51086","H301356","VJ58670"
"VP51083","H301356","VJ58670"
"VP51082","H301356","VJ58670"
"VP51951","H301746","VJ58669"
"VP51953","H301746","VJ58669"
"VP51962","H300547","VJ58670"
"VP51960","H300547","VJ58670"
"VP51955","H300547","VJ58670"
"VP51957","H300547","VJ58670"
"VP51946","H301746","VJ58669"
"VP51947","H301746","VJ58669"
"VP51948","H301746","VJ58669"
"VX14060","J644098","VR90123"
"VX14061","J644098","VR90123"
"VX14063","J644098","VR90123"
"TP25114","T640728","TL39062"
"NE96485","NC09037","NC11953"
"NE96489","NC09037","NC11953"
"NE94936","NC11419","NE92423"
"VS83766","VN86612","VR90517"
"NE95187","NE92260","NE92573"
"NA21796","BS08835","NA21045"
"VN86192","VH82691","VJ59001"
"VB54704","NN35681","VB54922"
"NN34544","NE96350","NE94409"
"TL39687","VZ29407","20181SW109_SIRE"
"NN35245","B067123","NE96333"
"NN35248","B067123","NE96333"
"NN34104","A007867","NE96246"
"NK59450","NE96644","NE96332"
"NK59733","A007672","NE95121"
"VN87077","VN87029","J745173"
"VN87078","VN87029","J745173"
"TP27032","TR44256","Z630002"
"TE03632","TR44256","Y839103"
"VE27315","VB55254","VB54448"
"NE95673","NC11847","NE92329"
"NE95679","NC11847","NE92329"
"NE96294","NE92105","NC10661"
"NE96353","NE92022","NC11564"
"NE96355","NE92022","NC11564"
"BN34266","BJ54281","BH18450"
"VR26303","VN87587","VN86271"
"VR26305","VN87587","VN86271"
"TY68155","TL38985","TL38623"
"TY68161","TL38985","TL38623"
"NE96455","NE92194","NE94212"
"VR91517","VN87587","VN86520"
"NN88736","NN86898","NN87022"
"NN34267","NK59666","NE95840"
"NE94050","NE92079","NC11809"
"NN34173","A007873","NE96595"
"NE94552","A003807","NE92557"
"VB54909","NN86632","NN88198"
"VB54915","NN86632","NN88198"
"NN88095","NK59416","NE96600"
"NN34022","NE96231","NE96600"
"NE96498","NC11422","NC11077"
"VH99749","VH82011","H300520"
"VH99755","VH82011","H300520"
"NN87935","NE96969","C375809"
"NN87936","NE96969","C375809"
"NN35580","NK59450","C375308"
"NC10769","NK59733","A725242"
"NC10773","NK59733","A725242"
"NN34758","B067854","NE96003"
"NN30429","B068661","NE94390"
"NE96929","NE93874","NE93587"
"NE96534","NE95214","NE95621"
"VX14044","VP51960","E509229"
"VX14039","VP51960","E509229"
"VX13390","VP51951","H301345"
"VX13387","VP51951","H301345"
"VH84059","VE27865","VH12151"
"VB55324","NN86238","NN35792"
"NN88155","NN34173","NN34244"
"NN88157","NN34173","NN34244"
"NN34020","NE94185","NE94517"
"NE93995","NE93238","NC09945"
"NA22975","NA21590","BS44751"
"VR26451","NN30674","VN87505"
"VR26449","NN30674","VN87505"
"VR90926","VP51953","VN86959"
"VR90923","VP51953","VN86959"
"VB55756","H300391","VH82013"
"VB55757","H300391","VH82013"
"VH84466","E906951","VB55080"
"VE32736","VB54589","E181476"
"NN35152","B067124","NE95673"
"NK59969","B067120","NE95679"
"VN87064","VN86356","VN85723"
"VP51355","VN56344","VP32189"
"VP51351","VN56344","VP32189"
"VP51350","VN56344","VP32189"
"VX14228","VN56344","VP32189"
"TR42899","Y032863","TL37793"
"TS45682","Y032863","TL37793"
"TV44028","Z032426","TL37793"
"TV44030","Z032426","TL37793"
"TV44031","Z032426","TL37793"
"VB54863","NE96969","NN34060"
"VB54865","NE96969","NN34060"
"VB54868","NE96969","NN34060"
"VB54869","NE96969","NN34060"
"NN35059","NE93483","NE96294"
"NN30058","NE93879","NE95388"
"NE94478","NE93406","NE94936"
"NE94481","NE93406","NE94936"
"NE94901","NE92891","NC09848"
"VR26383","VN87598","VN56458"
"NN35539","NN87683","NC10792"
"BN34352","BN34266","BN34102"
"VC47121","C696499","NN87029"
"VC47126","C696499","NN87029"
"VC47112","E066160","NN87634"
"VC47114","E066160","NN87634"
"VC47117","E066160","NN87634"
"VB54142","C696499","NN87029"
"NN87784","C696499","NN87029"
"NN87788","C696499","NN87029"
"NK59169","NE95698","A725393"
"NE93324","NC09947","A003767"
"NH38912","19801W105_DAM","NC10410"
"NC11726","KR81452","NC09501"
"VB54141","C696499","NN87029"
"VF64574","K604674","VX14464"
"VZ29502","VS83978","VZ29384"
"NE93805","NC11190","NE92252"
"NE96025","NE92072","NE94517"
"BR62480","NC10487","NA21020"
"BR62481","NC10487","NA21020"
"NC51951","NA21653","NA21020"
"VP51498","VP51082","VN85939"
"VP51494","VP51082","VN85939"
"VP51493","VP51082","VN85939"
"VP51492","VP51082","VN85939"
"VR26478","VN87585","VN87599"
"VX12971","TV44506","VZ29383"
"NK59246","NE95704","NE92292"
"NC11434","NC09699","NC09178"
"NC11093","NC11615","BJ05896"
"VH82694","VJ57776","F952401"
"VH82696","VJ57776","F952401"
"NE95903","NE96485","NE93718"
"NE95906","NE96485","NE93718"
"NC10154","NA21796","KC96250"
"VN87615","F938418","VN86192"
"NK59887","NE96489","NE93865"
"NN30020","NK59558","NE93919"
"BA73166","NK59513","NE96455"
"NE93888","NE95187","NA22733"
"NE93890","NE95187","NA22733"
"VX14368","VP51946","VP51086"
"NE96858","KR83082","NE96355"
"NN34167","NE93690","NE94050"
"VZ31212","TL39687","TR44601"
"TY68495","TY68155","TL38436"
"NN86854","NN34267","NN35248"
"VB54815","C375645","VB54915"
"NN88289","B068597","NN34022"
"NE96047","NE95358","NE94552"
"NK59035","NE93132","NE96353"
"VH82116","VH84466","F952680"
"VH99812","VH84466","VH84609"
"VH21103","19911O40_DAM","VE32736"
"VH21105","19911O40_DAM","VE32736"
"VB55045","NK59969","C695244"
"VB55053","NK59969","C695244"
"NN87822","19851W97_DAM","NE95906"
"NK59901","NE93579","NE93324"
"NK59671","NE93579","NE93324"
"VN56472","H301728","VH99755"
"VR26570","VN87615","F938394"
"VH12302","VC47114","VE26178"
"VH12306","VC47114","VE26178"
"NN88899","NN86112","NE96929"
"NN88904","NN86112","NE96929"
"NE93986","NH38912","NC09803"
"VZ29772","TV44028","TP42501"
"VB55582","VB54868","E066224"
"VE33515","E067720","VB55324"
"NN35938","NN88155","C375766"
"NN35939","NN88155","C375766"
"NN35941","NN88155","C375766"
"NN86406","C375679","NN34758"
"NN35675","NC10773","C695237"
"NE96958","KR81490","NE93888"
"VR27363","VP51493","H301729"
"VR27357","VP51493","H301729"
"VR91550","F938604","VR26478"
"VF64015","VX13390","K578516"
"VF64019","VX13390","K578516"
"VF64021","VX13390","K578516"
"VT34162","VX13390","N200036"
"VT34165","VX13390","N200036"
"TA15468","VX13390","N200036"
"TY69024","VZ29502","VZ31212"
"VR90463","VP51492","VJ58648"
"VE32569","NN35580","NN87680"
"VB55287","NN35580","NN87680"
"VB55289","NN35580","NN87680"
"VB55291","NN35580","NN87680"
"VB54769","NN87990","NN34758"
"NN35595","NN88155","NN86214"
"NN35453","NN35059","NN30085"
"NK59101","NE96543","NE93890"
"NK59785","NH38912","NE93815"
"NC11511","NA22975","NA22555"
"VH99278","VH99385","VH82694"
"VR90134","VP51494","VN57761"
"VX12324","VH99423","VR26451"
"NN34914","NE96534","NE96025"
"NN34916","NE96534","NE96025"
"NN34100","NE94481","NE93995"
"NC09580","NE96534","NE96025"
"VX12909","VR90923","VP32920"
"VS83025","VR91029","VR26478"
"TA16008","VR91029","VR26478"
"VC47435","E067712","NN35539"
"NN30386","B068654","NE94478"
"NE94422","NE95594","NE94901"
"NE94921","NE94515","NC11434"
"BP11562","BP11013","BN34352"
"VR26814","VN87064","J745929"
"VR26812","VN87064","J745929"
"VR26810","VN87064","J745929"
"VH84865","VC47168","VB54863"
"VE27778","VC47168","VB54863"
"VB54076","NN87034","NN35152"
"VP51035","VH82906","VB55757"
"VR90563","VN86379","VH99755"
"VX14050","VP51355","VP51847"
"TS47754","TP27817","TR42899"
"VE27246","NN88720","VB54865"
"NN30312","NK59255","NN34020"
"NE92932","A003808","NC11726"
"VE27086","NK59246","E587299"
"VE27090","NK59246","E587299"
"VE27092","NK59246","E587299"
"NE95462","KR83093","BR62481"
"VB54111","NK59246","NE96929"
"VB54114","NK59246","NE96929"
"VB54118","NK59246","NE96929"
"VB54119","NK59246","NE96929"
"NN87537","NE93805","NE93865"
"NN87158","NK59246","NN35098"
"NE94617","NC09524","BR62480"
"NN87102","NN30020","A007133"
"NE93836","NC10154","NH38929"
"NE93841","NC10154","NH38929"
"NE93842","NC10154","NH38929"
"NE93845","NC10154","NH38929"
"NN35770","A725127","NE96858"
"NN86191","C716485","NK59035"
"NN86194","C716485","NK59035"
"TY70480","TY68495","TW77203"
"TY70483","TY68495","TW77203"
"NN34626","C375699","NN88289"
"NN34629","C375699","NN88289"
"NN34633","C375699","NN88289"
"NK59115","NE93403","NE96047"
"VN57537","H300544","VH82116"
"VH84531","C659250","NN35939"
"VE33780","VC47435","E984595"
"NN35617","NN87822","A725253"
"NN86063","NN30386","C375397"
"NN35407","NK59901","A007126"
"VR27459","VH21103","19961SW20_SIRE"
"VP51122","VJ58696","VH82116"
"VP51119","VJ58696","VH82116"
"VP51117","VJ58696","VH82116"
"VH82165","VH99812","F952696"
"NN86177","NK59115","A725720"
"NN86186","NK59115","A725720"
"NK59930","KR84559","NE93836"
"NK59935","KR84559","NE93836"
"NK59938","KR84559","NE93836"
"NK59939","KR84559","NE93836"
"NE95791","NE94617","KR81345"
"VP32269","H301124","VH21105"
"TE80789","TR43100","VZ29772"
"VZ33342","TY69024","TY68269"
"PL91009","TY69024","TY68269"
"VH99601","VH82472","VH12302"
"VH99604","VH82472","VH12302"
"NN35081","NE93986","NK59564"
"NN35082","NE93986","NK59564"
"NN35085","NE93986","NK59564"
"NN30120","NE94921","NC11295"
"NK59503","NE94921","NC11295"
"VR91000","VP32264","VR26814"
"VP32442","VJ59607","VH21105"
"VP32441","VJ59607","VH21105"
"VX13179","VP32264","VR26814"
"NN86461","JV92677","NN30312"
"NN86497","C716486","NK59785"
"NN87943","JV92674","NN34916"
"NN87944","JV92674","NN34916"
"NN87945","JV92674","NN34916"
"NN87947","JV92674","NN34916"
"NN88422","JV92677","NN30312"
"NN88372","C716486","NK59785"
"NN86587","B067946","NN34100"
"NN86590","B067946","NN34100"
"NN88331","B068600","NN34916"
"VX13223","VR27363","K578122"
"VF64318","K578552","VX12909"
"TA16234","VS83025","K578607"
"TA16230","VS83025","K578607"
"TA16228","VS83025","K578607"
"VR27809","VF64021","N200713"
"VE33826","VB55172","VE27090"
"VE33827","VB55172","VE27090"
"VE27746","VE27246","NE93650"
"VE27708","VB55172","VE27090"
"NE93849","NC11511","NE94090"
"NE93853","NC11511","NE94090"
"NA21344","BP11562","BS08172"
"NA21346","BP11562","BS08172"
"VN87060","VH21103","VJ59017"
"VN87056","VH21103","VJ59017"
"VX14345","VR27363","VR90441"
"NN86530","B067864","NE94422"
"VN56329","H301730","VP51035"
"NN88895","NK59246","NN35675"
"NN88897","NK59246","NN35675"
"TV44665","TS45987","TS47754"
"NK59995","NE93709","NK59671"
"VN85551","VJ58021","VH21105"
"NN86754","NN34914","NN87025"
"NN86757","NN34914","NN87025"
"NN86759","NN34914","NN87025"
"NK59318","KR83093","NE95462"
"VB54060","NN87537","NE95906"
"VB54064","NN87537","NE95906"
"NN86083","NN87537","NE92329"
"NN86624","NN87158","NE94458"
"NE95523","NC11093","NE92932"
"NN86783","NE93842","NE93721"
"NN87342","NE93845","19841O34_SIRE"
"NE93624","NE93842","A723392"
"NN30158","NE93841","NE93881"
"NN30160","NE93841","NE93881"
"VB55034","VB54114","NE96858"
"VB55038","VB54114","NE96858"
"VB55041","VB54114","NE96858"
"NN87668","NE93845","NE96498"
"NN88912","C696468","NN35770"
"NN88914","C696468","NN35770"
"NN88562","EO66320","NN86191"
"NN88566","EO66320","NN86191"
"NN88568","EO66320","NN86191"
"VE32551","NN88118","NN34633"
"VB55236","NN87987","NN34633"
"VB55238","NN87987","NN34633"
"NN88510","NN87972","NN34629"
"VB55401","NN35801","NN34626"
"VB55402","NN35801","NN34626"
"VB55405","NN35801","NN34626"
"TY70706","TE80789","VZ33556"
"VH84423","NN87943","E906965"
"VE27414","NN86530","B069608"
"NN87896","NN87943","E066099"
"NN88652","NN87943","E066099"
"VB54579","NN86530","B069608"
"VB54041","NN88331","BO69608"
"NN86839","B069478","NE93624"
"NN86844","B069478","NE93624"
"BA73158","NK59318","NE93688"
"BA73160","NK59318","NE93688"
"VP51578","VN57537","H301738"
"VP51577","VN57537","H301738"
"VP51574","VN57537","H301738"
"VP51573","VN57537","H301738"
"VP51579","VN57537","H301738"
"VP51341","VN57537","H301738"
"VP51340","VN57537","H301738"
"VN86590","VN57537","H300512"
"TB26085","R639009","TA16234"
"TB26082","R639009","TA16234"
"VZ31107","TE80789","VZ33556"
"PF71515","TY69739","VZ33342"
"PT99208","TW41777","PL91009"
"NN88595","NN87945","NN87554"
"VB54083","NN88422","NN86097"
"VH82535","F464578","VH84531"
"VH82537","F464578","VH84531"
"VH82539","F464578","VH84531"
"VH82541","F464578","VH84531"
"VC47059","NN86063","E066327"
"NN86909","B069042","NN35085"
"NN87104","B069042","NN35085"
"NE95235","NA21344","KR83089"
"VP51596","VP51122","H301739"
"VR26853","VH99604","J745925"
"VH12382","VH84404","VE33827"
"VH12385","VH84404","VE33827"
"VH12391","VH84404","VE33827"
"VH84756","VE27865","NN88895"
"VH84760","VE27865","NN88895"
"VH84762","VE27865","NN88895"
"VH84448","VE33144","VE27746"
"NK59434","NE95809","NE95791"
"NC09466","NA21344","NA21566"
"NC09471","NA21344","NA21566"
"VP51900","VJ59813","VP51119"
"NK59779","NK59543","NE93853"
"VN85573","VH82688","VH84531"
"NN34700","A007862","NN30120"
"VN57653","VH82165","H300550"
"VB54389","NN86186","E066099"
"NN86925","NN35082","B067149"
"NN86929","NN35082","B067149"
"NN86931","NN35082","B067149"
"NK59135","A007700","NK59503"
"VP51433","F465935","VH99601"
"VR27752","K578328","VP32269"
"VX13007","J644083","VH99601"
"NN86685","NN87784","NN86624"
"VS83642","VX14073","VP32442"
"VS83644","VX14073","VP32442"
"VS83778","VX14073","VP32442"
"VS83777","VX14073","VP32442"
"VS83770","VX14073","VP32442"
"VS83771","VX14073","VP32442"
"VS83776","VX14073","VP32442"
"VF64396","VF64318","VF64552"
"NN35387","NN30058","NK59935"
"VH99898","VE27708","F465932"
"VH82765","VE33826","H303439"
"NN88750","C375396","NN30158"
"VB54506","C695594","NN86590"
"VB54508","C695594","NN86590"
"VB54035","C375396","NN30158"
"VB54037","C375396","NN30158"
"NK59072","NE93849","A725361"
"VE27565","NN87943","VB54141"
"VB55516","NN30429","NN87947"
"VB55520","NN30429","NN87947"
"NN88466","NN35322","NN88372"
"NN88467","NN35322","NN88372"
"VC47440","NN30411","NN86587"
"VC47441","NN30411","NN86587"
"VC47444","NN30411","NN86587"
"VC47445","NN30411","NN86587"
"NN86445","NN35322","NN88372"
"NN35563","NN30411","NN86587"
"NC09702","BS08636","NA21346"
"NC09704","BS08636","NA21346"
"VR26098","VR26162","VN87060"
"VS83736","VR90666","VX13179"
"VS83731","VR90666","VX13179"
"VS83730","VR90666","VX13179"
"VF64733","VR90666","VX13179"
"VF64729","VR90666","VX13179"
"VF64728","VR90666","VX13179"
"TB21613","TA16228","TA16116"
"VE27160","NN34503","NN86759"
"VE27161","NN34503","NN86759"
"VB54689","NN34503","NN86759"
"VB54692","NN34503","NN86759"
"VB54697","NN34503","NN86759"
"VZ29822","VZ29375","TV44665"
"NN88977","VB54060","NE96832"
"NN88979","VB54060","NE96832"
"NE93956","NC11231","NE95523"
"NN35685","NN87668","C695226"
"NN35688","NN87668","C695226"
"NN35690","NN87668","C695226"
"NN35693","NN87668","C695226"
"VE27454","E956216","NN88562"
"VE33156","VE33127","VE32551"
"VN57119","VH82537","H301128"
"VH84935","E956283","VE27414"
"VJ57768","F464698","NN35690"
"VB54851","NN86839","E066214"
"NN86450","NN86839","JV92669"
"NN86125","A725199","BA73160"
"NE96501","NE95618","NE95235"
"VP32515","VH82537","H301129"
"VP32516","VH82537","H301129"
"VP32519","VH82537","H301129"
"VP51371","VP51997","VP51577"
"TY70895","PF71515","TW41770"
"NN88962","NN86909","VB54447"
"NN88967","NN86909","VB54447"
"VF64593","VX13007","VX13678"
"VF64595","VX13007","VX13678"
"VB55710","VH84423","E906997"
"VH12392","VH84423","E906997"
"VH12393","VH84423","E906997"
"VH12395","VH84423","E906997"
"VE32728","NN88595","JV92667"
"VB55929","VC47440","F464624"
"VE27803","VE27565","19891EX34_SIRE"
"VE26234","VB55516","E984806"
"VE26006","NN88652","NN94611"
"VE26007","NN88652","NN94611"
"VC47094","VB54400","VB54083"
"VR90751","VP51574","J644084"
"VR90745","VP51574","J644084"
"VX13333","VN86590","H301841"
"VT33031","VS83778","20011CP25_SIRE"
"TE79069","N199109","TB26082"
"TL39141","T176955","TB26085"
"TL39138","T176955","TB26085"
"TY68864","VZ31107","TY68817"
"VJ58744","VH84760","VH12356"
"VJ58746","VH84760","VH12356"
"VJ58747","VH84760","VH12356"
"VB55733","VH84762","VH82085"
"VB55735","VH84762","VH82085"
"VB55738","VH84762","VH82085"
"VH82061","VH12385","VB54621"
"VH82062","VH12385","VB54621"
"NE93146","NA21679","NC09466"
"VN86049","VJ59915","VN57653"
"VX14468","VP51385","VP51577"
"VX12643","VP51573","VJ59814"
"VZ33373","TY70706","TY68584"
"VE33226","VB55520","NN88899"
"VP32367","J745188","VN85573"
"VP32368","J745188","VN85573"
"VJ58795","KR81672","VH82535"
"VJ58796","KR81672","VH82535"
"VH82956","19931SW1_DAM","VH82541"
"NN87227","NK59434","B069237"
"NN87228","NK59434","B069237"
"TA16744","N200599","VF64728"
"VH21778","N200599","VF64728"
"VB55023","NN86653","NN35685"
"VB55027","NN86653","NN35685"
"VR26676","VR90049","VP51340"
"VT34785","VS84403","VS83736"
"NN86153","NK59434","NN87011"
"NN86158","NK59434","NN87011"
"NN86161","NK59434","NN87011"
"NN86887","NK59779","NE94116"
"VS84455","VN86590","NN87440"
"BR62476","NC09704","NC09938"
"VR90366","VP51477","VP51900"
"NN88403","JV92679","NN34700"
"VF63533","H300013","VS83644"
"VF63529","H300013","VS83644"
"VT33111","K604669","VS83642"
"VT33313","K604669","VS83642"
"VT33316","K604669","VS83642"
"VT33317","K604669","VS83642"
"VT33603","N200589","VF64396"
"VB54605","NN87944","NN86685"
"VB54613","NN87944","NN86685"
"NN86818","NN87034","NN35387"
"VR26723","VR27332","VR27752"
"NN87122","NE95769","NK59135"
"VN57562","VH99898","F952686"
"VN57563","VH99898","F952686"
"NN88580","E066321","VB54035"
"VC47302","C695548","VB54506"
"VC47306","C695548","VB54506"
"NN35778","NK59072","C695100"
"NN86285","NK59072","A725550"
"VN56239","H300391","NN88750"
"VN56241","H300391","NN88750"
"VN56243","H300391","NN88750"
"VN56245","H300391","NN88750"
"VN56246","H300391","NN88750"
"VF64839","VS83731","N200579"
"VH84001","NC10787","NN88750"
"VE27224","NN88667","NN88750"
"VB55501","NN35519","NN86445"
"VN86066","VH82765","VJ59220"
"VN87609","VH82765","VJ59220"
"VN87610","VH82765","VJ59220"
"VH82265","VH84762","VH84962"
"VC47463","VB54041","NN35563"
"VC47467","VB54041","NN35563"
"NE92282","NC51951","NC09702"
"VJ58686","VC47059","VH84962"
"VJ58692","VC47059","VH84962"
"VB55335","NN35595","VB54037"
"NE95094","NC09471","NC11078"
"VN57748","VH99898","VJ58924"
"VN57744","VH99898","VJ58924"
"VN57747","VH99898","VJ58924"
"NN30090","19831W25_DAM","NE93956"
"VE27178","NN88977","VB55053"
"VB55560","NN35688","VB54922"
"VH12489","F491748","VE33156"
"NN30766","VJ57768","F491430"
"VH82814","H303462","VB55929"
"VH82242","F952685","VH12392"
"VB55589","C375836","VB54851"
"VB55591","C375836","VB54851"
"VR27018","19951W23_DAM","VN57562"
"VR27024","19951W23_DAM","VN57562"
"VR27026","19951W23_DAM","VN57562"
"VR27484","K578323","VP32519"
"VX13357","VN56239","H301729"
"VF63441","TA16744","N199002"
"VN57374","VT33316","H300646"
"TE80011","TA16744","20051SW105_SIRE"
"TB27303","TA16744","F952473"
"TB27305","TA16744","F952473"
"TB27306","TA16744","F952473"
"PF71250","20221W99_DAM","TY68864"
"TY68909","PF72902","TY68864"
"VB55787","VH82539","VH12392"
"VB55788","VH82539","VH12392"
"VC47098","VB54018","NN86285"
"VC47100","VB54018","NN86285"
"NN88142","VH99614","VN57563"
"NN30811","H303303","VH84935"
"VP32894","K604703","VP51371"
"VX14264","J644093","VJ58746"
"VR91819","K578547","VX12643"
"VT34751","K604682","VF64595"
"VJ58738","VH82024","VH82061"
"VJ58739","VH82024","VH82061"
"VE27255","NN88580","VB55081"
"VP32227","VN56245","VJ58714"
"VP32221","VN56245","VJ58714"
"VP32224","VN56245","VJ58714"
"VX14005","VN56239","VP32145"
"VX14012","VN56239","VP32145"
"VE26435","NN86818","NN88953"
"TC58369","VT34785","VT33711"
"TC58368","VT34785","VT33711"
"TC58365","VT34785","VT33711"
"TC58372","VT34785","VT33711"
"VJ58913","VH12395","19931W44_SIRE"
"VH83232","VE26234","E368867"
"VH83233","VE26234","E368867"
"VE26137","VE27803","19901SW62_SIRE"
"NE95870","A007122","NE93146"
"VN57735","VH82062","H301343"
"VN57742","VH82062","H301343"
"VN57741","VH82062","H301343"
"VN57738","VH82062","H301343"
"VE32525","VC47463","NN35939"
"VE32530","VC47463","NN35939"
"NN88679","NN88199","NN86158"
"VR27337","VH82062","VP32256"
"VH83831","VE32728","NN34815"
"NN34319","NK59255","NE96501"
"NE95715","NE95094","KR84567"
"NE95716","NE95094","KR84567"
"NE95717","NE95094","KR84567"
"NE95720","NE95094","KR84567"
"VN86815","H301225","VJ58796"
"VR90159","J745939","VN57744"
"VP32475","VR90366","J745995"
"VP32478","VR90366","J745995"
"NN87836","NN86070","NN86285"
"NN87841","NN86070","NN86285"
"VB54502","NN86153","NN86096"
"NN88411","NN87227","NN87102"
"NN88416","NN87227","NN87102"
"VN86033","VJ59308","VB55560"
"VN86034","VJ59308","VB55560"
"VN86038","VJ59308","VB55560"
"NE93444","BR62492","BR62476"
"NE93447","BR62492","BR62476"
"VH82360","VH12393","VH84116"
"NN86422","NN86161","NN34700"
"NN86471","C375681","NN88403"
"NN88358","NN87122","JV92669"
"NN88359","NN87122","JV92669"
"TC58246","T177507","VT33603"
"VE32563","E985016","VC47467"
"VN56413","H301725","VN56246"
"VN56412","H301725","VN56246"
"VN56411","H301725","VN56246"
"VN56407","H301725","VN56246"
"VN56410","H301725","VN56246"
"VR90546","VN87610","J644080"
"VP51701","VN57748","VN57051"
"VP51706","VN57748","VN57051"
"VP51705","VN57748","VN57051"
"VH84434","VE33226","VE27160"
"NC10648","NE92299","NE92282"
"VN56402","VN86379","VN56243"
"VN86783","VJ58686","VH82265"
"VB54494","B069478","NN30090"
"NE93611","NE93576","NN30090"
"VH99272","VH84448","VH12489"
"VH99020","VH84448","VH12489"
"VN57146","VH82242","H301125"
"VJ59244","F938301","VH83232"
"VJ58012","F491913","NN30766"
"VH83805","F938315","VE26137"
"VH83807","F938315","VE26137"
"VH83809","F938315","VE26137"
"VE26251","VE32563","19891MP75_SIRE"
"VB54048","NE93611","C716665"
"NN87907","B068653","NN88359"
"NN87911","B068653","NN88359"
"VN56424","VN86815","VB55770"
"VN56419","VN86815","VB55770"
"VN56418","VN86815","VB55770"
"VN56416","VN86815","VB55770"
"VR90012","VR27026","VP32292"
"VP32956","VR27484","K578309"
"VP32960","VR27484","K578309"
"VH83987","VH83212","VH83232"
"VH83988","VH83212","VH83232"
"VH83906","VH83669","VE26137"
"VC47476","NN87162","NN88358"
"NN35503","NN87162","NN88358"
"NN35509","NN87162","NN88358"
"TJ27702","TC58246","TC59633"
"VJ59845","H303460","VH82814"
"NN30554","F937804","NN87836"
"NN30558","F937804","NN87836"
"VH84802","F937804","NN87836"
"VN57886","VB55787","H300522"
"VN85957","H303460","VH82814"
"TL39029","TB27303","R639131"
"VE33386","VE27255","VB54621"
"VE33388","VE27255","VB54621"
"NE95869","NC11124","NE95720"
"VR90311","VN56412","VP32550"
"VN87401","NN88142","VN85712"
"TK26991","TB27303","TC58310"
"TK26998","TB27303","TC58310"
"VJ59162","VH84865","VB55591"
"VJ59164","VH84865","VB55591"
"VJ59167","VH84865","VB55591"
"VH99322","VH84865","VB55591"
"VH99326","VH84865","VB55591"
"VE32774","NN88679","VC47053"
"VE32775","NN88679","VC47053"
"VE32779","NN88679","VC47053"
"VE27359","NN88967","VC47098"
"VE33526","NN88526","VC47100"
"VJ59248","F938351","NN30811"
"VJ59251","F938351","NN30811"
"VJ59253","F938351","NN30811"
"VJ59254","F938351","NN30811"
"VB55577","NE95595","NN34319"
"NN87901","NE95595","NN34319"
"NN87902","NE95595","NN34319"
"VP32432","K604704","VP51706"
"VX12632","H301932","VP51706"
"VX13937","J745053","VX14264"
"VX13939","J745053","VX14264"
"VF64536","J745076","VP32894"
"VF64535","J745076","VP32894"
"VF64713","K578107","VX14264"
"VF64710","K578107","VX14264"
"VN57381","E985041","TC58369"
"TE80558","N200810","TC58372"
"TE80553","N200810","TC58372"
"TK26228","N200811","TC58372"
"TK26227","N200811","TC58372"
"TK26235","N200811","TC58372"
"TK26234","N200811","TC58372"
"TK26233","N200811","TC58372"
"VJ58758","VH82017","VE26435"
"VJ58761","VH82017","VE26435"
"NE96443","NE93444","NE95130"
"VX12162","VP32224","VR27293"
"VX12158","VP32224","VR27293"
"VJ59231","VH83233","F491086"
"VJ59235","VH83233","F491086"
"VP51447","VN57742","H300543"
"VP51444","VN57742","H300543"
"VP51443","VN57742","H300543"
"VP51438","VN57742","H300543"
"VR90579","VN57735","19971W61_SIRE"
"NE96849","NE93611","NN87022"
"NE96978","NK59557","NE95716"
"VR90059","VN56410","VN87060"
"VR90058","VN56410","VN87060"
"VH99647","H300513","VH82360"
"NN87852","NN86422","E066322"
"VB54600","NE95717","E066312"
"VB54603","NE95717","E066312"
"NN86876","NE95717","A725178"
"NN86879","NE95717","A725178"
"NN30152","NE95715","B067119"
"NK59464","NE95717","A007132"
"NK59465","NE95717","A007132"
"NE95737","NE93600","NE93447"
"VR26374","F938428","VN86033"
"VR26372","F938428","VN86033"
"VR26371","F938428","VN86033"
"NN35315","NE95717","NC51999"
"VJ59293","VH82765","VH83831"
"VJ59294","VH82765","VH83831"
"VJ59296","VH82765","VH83831"
"VN86696","VP51770","VN86038"
"VN86699","VP51770","VN86038"
"VX12801","VP32478","VX12257"
"VR91483","VP32478","VX12257"
"VF64058","VP32478","VX12257"
"VB54255","NN86083","NN88416"
"VB54262","NN86083","NN88416"
"VP32913","H301774","VN56411"
"VP32916","H301774","VN56411"
"VP32415","VP51701","J745154"
"VR27602","VJ58988","VN56402"
"VH82464","VE33226","VH84434"
"VH82465","VE33226","VH84434"
"NK59437","NE93747","NC10648"
"NK59438","NE93747","NC10648"
"NK59440","NE93747","NC10648"
"VE27145","E066316","VB54494"
"VE27147","E066316","VB54494"
"NN88627","VB54397","VB54494"
"NN88630","VB54397","VB54494"
"VH99167","F952724","VH99020"
"VH99168","F952724","VH99020"
"VJ59630","F873558","VH99020"
"VJ58808","VH84802","F952687"
"VN57567","VH83809","H300531"
"VH83000","VH83805","H303490"
"VJ59801","VH83805","H303490"
"VJ59803","VH83805","H303490"
"VH82119","NN88630","E906989"
"VH82120","NN88630","E906989"
"VH83305","F938299","VE26251"
"VJ58483","VJ58012","19941XT7_SIRE"
"VJ59577","VH99168","F873550"
"VR90382","J745954","VP51444"
"VR90384","J745954","VP51444"
"VN87327","VX12632","F873596"
"VN87329","VX12632","F873596"
"VS84489","K604784","VP32415"
"VS84492","K604784","VP32415"
"VS84491","K604784","VP32415"
"VT34542","K604762","VP32960"
"TC59394","TE80553","T640336"
"TC59396","TE80553","T640336"
"TK26389","TE80558","E985065"
"TJ27501","TK26228","20071W72_SIRE"
"TJ27510","TK26228","20071W72_SIRE"
"TJ24961","TK26233","20091W76_SIRE"
"VJ59754","VH99168","VJ59661"
"VN57594","NN88630","VH82468"
"VH84889","VE27145","VE27141"
"VE27935","VE27147","VE27042"
"VE27900","VE27145","VB54074"
"VC47106","NN35709","VB54048"
"NN86699","NN87901","NN87917"
"VP32034","VJ59012","VN57146"
"VP32031","VJ59012","VN57146"
"VN86545","VR26374","VN86237"
"VN86550","VR26374","VN86237"
"TA16701","VF64535","VR90745"
"VN56069","VH83988","F938377"
"VH12323","E956999","VE33386"
"VH12327","E956999","VE33386"
"VH12329","E956999","VE33386"
"VH12331","E956999","VE33386"
"VH12334","E956999","VE33386"
"VN86047","F938361","VH83906"
"VJ59912","VH21103","VH83807"
"VH82578","VH21103","VH83807"
"VH82579","VH21103","VH83807"
"VC47481","NN88184","NN35509"
"VC47486","NN88184","NN35509"
"NN34413","NE94272","NE96443"
"VN86115","VJ59251","VJ59323"
"VN86116","VJ59251","VJ59323"
"VX12178","VR26449","VN56419"
"VX12177","VR26449","VN56419"
"VX12176","VR26449","VN56419"
"NN86717","NN86450","NN87911"
"NN86722","NN86450","NN87911"
"NN86723","NN86450","NN87911"
"VX14082","VR90012","VR26970"
"VN56349","19951CH9_DAM","NN30554"
"VN57548","H300547","NN30558"
"VH82057","VE33388","F952686"
"VH84967","VE33388","19911W28_SIRE"
"VE26341","VE27359","E983848"
"VN86090","VJ59167","19941MP41_SIRE"
"VN86094","VJ59167","19941MP41_SIRE"
"VN86096","VJ59167","19941MP41_SIRE"
"TL37866","TL39029","X235632"
"VJ59437","VH99322","VH83366"
"NN30847","VH21607","VE32779"
"VH83503","VE32775","NE96051"
"VN86189","VH99322","VH83366"
"VN86183","VH99322","VH83366"
"VN86184","VH99322","VH83366"
"VH84392","VE33205","VE32774"
"NN86100","NE95869","NN87035"
"NN86105","NE95869","NN87035"
"NN86107","NE95869","NN87035"
"VN87513","VN86049","VN85957"
"VN86377","F938363","VJ59293"
"VS83221","K578029","VX12162"
"VH99701","VH82465","VH82315"
"VH99702","VH82465","VH82315"
"VE27847","NN86898","VB54603"
"VE26288","VE26636","VB55577"
"VN86106","VH82722","VJ59254"
"VR91723","VN86696","VX12192"
"TA15588","VT34051","VF64536"
"VR27064","VH82465","VJ58720"
"VR27067","VH82465","VJ58720"
"VB54566","NN86070","VB54262"
"VB54569","NN86070","VB54262"
"VB54572","NN86070","VB54262"
"VX12028","K604706","VR90059"
"VF64401","K604679","VR91483"
"VF64406","K604679","VR91483"
"VF64404","K604679","VR91483"
"VB54005","NN88256","NE96849"
"VB54007","NN88256","NE96849"
"NN86773","NE96978","NN87554"
"VR91814","VX12618","VX12801"
"VX13735","VR90579","VP51086"
"VE27369","VB54600","E956267"
"NK59999","B067135","NE95737"
"VC47493","NN86879","NN88106"
"VC47497","NN86879","NN88106"
"NN87003","NN30152","NE93701"
"NN87006","NN30152","NE93701"
"NN87008","NN30152","NE93701"
"NN87690","NN35315","NN87104"
"VP51427","VJ59235","VJ58692"
"VP51426","VJ59235","VJ58692"
"VP51425","VJ59235","VJ58692"
"VP51421","VJ59235","VJ58692"
"VP51422","VJ59235","VJ58692"
"VR90301","VJ59235","VJ58692"
"VR90292","VJ59235","VJ58692"
"NN34866","VB54255","19871C140_SIRE"
"VR27004","VH83809","VN86783"
"VR27009","VH83809","VN86783"
"VR27008","VH83809","VN86783"
"VR27010","VH83809","VN86783"
"VN57622","VH82596","VH82464"
"NN87527","NN35120","NK59437"
"NN87529","NN35120","NK59437"
"VN87482","VJ58361","VH99167"
"VJ59491","VH83305","19931MP80_SIRE"
"VJ59348","F938402","VH84967"
"VJ59349","F938402","VH84967"
"VH82864","VH12331","VH21112"
"VH82332","VH12329","F937899"
"VH83959","F938402","VH84967"
"VN57773","H300532","VH82119"
"VN85654","VH12331","H301125"
"VN85655","VH12331","H301125"
"VP51471","VN86377","H301732"
"VP51467","VN86377","H301732"
"VR90937","VN56349","J745945"
"VR90931","VN56349","J745945"
"VN85635","VH82598","VH83000"
"VN85429","VX12632","VN87327"
"VN85433","VX12632","VN87327"
"VT34121","VF64401","VR91954"
"VF63690","VX12632","VN87327"
"VH99638","VH82120","H300512"
"VH84661","E956216","VE27900"
"VN56166","VH82579","19941MP61_SIRE"
"VN56168","VH82579","19941MP61_SIRE"
"VN56171","VH82579","19941MP61_SIRE"
"VN56175","VH82579","19941MP61_SIRE"
"VN57766","H300526","VN57594"
"VN86922","VJ58808","F952878"
"VN86924","VJ58808","F952878"
"VN85862","J745155","VH84889"
"VP32528","J745155","VH84889"
"VN87070","VN86116","J745171"
"VN87068","VN86116","J745171"
"VS84334","VR91814","H301833"
"VS84335","VR91814","H301833"
"VF63462","P439149","VT34542"
"VF63460","P439149","VT34542"
"VF63455","P439149","VT34542"
"TL36342","TJ27510","J644922"
"TL36340","TJ27510","J644922"
"TS45751","TJ27510","V279628"
"VH82232","VE27865","VE27847"
"VH83373","VH21607","VH83503"
"VE32556","VB55277","VC47497"
"VN87525","VN56241","VN86184"
"VN87620","VN86047","VN86189"
"VX14170","VR26372","VP32034"
"VR91891","VR26958","VR90384"
"VS83214","VS84619","VX12178"
"VH84984","VB55520","VE27900"
"VP32128","VJ58483","VN85850"
"VP32131","VJ58483","VN85850"
"VH82027","F952683","VH12323"
"VX13610","K578124","VX14082"
"VE27377","VC47168","NN86723"
"VE27381","VC47168","NN86723"
"VJ58783","VH82756","VH82578"
"VJ58785","VH82756","VH82578"
"VJ58787","VH82756","VH82578"
"VR91590","VR26335","VN86550"
"VN57666","F874754","NN30847"
"VN57668","F874754","NN30847"
"VH82440","F465931","VH84392"
"VH83342","VE26341","F984814"
"VH83346","VE26341","F984814"
"VH83349","VE26341","F984814"
"NN88737","NN86107","E066181"
"VN57732","H301342","VN57548"
"VN57725","H301342","VN57548"
"VN87090","VJ59437","J745172"
"VN87098","VJ59437","J745172"
"VN87673","VH82057","F938419"
"VN87670","VH82057","F938419"
"VJ59073","VH82057","VJ57101"
"VN86433","VN86096","VN86012"
"VN87999","VN87513","VP32603"
"VN87996","VN87513","VP32603"
"VB54341","NN86107","NN35081"
"VN86019","VJ59437","VJ59170"
"VH83547","F465868","VE26288"
"VF64197","VR91723","K578522"
"VF64198","VR91723","K578522"
"VF64199","VR91723","K578522"
"VF64201","VR91723","K578522"
"TA15502","N200060","VS83221"
"TA15501","N200060","VS83221"
"TA15499","N200060","VS83221"
"VF63169","N200060","VS83221"
"VF63170","N200060","VS83221"
"VE27883","VB54569","NN86929"
"VB54182","NN88411","NN86773"
"VB54184","NN88411","NN86773"
"VB54185","NN88411","NN86773"
"VB54186","NN88411","NN86773"
"VF64628","VX13735","H301805"
"VF64629","VX13735","H301805"
"VF64631","VX13735","H301805"
"VT33188","K578422","VX12028"
"NN88578","NN86497","VB54007"
"VB54676","NN87034","VB54005"
"VE26002","VB55038","VC47486"
"NN86962","B069386","NK59999"
"NN86848","NN87003","B069477"
"NN86902","NN87003","B069477"
"NN35395","B069386","NK59999"
"NN35400","B069386","NK59999"
"VX13049","K578106","VR90301"
"VX13790","K578106","VR90301"
"VX13797","K578106","VR90301"
"VB55641","VR27370","VR90292"
"VB54439","NN87006","NK59910"
"VH99088","NN35693","VE27935"
"NN87697","NN87529","NN87527"
"VJ58725","H300536","VH82332"
"VH83975","VH83547","F938323"
"VJ57139","H302091","VH83342"
"VN86460","VN88144","VN56171"
"VN86455","VN88144","VN56171"
"VN86456","VN88144","VN56171"
"VN87724","F938335","VN56175"
"VT34400","N200059","VF64198"
"VT34395","N200059","VF64198"
"TA16634","N200047","VF64628"
"TC59159","TA15499","H300064"
"VH83478","VE32758","VH83349"
"NN35955","NN86962","NN86345"
"VB55134","NN86962","NN86345"
"VB55136","NN86962","NN86345"
"VR27152","VN57766","VN56249"
"VR27151","VN57766","VN56249"
"VR26801","VN57732","VP51773"
"VR27400","VN57732","VP51773"
"TK27533","VF63462","TB26583"
"TK27537","VF63462","TB26583"
"VH99155","VH82864","F873531"
"VH99156","VH82864","F873531"
"VN56384","VN85654","J745174"
"VN56386","VN85654","J745174"
"VN56383","VN85654","J745174"
"VN56380","VN85654","J745174"
"VP51922","VN85655","H301756"
"VN87840","F938422","VN86433"
"VF64215","VB55641","K604645"
"VF64217","VB55641","K604645"
"VF63616","H300032","VN85433"
"TA15058","VN85429","H300025"
"TA15057","VN85429","H300025"
"TA15118","H300042","VF63690"
"TA15116","H300042","VF63690"
"VJ59114","VH83210","VH83959"
"VJ59115","VH83210","VH83959"
"VE27515","VC47008","NN88737"
"NN35551","NN86962","NN88157"
"NN35555","NN86962","NN88157"
"VN86994","VJ58611","VH99638"
"VN86996","VJ58611","VH99638"
"VR26828","VN57773","VP51557"
"VR90264","VH82232","VN56416"
"VX14381","VR27211","VN56168"
"VX14382","VR27211","VN56168"
"VX14383","VR27211","VN56168"
"VR91734","VJ59772","VN87999"
"VR91738","VJ59772","VN87999"
"VR91737","VJ59772","VN87999"
"VF64114","VX13790","VX12512"
"VF64112","VX13790","VX12512"
"VF64111","VX13790","VX12512"
"VF64107","VX13790","VX12512"
"VT33932","VS83214","VR91849"
"VH99446","VJ59754","VN86433"
"VH99449","VJ59754","VN86433"
"VN57986","VR90937","VR27297"
"VJ57125","F874639","VH83373"
"VP51653","H301740","VN85862"
"VP51659","H301740","VN85862"
"VP51662","H301740","VN85862"
"VN57681","VH82027","VH12323"
"VN57685","VH82027","VH12323"
"VH99952","VH84661","VH12382"
"VH82275","VH12334","VH84984"
"VJ57573","VE33185","VH99088"
"VN57820","VH84941","VH84984"
"VN57821","VH84941","VH84984"
"VN57822","VH84941","VH84984"
"VN57825","VH84941","VH84984"
"VN87574","VN56166","VN56143"
"VN87573","VN56166","VN56143"
"VN87579","VN56166","VN56143"
"VR26484","VN87701","VN87525"
"VT34095","VS84334","VR91448"
"VH83519","VE26273","VE32556"
"VN87550","VH82579","VN86019"
"VT33944","VS84334","VX12512"
"VT33949","VS84334","VX12512"
"VT33942","VS84334","VX12512"
"VR91781","VR91590","F938631"
"VS84385","VR90720","VX13610"
"VS84386","VR90720","VX13610"
"VS84810","VR91590","VR91679"
"VT33014","VR90720","VX13610"
"VT33013","VR90720","VX13610"
"VN57185","H301134","VH82440"
"VH99367","VH83346","H302085"
"VH99371","VH83346","H302085"
"VH99375","VH83346","H302085"
"VH99376","VH83346","H302085"
"VH83452","VH83346","H302085"
"VR27109","VN86930","VN57725"
"VR27114","VN86930","VN57725"
"VR27384","VN56396","VN57725"
"VR27386","VN56396","VN57725"
"VR27380","VN56396","VN57725"
"VN87853","VJ59253","VN57666"
"VN87856","VJ59253","VN57666"
"VE33334","VB54186","E906993"
"VE33335","VB54186","E906993"
"NN88643","VB54184","E066210"
"TB26267","N200125","TA15502"
"VH84516","VE27883","VE27854"
"VH84517","VE27883","VE27854"
"VC47196","VB54186","VB54341"
"NN87858","VB54185","VB54182"
"NN87862","VB54185","VB54182"
"VT33500","20021EX44_DAM","VT33188"
"NN35609","B068656","NN35395"
"NN35610","B068656","NN35395"
"NN86267","C696748","NN35395"
"VC47015","NN86902","NN86783"
"VC47018","NN86902","NN86783"
"VC47020","NN86902","NN86783"
"VC47268","NN88529","NN35400"
"NN88986","VB54439","VB54332"
"NN88987","VB54439","VB54332"
"VE27123","NN86902","VB54869"
"VJ59257","F938371","VH83975"
"VN57322","19941XJ3_DAM","VH99155"
"VN86338","19941MP73_DAM","VH99367"
"VP32709","F938437","VH99367"
"VP32702","F938437","VH99367"
"VF64308","VN86456","K578586"
"TC58123","R040187","TA15058"
"VN86220","VJ58957","VH83452"
"VR90145","VP51659","VB55795"
"TJ24202","TK27048","TC59159"
"TR44112","TK27048","TC59159"
"VN57016","H301104","VJ57139"
"VN57023","H301104","VJ57139"
"VN57699","VH99952","H300552"
"VB55751","VH82275","H300519"
"VH84881","E956216","VH84517"
"VE26994","NN35955","19901C61_SIRE"
"VE27061","C716898","VC47018"
"VP51113","H300511","VJ58725"
"VP51604","H300511","VJ58725"
"VR26415","19961B62A_DAM","VN87724"
"VR26421","19961B62A_DAM","VN87724"
"VR90738","VN57822","H301345"
"VR90912","VR27400","19971W77_SIRE"
"VN57950","K578104","VN86996"
"VN57954","K578104","VN86996"
"VS84562","VR26484","K578001"
"VS84567","VR26484","K578001"
"VT33388","VF64114","C695372"
"TA16848","VT33013","N200676"
"TA16851","VT33013","N200676"
"TA16549","K578624","VS84810"
"TA16544","K578624","VS84810"
"TB26276","R639017","TA16634"
"VN86479","VJ59491","VH99367"
"VN86486","VJ59491","VH99367"
"VN86484","VJ59491","VH99367"
"VN57993","VR27400","VP51447"
"VN57996","VR27400","VP51447"
"VT34285","VS84386","VF63547"
"VJ59826","VJ57573","VH82544"
"VR27657","VJ58617","VR27152"
"VR27659","VJ58617","VR27152"
"VH84013","VC47268","VE27838"
"VE26075","E985299","NN88986"
"VE26079","E985299","NN88986"
"VN86448","F938408","VJ59115"
"VR91006","VH99449","K604573"
"TA15081","VT34185","VF63616"
"TA15071","VT34185","VF63616"
"VF64885","N200703","VT33944"
"VR98163","P439061","TA15118"
"VR98174","VT33932","H300025"
"VR98260","P439061","TA15118"
"TB27188","VT33932","20061C49_SIRE"
"TB27416","VT33932","20071C49_SIRE"
"TB27423","VT33932","20071C49_SIRE"
"VB55373","NN86267","NC10776"
"NN35821","NN86267","NC10776"
"NN35827","NN86267","NC10776"
"VN56132","VJ59406","VJ59114"
"VN56134","VJ59406","VJ59114"
"VN56137","VJ59406","VJ59114"
"VS83683","VR90721","VN57986"
"VS84483","VX14383","VN56168"
"VT33629","VS84491","VR91737"
"TC58344","VS84491","VR91737"
"VN56445","VN86994","VN56096"
"VN87828","VN86496","VJ59114"
"VR91221","VX13390","VT33942"
"VR91220","VX13390","VT33942"
"VT33221","VS84455","VF64107"
"VR90682","VP51957","VN57820"
"VR90677","VP51957","VN57820"
"VR90681","VP51957","VN57820"
"VN87317","VX13343","VN56380"
"VN85402","VX13343","VN56380"
"VN85403","VX13343","VN56380"
"VN85410","VX13343","VN56380"
"VH83858","VB54589","VH83519"
"VE27083","NN86898","VC47015"
"VS84435","VR91734","VX13937"
"VS84438","VR91734","VX13937"
"VN87950","VN87574","VN86019"
"VF64498","VX13282","VR91737"
"VB55008","VB54119","NN35551"
"VB55014","VB54111","NN35555"
"VB55016","VB54111","NN35555"
"VB55018","VB54111","NN35555"
"VR90881","VN85859","VN87856"
"VN86147","VH99376","VJ59115"
"VN87542","VH99376","VJ59114"
"VN87541","VH99376","VJ59114"
"VN87570","VH99375","VN86034"
"VH99992","VH84516","H300518"
"VH99121","VE33335","VH21182"
"VH99123","VE33335","VH21182"
"VH99093","VE33335","VH12450"
"VH84909","VH84516","VH84072"
"VH84910","VH84516","VH84072"
"VH84913","VH84516","VH84072"
"VH84915","VH84516","VH84072"
"VH84916","VH84516","VH84072"
"VH84135","VE33334","VE27778"
"VS84959","R040127","VT33500"
"VR26948","VP51662","VR27008"
"VR26946","VP51662","VR27008"
"VF64429","VR27400","VX13797"
"VB55121","NN35850","NN35610"
"VJ59946","VH84881","H301105"
"VJ59947","VH84881","H301105"
"VR91628","VR26421","F938410"
"VF64182","K578582","VR91006"
"VF64183","K578582","VR91006"
"VP51136","VN57016","VN57128"
"TL37455","TE79871","TB27416"
"VE33594","VB55121","E984598"
"VN87632","VN56137","F938394"
"VN87629","VN56137","F938394"
"VN87628","VN56137","F938394"
"VN87633","VN56137","F938394"
"VN87807","VN56137","F938394"
"VR90770","VR90145","J745950"
"VF64521","VS83683","P282198"
"VF64526","VS83683","P282198"
"TL39280","TJ24202","T176991"
"VN86083","VE32758","VJ59257"
"VR26316","VN56428","VN86486"
"VX12654","VN86522","VP32709"
"VX12652","VN86522","VP32709"
"VS84026","VP32702","VX12177"
"VS84443","VN57950","VX13102"
"VS84449","VN57950","VX13102"
"VF64559","VR26415","VX13228"
"VF64560","VR26415","VX13228"
"VF64561","VR26415","VX13228"
"TC58091","TA15081","VT34371"
"VH99110","F873524","VH99093"
"VH83785","VE26994","19911B76_SIRE"
"VJ59521","F873554","VJ59826"
"VJ59677","VN56303","VJ59826"
"VS84868","VR90912","K604548"
"VS84864","VR90912","K604548"
"TC58407","VR91221","T177510"
"TC58408","VR91221","T177510"
"TC58414","VR91221","T177510"
"VF63966","TA16848","20041O106_SIRE"
"VF63970","TA16848","20041O106_SIRE"
"VF63972","TA16848","20041O106_SIRE"
"VR98209","VR91220","H300063"
"VH99653","VH84956","VH84909"
"VH99656","VH84956","VH84909"
"VH99855","VH83809","VH84910"
"VH99863","VH83809","VH84910"
"VX12362","VR90912","VR26570"
"VX12356","VR90912","VR26570"
"VX12360","VR90912","VR26570"
"VF64605","VN57996","VS83402"
"VF64600","VN57996","VS83402"
"VF64602","VN57996","VS83402"
"VS84757","VF64429","VF64489"
"VN57484","VR91220","TA15124"
"VH99762","VH82755","VH84913"
"VH99707","VH84643","VH84910"
"VH99708","VH84643","VH84910"
"VJ59548","VJ58787","VN57322"
"VP51622","VJ59164","VN86220"
"VN87700","VN56128","VN86338"
"VR26605","VR27659","VR26478"
"TS43656","TR40042","TR44112"
"VH82478","VC47059","VH84916"
"VR90433","VH99326","VP51113"
"VH99441","VN86484","VJ59115"
"VH99928","VH84013","F952559"
"VH99929","VH84013","F952559"
"VH99410","K604502","VN86448"
"VR91041","K604576","VN86147"
"VR91040","K604576","VN86147"
"TK27434","H301164","TC58344"
"TK27438","H301164","TC58344"
"TB27254","F952461","VR98260"
"TB27250","F952461","VR98260"
"TB27255","F952461","VR98260"
"TB27253","F952461","VR98260"
"VH83603","VB55294","VE26075"
"VE33634","NN88852","VB55008"
"VN86420","VJ59406","VN86147"
"TL39075","TB27423","TJ27940"
"VH99032","VH84001","VE26079"
"VE27767","NN86699","VB55018"
"VN86488","VN86166","VN56132"
"VN87822","VP51456","VN86147"
"VN87824","VP51456","VN86147"
"TC58206","TA15588","VT33221"
"TC58205","TA15588","VT33221"
"VH99330","F938335","VH83858"
"VS84417","K604667","VR90682"
"VS84423","K604667","VR90682"
"VS84425","VN87317","K604625"
"VS84428","VN87317","K604625"
"VS84430","VN87317","K604625"
"VS84431","VN87317","K604625"
"VF64795","VN87317","K604625"
"VF63882","VN85403","20041SW126_SIRE"
"VN56055","VJ57219","VH84135"
"VJ59384","VH82021","VH83858"
"VT34809","VN85410","VX12512"
"VF64606","VR90881","VX12028"
"VF64612","VR90881","VX12028"
"VF64613","VR90881","VX12028"
"VF64614","VR90881","VX12028"
"VF64615","VR90881","VX12028"
"VN57037","VH99123","H303103"
"VH82214","VH84915","VH84248"
"VN57055","VH99121","VH82868"
"VN57059","VH99121","VH82868"
"VN57060","VH99121","VH82868"
"VR26465","19961B25_DAM","VN87632"
"VR26566","F938440","VN87807"
"VR91526","F938440","VN87807"
"VR91688","F938440","VN87807"
"VS84695","K578028","VN87807"
"VF64267","VR91040","K578589"
"VF64261","VR91040","K578589"
"VF63561","VJ59521","H300026"
"VS83001","K578028","VN87807"
"VT34237","N200040","VS84868"
"VR27819","N200709","VF64795"
"VR27859","N200683","VS84430"
"TE79822","T550179","TC58407"
"TL37495","TB27253","T640381"
"VN86003","VH99330","VH83900"
"TE80064","TB26552","VF63966"
"TC59340","TE80505","VF63966"
"VN56041","VH99855","F938385"
"VE27987","VE33634","C695586"
"VF64103","VS84026","K578573"
"VF64275","K578584","VX12356"
"VF64274","K578584","VX12356"
"VF64273","K578584","VX12356"
"VF64271","K578584","VX12356"
"VF64269","K578584","VX12356"
"VT33419","VF64560","VX13432"
"TP25060","X239905","TL37455"
"TP25062","X239905","TL37455"
"TP25066","X239905","TL37455"
"VJ58858","VH99863","VH99849"
"VJ59131","VH99330","VH83987"
"VJ59147","VH99074","VH83785"
"VJ59149","VH99074","VH83785"
"VH99337","VH99074","VH83785"
"VH99340","VH99074","VH83785"
"VH99341","VH99074","VH83785"
"VN85644","VJ59946","VJ59972"
"VN85647","VJ59946","VJ59972"
"VN85650","VJ59946","VJ59972"
"VN87977","VN86166","VN87629"
"VR26357","VP32266","VN87633"
"VR26356","VP32266","VN87633"
"VX12737","VJ59677","VR26114"
"TB27161","TC58114","VN57484"
"TB27160","TC58114","VN57484"
"TA16928","VT33014","VS84757"
"TA16923","VT33014","VS84757"
"TA16926","VT33014","VS84757"
"VN86785","VH99762","H301353"
"VN86788","VH99762","H301353"
"VR26686","F938445","VN87700"
"VX12348","K604549","VR26316"
"VX13329","VN87822","K578111"
"VX13328","VN87822","K578111"
"VF64768","C695338","VF64561"
"VF64765","C695338","VF64561"
"VF64772","C695338","VF64561"
"VT33143","C695360","VS84449"
"VT33381","VF64613","20021EX29A_SIRE"
"VT33379","VF64613","20021EX29A_SIRE"
"VT33378","VF64613","20021EX29A_SIRE"
"VT33383","VF64613","20021EX29A_SIRE"
"TA15596","N200680","VT34809"
"TK27481","TC58205","TE64149"
"TK27488","TC58205","TE64149"
"TL37665","TL39280","T640782"
"TL37660","TL39280","T640782"
"VH84051","VE27767","VE33730"
"VR26361","VN87628","VN87673"
"VR26362","VN87628","VN87673"
"VR26365","VN87628","VN87673"
"VR26253","VP32360","VX12654"
"VR26256","VP32360","VX12654"
"VN87380","VP32360","VX12654"
"VN87375","VP32360","VX12654"
"VT34705","VF64526","VS84375"
"TR44247","TS45633","TS43656"
"VN56453","VH82294","VH82214"
"VN56451","VH82294","VH82214"
"VN56449","VH82294","VH82214"
"VN56447","VH82294","VH82214"
"VJ58705","F952692","VH82478"
"VN57794","H300546","VH99707"
"VN57795","H300546","VH99707"
"VR91742","VJ59548","K578320"
"VS84545","K604505","VH99441"
"VS84546","K604505","VH99441"
"VS84548","K604505","VH99441"
"VS84549","K604505","VH99441"
"VS84544","K604505","VH99441"
"VS84819","VX12362","20001MP48_SIRE"
"VF64128","VJ59548","K578320"
"VF64130","VJ59548","K578320"
"VF64127","VJ59548","K578320"
"VT34380","VS84864","N200042"
"VT34382","VS84864","N200042"
"TK27716","VF63972","T176417"
"VN86853","VN57076","VH99708"
"VN86275","VH99855","VJ59411"
"TE80049","VF63972","TB26517"
"TA16427","K578017","VR91041"
"TA16432","K578017","VR91041"
"VJ58887","VJ57125","VH99032"
"VH82393","VH12327","VH99032"
"VJ57738","VH84059","VH83603"
"VJ57743","VH84059","VH83603"
"VP51541","VH99929","VP51117"
"VP51539","VH99929","VP51117"
"VP51545","VH99929","VP51117"
"VH99401","VJ59196","VN86488"
"VH99402","VJ59196","VN86488"
"VJ58336","VH99928","VH83446"
"TP25560","TK26991","TB27250"
"TP25559","TK26991","TB27250"
"VF64845","P439004","VS84417"
"VT33243","VS84425","VS84472"
"TA16781","VS84431","VS84356"
"TA16839","VF64555","VS84417"
"TA16843","VF64555","VS84417"
"TA16845","VF64555","VS84417"
"VF64776","VS84443","VS84423"
"VT33023","C695358","VF64612"
"TA16800","C695358","VF64612"
"VN87847","VN87542","VN86488"
"VN87845","VN87542","VN86488"
"VE33922","VN57055","F873522"
"VP32178","VN57059","VH99245"
"VJ59555","VN57055","VH99167"
"VR26989","VN57795","19961W44_SIRE"
"VN86597","VR26465","J644172"
"VN86598","VR26465","J644172"
"VN86600","VR26465","J644172"
"VN86601","VR26465","J644172"
"VS84655","VR91526","F938639"
"VS84649","VR91526","F938639"
"VS84654","VR91526","F938639"
"VS83300","VS84544","K578048"
"TA15479","VF64273","N200111"
"TA15484","VF64273","N200111"
"TA15720","N200075","VF63561"
"TA15746","VT34237","N200119"
"TB21507","VS84695","K578622"
"TB21501","VS84695","K578622"
"TC58024","VF64845","N200852"
"TE80458","T177537","VT33379"
"TK26361","E985086","VT33379"
"TJ24269","N199708","TK27488"
"VP51588","VN57794","VH99746"
"VR98317","TA16894","VT33419"
"TB26663","TA15501","VT33379"
"TB26668","TA15501","VT33379"
"TB26670","TA15501","VT33379"
"TR40261","TP28846","TL37665"
"TR40266","TP28846","TL37665"
"TR40263","TP28846","TL37665"
"TR43544","TP25060","TJ24861"
"VJ59362","F938363","VH99337"
"VP32235","VJ58887","J745162"
"VP32233","VJ58887","J745162"
"VP32302","J745183","VN85650"
"VX12695","K578504","VR26362"
"VX13789","K578101","VJ58858"
"VF64159","VR26253","K578576"
"VF64154","VR26253","K578576"
"VF64575","K578101","VJ58858"
"VF64579","K578101","VJ58858"
"VF63356","K578980","TA16781"
"VF63357","K578980","TA16781"
"VJ59932","VH82393","VH83452"
"VJ59937","VH82393","VH83452"
"VX12687","VR26566","VR26676"
"VT34002","VR26256","VN85437"
"VT34006","VR26256","VN85437"
"TA15028","VN87380","VN85439"
"TA16153","VS84544","VT34371"
"TA15601","VR26256","VN85437"
"TV44675","TR44247","TP42722"
"TS45460","TR44247","TP42722"
"VJ59077","VH83478","VH99340"
"VJ59084","VH83478","VH99340"
"VN86771","VH12363","VJ58858"
"VN87046","VN86003","VN86030"
"VR27315","VN85655","VJ58858"
"VJ59150","VH99341","F938347"
"VJ59151","VH99341","F938347"
"VJ59153","VH99341","F938347"
"VH99146","VJ57743","F873515"
"VH99149","VJ57743","F873515"
"VH99150","VJ57743","F873515"
"VH99151","VJ57743","F873515"
"VJ59496","VJ57743","F973515"
"VE33919","VJ59147","VJ99214"
"VR26866","J745928","VP51539"
"VR26865","J745928","VP51539"
"TC58340","TA16926","N200850"
"VH99580","TA16928","20041EX89_SIRE"
"VH99579","TA16928","20041EX89_SIRE"
"TE79807","TA16928","T550176"
"VH21020","VE27987","VE33469"
"VJ58439","VJ59149","VJ59879"
"VP51632","VN85647","VN85920"
"VP51630","VN85647","VN85920"
"TA16273","VF64162","VF64127"
"TA16274","VF64162","VF64127"
"TA16276","VF64162","VF64127"
"VS84918","VT33313","VF64271"
"TB27445","TK25571","TB27160"
"TL37054","TK25571","TB27160"
"VN87865","VN86275","VN87573"
"VX12240","VR26356","VH82814"
"VR90582","VN56447","J644082"
"VR90588","VN56447","J644082"
"TB26378","VT33381","T177503"
"TB26383","VT33381","T177503"
"TB26389","VT33381","T177503"
"TB26387","VT33381","T177503"
"TE80336","VT33381","T177505"
"TE80338","VT33381","T177505"
"VR27888","VS84372","VF64765"
"VH99723","VH84051","VH84517"
"VR90374","VN56453","VP32034"
"VS83800","VX13329","VX13103"
"VF64722","VX13329","VX13103"
"VF64724","VX13329","VX13103"
"VF64727","VX13329","VX13103"
"VR27832","VS83770","VT33143"
"VJ59657","VN86785","VH84756"
"TA16959","VT34705","VF64271"
"TA16966","VT34705","VF64271"
"VS83235","K578040","VS84549"
"TA16003","K578601","VS84548"
"TA16002","K578601","VS84548"
"TB21526","K578601","VS84548"
"TB21524","K578601","VS84548"
"TB26015","K578601","VS84548"
"TB26018","K578601","VS84548"
"VP51975","VN85859","VN86853"
"VS83310","VF64275","VS84545"
"TA16125","VF64275","VS84545"
"TA16121","VF64275","VS84545"
"TA16463","VS84665","VS84549"
"TC58568","TA16843","VT33317"
"TP25530","TL37495","TB27254"
"VN56463","H301726","VJ57738"
"VN56468","H301726","VJ57738"
"TC58911","R639016","TA16432"
"VR26796","VR26371","VN87847"
"TR42091","TP25068","TP25559"
"VN87887","VJ58336","VN86115"
"VN87885","VJ58336","VN86115"
"VX14357","VN56449","VR27380"
"VX14359","VN56449","VR27380"
"VR27309","VN56447","VP51421"
"VR26846","VN56451","VP51422"
"TA16995","VF64602","VF64776"
"VN86848","VJ59131","VH82464"
"VN87463","VJ59555","VN87996"
"VP32860","J745187","VP32235"
"VP32863","J745187","VP32235"
"VN87439","F873573","VJ59496"
"VN87438","F873573","VJ59496"
"VS83451","19991W5_DAM","VR90588"
"VT34646","VP32302","20011C117_SIRE"
"VR98327","TA15720","N200713"
"VR98370","P439141","TA15484"
"VR98369","P439141","TA15484"
"TB26144","N199108","TB21501"
"TE80640","P439141","TA15484"
"TC59401","TC58911","N200902"
"TK27631","TB26015","T640337"
"TK27817","TE80458","T177579"
"TK27821","TE80458","T177579"
"VJ59508","VN86947","VE33919"
"VJ59511","VN86947","VE33919"
"VR27390","VN56468","VN85747"
"VR27389","VN56468","VN85747"
"VN87468","VP32302","VP32515"
"VP32427","VN56463","VN56418"
"VR26072","VP32302","VP32515"
"VX13374","VX14133","VN86601"
"VX13368","VX14133","VN86601"
"VN85416","VP32302","VN86652"
"VS83099","VS84314","VF64154"
"TE80622","TA15531","TB26378"
"TE80618","TA15531","TB26378"
"VH12335","F937890","VH21020"
"VH12337","F937890","VH21020"
"VX12151","VN86597","K604546"
"VT34654","VS84654","H300039"
"TA16221","VS84655","K578065"
"TA16220","VS84655","K578065"
"VF63423","TB21507","P439163"
"TE80249","TB26670","T550165"
"TE80569","VR98317","E985064"
"TE80544","TC58024","P439006"
"TP25567","TB26663","T640355"
"TS46096","TR40261","20141MP3_SIRE"
"TS46097","TR40261","20141MP3_SIRE"
"VP32044","VJ59248","VJ58439"
"VP32046","VJ59248","VJ58439"
"VP32048","VJ59248","VJ58439"
"VP32049","VJ59248","VJ58439"
"VP32040","VJ59248","VJ58439"
"VR27434","VJ59248","VJ58439"
"VR27431","VJ59248","VJ58439"
"VR27433","VJ59248","VJ58439"
"VX13906","VX14461","VN86600"
"TA16385","VS84649","VF64154"
"VF63050","VT33776","TA15028"
"TA15362","TC58112","TB26668"
"TP28877","TJ24171","TK26361"
"VS84180","VZ29007","TS45460"
"VZ32931","VZ29007","TS45460"
"VR26327","F938426","VN87046"
"VR26328","F938426","VN87046"
"VR26323","F938426","VN87046"
"VR91429","VN86848","K604837"
"VR91431","VN86848","K604837"
"VT34337","C695385","VR90374"
"VH21717","C695385","VS83800"
"VH21716","C695385","VS83800"
"TB26643","C695385","VS83800"
"TB26651","C695385","VS83800"
"TB26647","C695385","VS83800"
"TC58038","VR27832","N200803"
"TC58032","VR27832","N200803"
"VF64121","VS83447","VX12695"
"VF64119","VS83447","VX12695"
"VF64371","VS84372","VF64579"
"VT33658","VT34395","VS83800"
"VP32506","VN86848","VJ58955"
"VR27515","VN86848","VP32010"
"VN85821","VJ59084","VJ59017"
"VR90034","VN86771","VN86999"
"VT33779","VS83747","VX13789"
"VT33785","VS83747","VX13789"
"VN86724","VJ59150","H301341"
"VP32481","VP51632","19971O50_SIRE"
"VP32483","VP51632","19971O50_SIRE"
"VR91651","VX12240","19981B51_SIRE"
"TC58534","P282310","VS84918"
"VR90761","VR27650","VR26866"
"VN86691","VR90661","VN86598"
"VN86689","VR90661","VN86598"
"VR91672","VX12687","VX12158"
"VS84702","VX12687","VX12158"
"VS83063","VX12687","VX12158"
"VP51003","VH99984","VJ59362"
"VT33598","VT34006","VT33221"
"VT33596","VT34006","VT33221"
"VT33595","VT34006","VT33221"
"VR91311","VR27832","VX13610"
"VP51491","VJ59153","VN57825"
"VP51489","VJ59153","VN57825"
"VH99413","VN87865","VN86147"
"VH99414","VN87865","VN86147"
"VH99420","VN87865","VN86147"
"VT33506","VF64722","N200587"
"TE79798","TB26383","E985091"
"VN86877","VH99723","VH99746"
"VN86878","VH99723","VH99746"
"VX13178","VR90582","VX14192"
"VX13174","VR90582","VX14192"
"VR90676","VR26846","VR90264"
"VX14341","VJ59153","VN87824"
"VX14340","VJ59153","VN87824"
"TB26221","K578605","TB21524"
"TB26105","K604567","TA16463"
"TK25676","N199318","VS83235"
"TK25674","N199318","VS83235"
"TB26193","VJ59774","VS83235"
"TK26287","TC58420","TC58568"
"VR90549","VN56468","VR90292"
"VR90550","VN56468","VR90292"
"VR27548","VP51975","VP51425"
"VR26660","VN87887","VN87977"
"VX12409","VN87438","K604569"
"VX12488","K604574","VR91651"
"VN85443","VN87439","H300008"
"TA16176","VN87438","20021MP62_SIRE"
"TC58481","VH21716","P439158"
"TA16682","TB26221","N200769"
"TA16681","TB26221","N200769"
"TP41889","TK25676","20091MP97_SIRE"
"TV44148","Z031414","TS46097"
"VJ58948","VH12337","VH99888"
"TA16957","VT34337","VT33031"
"TB26783","TB26144","TA16299"
"TP41574","TJ27586","TK27817"
"VR27561","VP32040","K578324"
"VR90101","VJ59511","J745940"
"VX13246","VR90761","H301988"
"VX13244","VR90761","H301988"
"VX14493","J745930","VR26072"
"VF64412","VX13374","20001CP3_SIRE"
"VF64411","VX13374","20001CP3_SIRE"
"VF64474","K604678","VR26072"
"VF64475","K604678","VR26072"
"VT33801","VT34646","N200078"
"TA16086","VF64119","VT34084"
"TA16082","VF64119","VT34084"
"TA15087","H300011","VN85416"
"VT33764","VX13374","C695383"
"VT33760","VX13374","C695383"
"VF63481","VT34646","N199004"
"VF63487","VT34646","N199004"
"VH99588","VR98327","P439151"
"VH99584","VR98327","P439151"
"TK25841","TE80618","T176401"
"TC59703","E985071","VR98370"
"TC59701","E985071","VR98370"
"TC58930","TK26287","R639243"
"TC58932","TK26287","R639243"
"TJ24516","T640599","TE80640"
"TL38224","TK26287","R639243"
"TL38226","TK26287","R639243"
"VP32727","VR27433","VN56419"
"VP32986","VR27431","VR90325"
"VN87484","VP51848","VR27389"
"VN87487","VP51848","VR27389"
"VN87489","VP51848","VR27389"
"VX14037","VJ59511","VN85920"
"VS83088","VF64119","VF64183"
"VP51335","VN56360","VP32044"
"VP51333","VN56360","VP32044"
"TB26349","TA16385","P439185"
"TC59500","TE80544","N200953"
"VH99838","VH12337","VH12391"
"VR90984","VR26415","VP32044"
"VX13287","VR26415","VP32044"
"VT33047","VF64662","VR27515"
"TB27473","TB27357","TA15362"
"TB27475","TB27357","TA15362"
"TJ24511","TB27357","TA15362"
"VH82604","VH12306","VH12335"
"VH82606","VH12306","VH12335"
"VX12065","VR27548","VN85650"
"TB27182","VF63751","TA15362"
"VJ59741","VP32506","F823568"
"VF63705","VT33598","N200043"
"TC58350","N200825","VT33785"
"TC58357","N200825","VT33785"
"TC58354","N200825","VT33785"
"TC58351","N200825","VT33785"
"TE80123","E985082","TB26643"
"TE80115","VT33596","P439131"
"TE80125","E985082","TB26643"
"TE80127","E985082","TB26643"
"TA15928","TC58038","E985074"
"TA15923","TC58038","E985074"
"TB26884","VT33596","P439131"
"TB26890","VT33596","P439131"
"VP51649","VH12337","VJ58761"
"VP51646","VH12337","VJ58761"
"VR27059","VJ58686","VN86724"
"VR27054","VJ58686","VN86724"
"VF64090","VR91431","VR91429"
"VF63190","VT33598","TA15420"
"TE80684","VR91311","VF64874"
"VT33331","VS84455","VF64371"
"VR27183","H300391","VP51489"
"VR90991","H301735","VP51491"
"VR90988","H301735","VP51491"
"VR90992","H301735","VP51491"
"VR90987","H301735","VP51491"
"VS83666","VX14341","J745067"
"TA16557","K578019","VS84702"
"VR26592","VR26323","VN86033"
"VR26583","VR26323","VN86033"
"VR27041","VP51003","VP51083"
"VP32243","VN86878","H301121"
"VP32238","VN86878","H301121"
"VR27416","VN86878","H301121"
"VP32886","VN86878","H301121"
"VX12596","VN86878","H301121"
"TC59893","TE79798","N200968"
"VP51500","VN86877","VN85644"
"VT34976","VX13374","VS84417"
"VS84688","VX12488","20001B56_SIRE"
"VS84692","VX12488","20001B56_SIRE"
"TA15668","VF64475","VT34033"
"TC58458","N200811","VT33760"
"TC58464","N200811","VT33760"
"TC58463","N200811","VT33760"
"TC59708","R639113","TA16682"
"TC59717","R639113","TA16682"
"TK26533","TE80125","T176885"
"TK26531","TE80125","T176885"
"TS46141","T640728","TL38226"
"TC58792","N200811","VT33760"
"TC58795","N200811","VT33760"
"TC58791","N200811","VT33760"
"TC58797","N200811","VT33760"
"VF64700","VR27370","VS83666"
"VF64699","VR27370","VS83666"
"TP28738","TK26979","TC58481"
"TP28737","TK26979","TC58481"
"TP28736","TK26979","TC58481"
"TP28740","TK26979","TC58481"
"TR40792","TK26979","TC58481"
"TR40796","TK26979","TC58481"
"VR26060","VN87489","F873580"
"VN87307","VN87489","F873582"
"TK27746","TA16681","T640345"
"TL37422","TA16681","T177677"
"TP25670","TA16681","X239805"
"TP25671","TA16681","X239805"
"TP25673","TA16681","X239805"
"VN86989","VJ58902","VJ58948"
"VN86984","VJ58902","VJ58948"
"VN86988","VJ58902","VJ58948"
"VX14199","VP32049","VR27416"
"VX14201","VP32049","VR27416"
"VX14203","VP32049","VR27416"
"VN86684","VH99410","VP32727"
"VX13205","VR90991","VR90650"
"VX12496","VR26583","VN86184"
"VT33834","VN85443","VT34629"
"VT33840","VN85443","VT34629"
"VR90320","H301383","VP51500"
"VR90321","H301383","VP51500"
"VB55675","VR27561","VR94758"
"VF64135","VX13246","20001P4_SIRE"
"TA15313","F952459","TA15087"
"TB27128","F952459","TA15087"
"TK27704","VH99584","T640313"
"TK27697","VH99584","T640313"
"TR42087","TL38224","20101EX44_SIRE"
"TR40093","TC58932","X239966"
"VX12818","VX12098","VN87487"
"TA16029","VS83014","VS83088"
"VF63401","VT33801","VF64491"
"TP28610","TJ24598","TJ24516"
"TP28604","TJ24598","TJ24516"
"VJ59906","VH82688","VH82604"
"VX12185","VR26583","VH99441"
"VJ59969","VH82606","VH99110"
"VR90183","VR27054","19961W75_SIRE"
"TA15815","VF63190","20041SW33_SIRE"
"TE79844","VF63705","20051EX76_SIRE"
"TB27061","N200589","TC58357"
"TK27495","F952941","TE80123"
"TK26931","TE80115","E985078"
"TL38004","TB26890","J644808"
"VT34304","VF64090","VF64044"
"VR90179","VR27059","VP51817"
"VJ58797","VH82696","VH99838"
"VJ58800","VH82696","VH99838"
"VN57501","VH82696","VH99838"
"VR26986","VR27041","J745938"
"VR90783","VR27337","VR27183"
"VR90731","VP32238","J644085"
"VS83783","VP32243","J644082"
"VS83786","VP32243","J644082"
"VS83789","VP32243","J644082"
"VR91375","N200559","VT34976"
"TJ27951","TC59893","V260951"
"VR26843","VP32243","VN86740"
"VR26839","VP32243","VN86740"
"VX13727","VP32243","VB55735"
"VR90612","VP32243","VN87570"
"TA16759","N200702","VS83789"
"TA16761","N200702","VS83789"
"TA16757","N200702","VS83789"
"TA16754","N200702","VS83789"
"TC58381","VR91375","C695366"
"TC58376","VR91375","C695366"
"TC58377","VR91375","C695366"
"TE80021","TC58464","T550163"
"TE80025","TC58464","T550163"
"TJ27872","P439584","TK27704"
"TJ24719","X239704","TL38004"
"TJ24718","X239704","TL38004"
"VX14207","VR90321","VR27357"
"VX14216","VR90321","VR27357"
"VX14208","VR90321","VR27357"
"VX14213","VR90321","VR27357"
"TJ25282","TJ27586","TJ27951"
"TR44157","TJ27586","TP25673"
"VX14101","VN86988","J644091"
"VX14102","VN86988","J644091"
"TB27312","N199421","VF63401"
"TB27452","T177715","VF63401"
"TK26893","TK26531","F952473"
"TK26899","TK26531","F952473"
"TL39659","TK26531","20081SW113_SIRE"
"TR43591","TP28737","L315807"
"TR43588","TP28737","L315807"
"TR43589","TP28737","L315807"
"TR42378","X239740","TP28736"
"TR42379","X239740","TP28736"
"TS43535","Y034213","TP28740"
"TS45932","L315805","TR40796"
"TR44232","L809411","TS46141"
"VX14177","VN86930","VR26839"
"VX13991","VR26415","VX14203"
"VF64789","VF64699","VF64533"
"VT34319","VS84688","VS84351"
"TK25851","TC58795","TC58791"
"TC58698","TC58797","TC58235"
"TJ24530","TB26841","TC59717"
"TS47218","TR43544","TR40792"
"VN56485","H301724","VN86989"
"VN56489","H301724","VN86989"
"VN56492","H301724","VN86989"
"VN56493","H301724","VN86989"
"VP51731","H300517","VN86984"
"VP51729","H300517","VN86984"
"VP51728","H300517","VN86984"
"VS84588","VX12496","K578005"
"VS84591","VX12496","K578005"
"VF64477","VN87307","VX13432"
"VF64622","K604644","VX13727"
"TL39440","TP25670","E018354"
"VR26274","VR90770","VR26060"
"VR26276","VR90770","VR26060"
"VX12662","VX14201","VR26168"
"VX12661","VX14201","VR26168"
"VX12663","VX14201","VR26168"
"VF64504","VX13205","VX13789"
"VF64506","VX13205","VX13789"
"TS47173","TL38224","TR40796"
"TP27958","TL38224","TR40796"
"TS46291","TR40093","L809019"
"VR91805","VP51841","VR90320"
"VF64148","VP51841","VR90320"
"VF64149","VP51841","VR90320"
"TC58964","TB27061","TK25817"
"TJ26145","TB27138","TA15313"
"TJ26150","TB27138","TA15313"
"VR27089","VN86988","VN57820"
"VR90253","VN86988","VN57820"
"TL37539","TK27169","TB27128"
"TL37538","TK27169","TB27128"
"VN86803","H301314","VJ58797"
"VN56496","H300536","VJ58800"
"VP51448","J745151","VJ58797"
"VP51452","J745151","VJ58797"
"VX12609","J644169","VJ59969"
"VN85616","VJ59348","VJ59906"
"VP32104","VJ59348","VJ59906"
"VP32841","VJ59348","VJ59969"
"VP32843","VJ59348","VJ59969"
"TA15559","VN85403","VR90320"
"TC59195","TE79844","T176477"
"TC58655","TE79844","T176477"
"VF63793","VT34304","TA16519"
"VF63789","VT34304","TA16519"
"VF63794","VT34304","TA16519"
"TE80015","VT34304","TA16519"
"VR27157","VN57501","VN85551"
"VR27156","VN57501","VN85551"
"VS84331","VR26986","VX13066"
"VS84332","VR26986","VX13066"
"VS84323","VR26986","VX13066"
"VS84324","VR26986","VX13066"
"VS84326","VR26986","VX13066"
"VT34327","VR26986","VX13228"
"VS84368","VR90612","J745054"
"VS84360","VR90612","J745054"
"VT34793","VR90612","C695347"
"VX13910","VR90612","VX13678"
"VT34876","VS83786","VS83783"
"TC58270","VS83786","VS83783"
"VR90840","VP51729","H301805"
"VF64824","TA16757","R040141"
"VF64825","TA16757","R040141"
"TB26672","TA16761","K604635"
"TB26674","TA16761","K604635"
"TB26680","TA16761","K604635"
"TE80266","TA16757","T550140"
"TE80269","TA16757","T550140"
"TE80267","TA16757","T550140"
"TC59691","T640342","TE80021"
"TC59692","T640342","TE80021"
"TL37508","R639111","TC58377"
"TL38772","R639111","TC58377"
"TL38771","R639111","TC58377"
"TL37775","TB27452","X235608"
"VP51735","VN86803","VN56294"
"VP51736","VN86803","VN56294"
"VP51737","VN86803","VN56294"
"VT34889","VF64622","VS84428"
"VT34892","VF64622","VS84428"
"TA16053","VF64943","VS84591"
"TA16048","VF64943","VS84591"
"TS47597","TP25700","TS46291"
"VN56478","VN85616","H301727"
"VX13567","H301886","VX14213"
"VF64426","VP32841","H301988"
"VF64420","VP32841","H301988"
"TK27738","T640324","VF63789"
"TS45536","TR44157","X235596"
"VX13133","VP32104","VP51438"
"VF64031","VP32104","VR91444"
"TA16394","VR91079","VS84588"
"TA16399","VR91079","VS84588"
"TA16395","VR91079","VS84588"
"VF64802","VF64622","VF64595"
"TR40757","TC58632","TC59195"
"TR40759","TC58632","TC59195"
"VT33093","VF64504","C695357"
"VR27872","VF64789","N200716"
"TL36351","J644923","TC58698"
"TJ24770","R639292","TJ24530"
"TJ24880","R63929","TJ24530"
"TS45795","L311897","TR42379"
"TL36246","L311897","TR42378"
"TS47411","Y837301","TS45932"
"TS47410","Y837301","TS45932"
"VZ30001","D471994","TR44232"
"TE03642","Y837301","TS45932"
"VB55674","VX14101","VX14411"
"VR91045","VR91550","VX12661"
"VR91043","VR91550","VX12661"
"VS84581","VJ59774","VX12662"
"TP42982","TL37539","TL39659"
"TS47257","TP27824","TS43535"
"TS47259","TP27824","TS43535"
"TP42844","TL37539","TR40750"
"VR90790","VP32104","VN86999"
"VR90297","VR27089","VP51604"
"VR90299","VR27089","VP51604"
"VR90208","VN56346","VN56492"
"VF64094","VR26276","K578581"
"VF64091","VR26276","K578581"
"VR26977","VP51844","VN56489"
"VX13759","VX13049","VN56493"
"VX13761","VX13049","VN56493"
"VX13251","VX14216","VP32432"
"VR91454","VP51348","VR27156"
"VF64971","VX12663","VN86499"
"TK27393","TL37310","TP27958"
"VR90389","VR27013","VP51731"
"VT34741","VN86699","VF64506"
"VT34740","VN86699","VF64506"
"VT34739","VN86699","VF64506"
"TP25601","20091C147_DAM","TL37538"
"TP41544","N199331","TC58964"
"TP41543","N199331","TC58964"
"TP41546","N199331","TC58964"
"TP41548","N199331","TC58964"
"VT33956","VF64256","VF64149"
"TA16908","VT34380","VT34876"
"TA16909","VT34380","VT34876"
"VR98050","TA15559","TA15057"
"VR26016","VP32956","VP32843"
"VR26020","VP32956","VP32843"
"VR90906","VR27059","VP51448"
"TL37582","TC58655","T640806"
"TP25585","TC58655","VH81892"
"TR42098","TC58655","VH81892"
"TS45561","TC58655","X805407"
"VR27632","VR27157","VR27064"
"VT34711","VS84331","C695336"
"VT33407","VS84332","K604673"
"VT33556","VS84331","C695336"
"VT33548","VS84331","C695336"
"VT33550","VS84331","C695336"
"VR98344","VS84332","VT33691"
"VT33022","VS84323","VX12774"
"VS84415","VX13910","20001W89_SIRE"
"VF64743","VX13910","VP51676"
"VF64355","VS84368","VF64574"
"VF64357","VS84368","VF64574"
"TA16472","N200624","VT34711"
"VR91205","N200708","VF64426"
"TB26574","N200806","VF64420"
"TB26577","N200806","VF64420"
"TB26579","N200806","VF64420"
"TC58263","C695356","VT33548"
"TE80680","C695356","VT33548"
"TE80677","C695356","VT33548"
"TP25604","TL37508","VJ61414"
"TR42305","J644813","TE80267"
"TS45043","TP25601","20111B68_SIRE"
"VZ33751","TS47411","L808718"
"VT34774","VS84489","VF64426"
"VT34777","VS84489","VF64426"
"VS84963","VT33111","VT33548"
"VS84962","VT33111","VT33548"
"TC58275","TB21811","VF64825"
"TC58281","TB21811","VF64825"
"TS46406","TL37748","TE80267"
"TS46407","TL37748","TE80267"
"VR26820","H300536","VP51736"
"VS84719","VR91043","K578002"
"VS84713","VR91043","K578002"
"VS84714","VR91043","K578002"
"TA16833","J745071","VF64743"
"TB21633","20031P13_DAM","TA16399"
"TB21634","20031P13_DAM","TA16399"
"TB27024","R639015","TA16048"
"TC58154","VF64802","R040133"
"TE79225","E985063","VR98344"
"TC59601","TE80266","N200903"
"TC59607","TE80266","N200903"
"TJ27516","TE80266","N200903"
"TS46171","L315886","TR40759"
"TP27044","TS47257","Z630003"
"TP27047","TS47257","Z630003"
"VN87359","VX13759","VR26003"
"VN87356","VX13759","VR26003"
"VF63056","VT34889","VR90745"
"VF63055","VT34889","VR90745"
"TC58193","VR91379","TA16048"
"TV44285","VZ30001","VZ30044"
"VS83074","VR91043","VX12166"
"TA16103","VR91043","VX12166"
"TA16099","VR91043","VX12166"
"VF63738","TA16153","TA16395"
"VF63736","TA16153","TA16395"
"VF63731","TA16153","TA16395"
"VR91992","VX13133","K604710"
"VS83313","K578052","VF64971"
"VT33072","VF64031","VS84430"
"VT33740","VX13906","VT34892"
"VT33739","VX13906","VT34892"
"VT33734","VX13906","VT34892"
"VT33733","VX13906","VT34892"
"TC58014","VX13746","TA16394"
"TC58015","VX13746","TA16394"
"TC58017","VX13746","TA16394"
"TC58018","VX13746","TA16394"
"VX14217","H301801","VR90297"
"VS83344","K604566","VR91045"
"TC58491","VR27872","N200769"
"TC58497","VR27872","N200769"
"TR42288","X239824","TJ24880"
"TX42740","TP42982","Y146228"
"TS47133","Y838931","TS45795"
"TP27950","Y838931","TS45795"
"TP27951","Y838931","TS45795"
"VX12750","VR90987","VR90790"
"TL37292","TP27699","TE03642"
"TX42603","TS47597","TL36246"
"TL37346","TS47257","TS47259"
"TS45163","TS47597","TL36246"
"TS45165","TS47597","TL36246"
"TA16718","C695341","VT34741"
"TA16721","C695341","VT34741"
"TA16723","C695341","VT34741"
"TB26660","TA16754","VF64355"
"TB26658","TA16754","VF64355"
"VX14238","VR27554","VR26977"
"NN87447","VR90840","VR90389"
"VX13776","VR90840","VR90389"
"VF63990","P439105","VT33956"
"TS46427","X239955","TP41543"
"TS46419","X239955","TP41543"
"TR43450","L809646","TP41548"
"TE79390","VF64839","TB26672"
"VR27397","VN87610","VP51737"
"VR27394","VN87610","VP51737"
"TB27262","VR98050","TA15355"
"TJ26161","VR98050","TA15355"
"TJ26160","VR98050","TA15355"
"TJ26165","VR98050","TA15355"
"VN85497","VX14259","VR26020"
"VN85500","VX14259","VR26020"
"VF63505","VX14259","VR26020"
"VF63679","VX14259","VR26020"
"VF63678","VX14259","VR26020"
"VR90626","VR27632","VP51604"
"VS83870","VT33556","C695365"
"TA16661","VS84415","TB26623"
"TA16663","VS84415","TB26623"
"TA16664","VS84415","TB26623"
"TE80606","H300613","TC58154"
"TE80603","H300613","TC58154"
"TE80607","H300613","TC58154"
"TA16651","TB26574","T176396"
"TA16655","TB26574","T176396"
"TK25834","TB26574","P439143"
"TS45925","TR42305","Y034712"
"TX42423","TP27950","20161EX39B_SIRE"
"TP27016","TS47133","Y839272"
"TP27018","TS47133","Y839272"
"TE03625","TS47133","Y839272"
"TB26306","TA15730","VS84713"
"TB26305","TA15730","VS84713"
"TB26303","TA15730","VS84713"
"VF63447","TB21633","VT34549"
"VF63453","TB21633","VT34549"
"VF63451","TB21633","VT34549"
"TE80188","TB21633","VT34549"
"TE80407","VT34052","TC58491"
"TK25890","TE79225","TA15484"
"TS47476","TS46171","TS43594"
"TL38650","VZ30283","TP27044"
"TX42038","TP27951","TR43664"
"PF72503","TY69007","TP27044"
"PF72506","TY69007","TP27044"
"TB26555","F952921","VR91205"
"TC58172","T177519","VS84963"
"TC58178","T177519","VS84963"
"TC58182","T177519","VS84963"
"TC58902","P439175","TA16472"
"TC58907","P439175","TA16472"
"TC58613","N199634","VF63055"
"TJ24837","J644952","TA16663"
"TJ24834","J644952","TA16663"
"TJ24832","J644952","TA16663"
"TS47014","L315401","TJ26160"
"TS47015","L315401","TJ26160"
"TS47057","TS45043","L808903"
"TP42883","Z032157","TS46406"
"TP42886","Z032157","TS46406"
"TP42888","Z032157","TS46406"
"TP27638","20141EX49A_DAM","TS46407"
"TP27639","20141EX49A_DAM","TS46407"
"VR98214","VF63990","VF63745"
"VR98216","VF63990","VF63745"
"TA16670","TC58350","TC58263"
"TE79801","TC58306","TB26579"
"TP42376","TR42428","TS46406"
"TP42433","TS45022","TS46407"
"TS47124","TP25494","TS46406"
"VZ29510","VZ30317","TP27044"
"TA15386","TC58193","VR98112"
"VF64737","VX13776","20011W64_SIRE"
"VF64738","VX13776","20011W64_SIRE"
"VF63658","VN87356","H300020"
"VS83171","VS84719","K578039"
"VS83166","VS84719","K578039"
"VF63841","R040089","TA16833"
"TE80283","R040089","TA16833"
"TE79083","A225396","VS83074"
"TC59399","N199016","TA16833"
"TK25787","N199331","VS83074"
"TJ24728","TC59607","T177651"
"TA16421","VS83406","VS83074"
"TA16420","VS83406","VS83074"
"VF63856","VF63056","VT33791"
"VF63850","VF63056","VT33791"
"VF63851","VF63056","VT33791"
"VF63852","VF63056","VT33791"
"VF63853","VF63056","VT33791"
"TE79305","VF63786","TC58017"
"TC59784","TB26105","TC58015"
"TC59783","TB26105","TC58015"
"VX13525","K578130","VR90626"
"VT34297","VR91992","VR63502"
"VF63817","VT33734","N199007"
"VF63822","VT33734","N199007"
"VF63816","VT33734","N199007"
"TA15407","VR91992","VF64242"
"VT33463","VX13776","VF64772"
"TR43214","VN56887","TL37292"
"TP42251","Y839893","TL37346"
"TV44174","TX42740","TR43185"
"VS84380","VX13776","VX13761"
"VS84381","VX13776","VX13761"
"TK25860","TC58497","TC58369"
"TK25862","TC58497","TC58369"
"TK25863","TC58497","TC58369"
"TB26077","VF64135","VS83344"
"TB26074","VF64135","VS83344"
"TB26071","VF64135","VS83344"
"TK25745","R639201","TB26658"
"TJ24350","R639201","TB26658"
"TC58323","VH21778","TA16718"
"TC58321","VH21778","TA16718"
"VF64680","VR27397","K604695"
"VT34056","N200008","VN85497"
"TP25654","TJ26161","T640819"
"TC58392","VT34327","VS84962"
"TC58394","VT34327","VS84962"
"TA15577","VT34162","VF63679"
"VF64081","VX13525","K578578"
"VF64084","VX13525","K578578"
"TK26156","VF63841","J644805"
"TK26158","VF63841","J644805"
"TJ27613","J644999","TA16655"
"VE32625","VF63841","N199645"
"VE32624","VF63841","N199645"
"VZ29272","TP42886","D473269"
"TA16706","VF64768","VF64738"
"VS84950","VT33316","VF64737"
"TB26600","VT33316","VF64737"
"TB26596","VT33316","VF64737"
"TE79837","VF63447","N200859"
"TE79324","R639015","TB26305"
"TE79326","R639015","TB26305"
"TC59757","TE79801","J644814"
"TC59761","TE79801","J644814"
"TK27052","P439051","TB26306"
"TK27056","P439051","TB26306"
"TK27058","P439051","TB26306"
"TK26384","J644810","TE80603"
"TK26382","J644810","TE80603"
"TK27173","TA16670","N199065"
"TK26910","TE79801","20071EX47_SIRE"
"VZ30114","TP27018","Z630314"
"VZ29489","20171EX39A_DAM","TX42038"
"TP27330","TS47124","Z032576"
"TB21664","TA16421","TA16299"
"TB21667","TA16421","TA16299"
"VF63896","TA16409","VF63658"
"VR98264","TB26122","VF63850"
"TC59481","TE80407","VS83115"
"VE32659","TA15531","TE80603"
"VZ30833","TX42423","TR44427"
"TV44709","TS47476","TS47493"
"TV44714","TS47476","TS47493"
"TE80294","VS84386","VF63852"
"TA15346","F952466","TB26555"
"TK26348","T176814","TC58182"
"TK26344","T176814","TC58182"
"TC59941","N199467","VR98214"
"TB27268","N199441","TA15386"
"TR42079","J644945","TJ24837"
"TS46199","Y033849","TJ24832"
"TS47479","Y838658","TP42376"
"TS47477","Y838658","TP42376"
"TS47198","TS47057","Y161336"
"VT33975","VF64103","VF63658"
"TS47230","TS43593","TP42433"
"TP27067","TE03615","TP27638"
"TE79554","TB26303","TC58907"
"VT33709","VS84380","20021W75_SIRE"
"TA16588","VS83171","VS83127"
"TC59307","TC58812","TE79305"
"TK27513","VF63856","VF63930"
"TK27505","VF63856","VF63930"
"TK26952","VF63856","VF63930"
"TK26950","VF63856","VF63930"
"TL38067","TA15531","TK25863"
"TB21528","VS83166","VS84536"
"VT33008","VS84380","VS83730"
"TB26361","TA15577","VT33944"
"TB26362","TA15577","VT33944"
"TB26367","TA15577","VT33944"
"VR98038","TA15407","N200664"
"VT33937","VT34297","VF64042"
"TK25631","TB26077","TE79069"
"TK25625","TB26077","TE79069"
"TK25667","TE79083","TB26074"
"TP25935","TS47015","TR43450"
"TK26267","TC58392","VT33693"
"TA15513","VT34036","VF64084"
"TA16360","K578055","VF64081"
"TA16355","K578055","VF64081"
"TB27018","KS78055","VF64081"
"TB26283","N200127","VF64081"
"TK25825","TE79324","N200997"
"TK25822","TE79324","N200997"
"TP25168","R639129","TK26910"
"TP25167","R639129","TK26910"
"TR42336","TA15346","L315811"
"TS47562","TS46199","TP26600"
"VZ29878","VS83955","VZ30114"
"TC59744","TC58463","VT33709"
"TL39031","TB27268","TK27488"
"VZ30892","VZ29489","TS45423"
"VZ30893","VZ29489","TS45423"
"VZ29369","VZ29272","VZ29301"
"VZ29373","VZ29272","VZ29301"
"TB26185","P439186","TB21667"
"TK25619","N199312","TB21667"
"TK25624","N199312","TB21667"
"TK26264","J644809","TB26596"
"TA15376","TC58197","VF63896"
"TK27930","TK26233","TB26600"
"TX42064","TS47476","TP27330"
"TJ24668","TS47230","TX42760"
"TJ24672","TS47230","TX42760"
"TB26900","TE80294","20061P2_SIRE"
"TK25711","E985089","TE79326"
"TL38786","TC59761","J644920"
"TL38788","TC59761","J644920"
"TL38790","TC59761","J644920"
"TL38784","TC59761","J644920"
"TC59163","TE79554","TC58049"
"TC59161","TE79554","TC58049"
"TJ24378","TC59607","TK26158"
"TS45976","TV44714","TR43058"
"NC11332","TC59307","TK27056"
"TL37155","TE79837","TJ27916"
"TL37158","TE79837","TJ27916"
"VT33723","N200597","VT33008"
"VS83864","N200597","VT33008"
"VN57382","N200597","VT33008"
"VZ30049","TP28400","TP27067"
"TR44436","Y163161","TS47479"
"VE32643","TK27403","TK26348"
"VE32612","TC59941","TK25815"
"VE32609","TC59941","TK25815"
"TL39126","TK26952","20081O43_SIRE"
"TL39669","TK27505","TC59340"
"TP28756","TB26890","TL38067"
"TP28753","TB26890","TL38067"
"TP28752","TB26890","TL38067"
"TP28755","TB26890","TL38067"
"TC58785","VR98038","T177535"
"TC58781","VR98038","T177535"
"TC58788","VR98038","T177535"
"TK25881","VR98038","TC58792"
"TK25880","VR98038","TC58792"
"TK25873","VR98038","TC58792"
"TK25875","VR98038","TC58792"
"TK25877","VR98038","TC58792"
"TC58132","TA15513","K578014"
"TC58505","VT33723","R040057"
"TC58504","VT33723","R040057"
"TL39117","TK25624","20081MP50_SIRE"
"TL39116","TK25624","20081MP50_SIRE"
"TL39115","TK25624","20081MP50_SIRE"
"TL38938","VZ29878","TL38524"
"TC58583","VS83864","VT33388"
"TC58585","VS83864","VT33388"
"TK26331","TB26693","TC58785"
"TK26332","TB26693","TC58785"
"TR42460","TP25494","TL38788"
"TW77069","VZ30892","20201P2_SIRE"
"TB26140","K604592","TB27018"
"TB26142","K604592","TB27018"
"TJ26069","T640096","TC59161"
"TP25808","TL39031","F459766"
"VS84090","VZ30893","VN56883"
"TB21648","TA16355","TA15522"
"VF63499","TA16355","TA15522"
"TB26723","TE80258","TB27018"
"TB26724","TE80258","TB27018"
"TJ26685","TK25624","TE79613"
"TL39445","TL39031","TP25168"
"TJ27864","T176814","TK25881"
"VZ30447","VZ29373","20181EX55_SIRE"
"TV44405","TP27047","TS45976"
"TL39491","P639129","NC11332"
"TL39083","TE79914","TK25711"
"TP41744","TL37155","TP25108"
"TR42071","TL38790","TJ24778"
"TS46126","TL38786","TR43640"
"TP28791","TL37158","TK25863"
"TP28619","TL39669","N199998"
"TP28615","TL39669","N199998"
"TP28611","TL39669","N199998"
"TP42045","TP28756","K578724"
"TK26987","TC58781","TK26065"
"TC59875","TC58781","TA15376"
"TC59873","TC58781","TA15376"
"TJ24022","TK25875","TK25745"
"TL37614","TJ26069","R639463"
"TR42713","X235586","TL39116"
"TW77264","TW41858","VS84090"
"TC59028","TC58505","T176404"
"VZ33331","TL38938","TY70701"
"TE80317","TC58583","TC58376"
"PT90122","PF72503","VS84090"
"TK27152","T550019","VF63499"
"TK27149","T550019","VF63499"
"TK27148","T550019","VF63499"
"TK27150","T550019","VF63499"
"TB26327","TA16360","TB21648"
"VZ31433","TW77069","TY68576"
"TS47531","TP42153","TL39445"
"TV44271","TV44405","TV44475"
"VZ31429","VZ30447","TY70082"
"TL39940","TS46126","Y031452"
"TE80290","VF64839","TC58504"
"TS47112","TP42045","Y034298"
"TR44120","TP28615","TP41574"
"TJ26252","TK26987","X235608"
"TP28135","X237984","TL37614"
"TP28136","X237984","TL37614"
"TK27374","TS43593","TS47112"
"TK27447","N199447","TE80290"
"TK27442","N199447","TE80290"
"TS45107","Y160479","TS47531"
"PT99197","VZ31433","VZ31419"
"TL37607","TK25769","TK27150"
"TL37779","TK25769","TK27150"
"TX42779","TL39940","Y162795"
"TL36065","TP28135","Y160634"
"TL37674","TL37607","TC58648"
"TK26716","TB26805","TK27447"
"TJ26880","20181SW103_DAM","TS45107"
"TJ26883","20181SW103_DAM","TS45107"
"TR40031","X239576","TL37674"
"TV44238","TS43261","TR40031"
"TS45013","TR42336","TR40031"
"TS45014","TR42336","TR40031"
"VZ30933","TV44769","TV44238"
"VB55885","TX42148","TV44238"
"TS43075","TS43230","TS45013"
"PF71236","VZ33687","VB55885"
